date,btc_close,btc_close_log,combined_zscore,zscore_0_100
2013-04-01,104.79999999999997,4.6520537718869415,0.8175272379760286,70.4381809494007
2013-04-02,123.07800000000002,4.812818300728055,1.0978599804973068,77.44649951243268
2013-04-03,125.59999999999997,4.833102254034098,1.70575081340578,92.64377033514451
2013-04-04,135.70000000000002,4.9104465668408235,1.713332835092012,92.8333208773003
2013-04-05,143.02999999999997,4.9630543984668085,0.9050090354920511,72.62522588730128
2013-04-06,144.32000000000005,4.972033056314314,1.5860795735996647,89.65198933999162
2013-04-07,170.05299999999997,5.1361101531676265,1.136468696166115,78.41171740415287
2013-04-08,191.1,5.252796851246227,1.5289729171603024,88.22432292900756
2013-04-09,234.96,5.459415286890365,1.7374487534291474,93.43621883572868
2013-04-10,170.23800000000006,5.137197457963969,2.127503684950396,100.0
2013-04-11,108.00000000000003,4.68213122712422,-1.1045184755115085,22.387038112212288
2013-04-12,104.10000000000002,4.645351975620923,-4.116120084225487,0.0
2013-04-13,102.50000000000001,4.629862798578463,-3.7391445791695297,0.0
2013-04-14,94.97599999999998,4.5536242281048604,-4.356150217547599,0.0
2013-04-15,61.38200000000001,4.117116632564298,-3.154738534205709,0.0
2013-04-16,73.64,4.299188356364877,-3.433225203229695,0.0
2013-04-17,93.89,4.542123884270456,-3.4079567837213762,0.0
2013-04-18,115.18000000000002,4.7464961220785264,-2.2595864201993807,0.0
2013-04-19,118.55000000000001,4.775334812511415,-1.4841904505109305,12.89523873722674
2013-04-20,128.70000000000002,4.857484114602081,-1.6737379944371904,8.15655013907024
2013-04-21,121.00000000000003,4.795790545596741,-1.1399654957124394,21.500862607189013
2013-04-22,128.05,4.852420812645534,-0.8464663296814652,28.83834175796337
2013-04-23,147.43000000000004,4.993353486861729,-0.4049495009499437,39.876262476251405
2013-04-24,152.3,5.025852259901116,-0.05208969758296256,48.697757560425934
2013-04-25,134.192,4.899271610242056,0.027129192707374447,50.67822981768436
2013-04-26,136.90999999999997,4.9193237756456645,-0.6371377147633327,34.07155713091669
2013-04-27,131.54,4.879310987873205,-1.2656561066221084,18.35859733444729
2013-04-28,136.64999999999998,4.917422912374077,-1.7794537475388903,5.513656311527742
2013-04-29,143.56200000000007,4.966766997639596,-0.9928299422910429,25.179251442723928
2013-04-30,130.06999999999994,4.868072767075649,-0.9808769396915935,25.478076507710163
2013-05-01,115.74899999999997,4.751424053620169,-1.1407665638317854,21.480835904205364
2013-05-02,98.35000000000004,4.5885325448350684,-1.7277652619867645,6.8058684503308875
2013-05-03,95.5,4.5591262474866845,-2.023292170036846,0.0
2013-05-04,118.62999999999998,4.776009405673012,-3.2058545203820485,0.0
2013-05-05,120.33000000000004,4.7902379684500715,-2.1307544541906207,0.0
2013-05-06,106.21000000000002,4.6654182663334485,-1.0211136095677675,24.472159760805813
2013-05-07,115.20000000000002,4.746669748261791,-1.4296095669247528,14.259760826881179
2013-05-08,112.49999999999999,4.722953221644475,-1.3188277131645616,17.02930717088596
2013-05-09,112.80000000000003,4.725616339063959,-0.7699027648193196,30.75243087951701
2013-05-10,115.41000000000004,4.748491005432314,-0.5181627201695042,37.045931995762395
2013-05-11,115.16,4.746322465743975,-1.3483706406550011,16.29073398362497
2013-05-12,114.70000000000002,4.742320024135325,-1.4528647919356465,13.678380201608837
2013-05-13,117.59999999999997,4.767289035464526,-0.3332448645136143,41.668878387159644
2013-05-14,106.07999999999998,4.664193526437552,-0.03792017112239776,49.05199572194006
2013-05-15,111.10000000000001,4.7104306966455844,-0.230272058208975,44.24319854477562
2013-05-16,113.74999999999996,4.7340030578310595,-0.23299739561185473,44.17506510970363
2013-05-17,117.90999999999995,4.769921621588582,0.1430435322973287,53.57608830743321
2013-05-18,118.60000000000002,4.775756486563625,-1.009240132824853,24.768996679378674
2013-05-19,118.09999999999997,4.771531723203316,-0.9578835102557834,26.052912243605412
2013-05-20,118.52999999999997,4.775166093091409,-0.015282520130949717,49.61793699672626
2013-05-21,117.24999999999996,4.764308407326388,-0.006656196418298899,49.83359508954253
2013-05-22,119.52999999999999,4.7835673858898895,0.2509159451780764,56.27289862945191
2013-05-23,124.08999999999997,4.821007108786528,-0.0448679983397689,48.87830004150578
2013-05-24,129.545,4.864028311126295,0.014958697245724573,50.37396743114312
2013-05-25,129.04000000000002,4.8601224338169535,-0.2151800598782818,44.62049850304295
2013-05-26,130.4,4.870606649492553,-0.3274881085263683,41.81279728684079
2013-05-27,125.05,4.828713657323628,0.12966179174921572,53.24154479373039
2013-05-28,126.82000000000002,4.842768758271886,0.3183851484833422,57.95962871208356
2013-05-29,130.17,4.868841288478369,-0.09753620296499776,47.561594925875056
2013-05-30,127.78,4.850310035174197,-0.3722318504461645,40.694203738845886
2013-05-31,128.15000000000003,4.85320145281008,-0.25195873370146254,43.70103165746343
2013-06-01,128.83000000000004,4.858493705803434,-0.48714222876034524,37.821444280991365
2013-06-02,120.49999999999996,4.791649752930709,-0.437375765085709,39.065605872857276
2013-06-03,122.66999999999996,4.80949782304466,-0.7929224286069304,30.176939284826744
2013-06-04,120.44999999999999,4.79123472906088,-0.7016489198575977,32.45877700356006
2013-06-05,120.30000000000003,4.789988622980633,-0.8840517962111791,27.898705094720523
2013-06-06,117.20000000000003,4.763881877142913,-1.4042380251629907,14.894049370925233
2013-06-07,110.20000000000003,4.702296896718814,-1.3436600760088218,16.408498099779457
2013-06-08,108.34999999999998,4.685366727982368,-1.467753611354021,13.306159716149473
2013-06-09,103.00000000000001,4.634728988229636,-1.4586241338972086,13.534396652569786
2013-06-10,105.39999999999999,4.657762636107262,-1.7705937841946278,5.735155395134306
2013-06-11,107.76000000000005,4.679906532102109,-2.0187925105266373,0.0
2013-06-12,108.20000000000003,4.6839813664123815,-1.927782269293758,1.8054432676560483
2013-06-13,99.10000000000001,4.596129441335942,-1.9950570097344533,0.1235747566386669
2013-06-14,99.08000000000003,4.595927604621159,-2.05054082618848,0.0
2013-06-15,100.00000000000004,4.605170185988092,-1.6196540595045732,9.50864851238567
2013-06-16,98.99999999999999,4.59511985013459,-1.5004981133755522,12.487547165611195
2013-06-17,102.02999999999996,4.625266887687213,-1.9122410040400413,2.1939748989989685
2013-06-18,104.41000000000001,4.648325456302019,-1.6345446541110924,9.13638364722269
2013-06-19,105.33999999999999,4.657193214055243,-1.039031716356575,24.024207091085625
2013-06-20,100.81,4.61323755706585,-0.7512946357010708,31.21763410747323
2013-06-21,101.36000000000003,4.618678536012884,-0.3414299553723027,41.46425111569243
2013-06-22,99.11000000000003,4.596230344418617,-1.0599374970046087,23.501562574884783
2013-06-23,101.1,4.616110126026426,-1.1009755780666013,22.475610548334966
2013-06-24,99.48000000000002,4.599956618935204,-0.3902588564403511,40.243528588991225
2013-06-25,98.75,4.592591403781231,-0.29069884628813425,42.73252884279665
2013-06-26,98.32000000000004,4.58822746525778,-0.16963216193106695,45.75919595172333
2013-06-27,95.20000000000003,4.55597994179732,-0.1410573417256339,46.47356645685915
2013-06-28,89.40000000000002,4.493120682179469,-0.1016089712229612,47.45977571942597
2013-06-29,88.51000000000005,4.483115539980786,-1.5074516066644135,12.313709833389662
2013-06-30,89.90000000000003,4.498697941477575,-1.4705390307460344,13.23652423134914
2013-07-01,86.09999999999995,4.455509411433685,-0.33960033585840005,41.509991603539994
2013-07-02,88.13999999999999,4.478926459413841,-0.2702581380428054,43.24354654892987
2013-07-03,74.78999999999998,4.314684186203576,-0.27128757981096563,43.21781050472586
2013-07-04,77.55,4.350922889622548,-0.2953897474532027,42.61525631366994
2013-07-05,66.49999999999999,4.197201947661808,0.12613059832804907,53.15326495820123
2013-07-06,65.13299999999998,4.17643133322021,-2.454267593819124,0.0
2013-07-07,72.49999999999999,4.283586561860629,-2.3778272467004156,0.0
2013-07-08,73.79999999999998,4.301358731606427,-0.12976483297670705,46.75587917558233
2013-07-09,75.03999999999998,4.318021304697969,0.1755418838658398,54.388547096646
2013-07-10,85.72999999999998,4.451202822690664,-0.6913295731121919,32.7167606721952
2013-07-11,88.67000000000002,4.484921613391916,-0.4723399154616569,38.191502113458576
2013-07-12,88.00000000000003,4.477336814478207,-0.2543211249258071,43.641971876854825
2013-07-13,92.05,4.522331907679087,-0.18349619905938036,45.41259502351549
2013-07-14,88.88999999999999,4.487399650253583,-0.07811669007018164,48.04708274824546
2013-07-15,93.55000000000001,4.538496052720099,-0.11337024116892715,47.165743970776816
2013-07-16,92.6,4.528289141652134,-0.25476005061842016,43.630998734539496
2013-07-17,89.25000000000003,4.491441420659749,-0.23519016889932548,44.120245777516864
2013-07-18,84.01999999999997,4.431054865741236,-0.19247646095426074,45.188088476143484
2013-07-19,85.99999999999997,4.454347296253507,-0.5164136215207149,37.08965946198213
2013-07-20,85.65000000000002,4.450269224770129,-0.4312598684609094,39.218503288477265
2013-07-21,86.18000000000002,4.456438132187692,-0.5090150777365186,37.27462305658704
2013-07-22,87.0,4.465908118654584,-0.663352292467341,33.41619268831648
2013-07-23,87.66999999999999,4.473579765600494,-0.734000081045956,31.649997973851097
2013-07-24,87.86999999999998,4.475858449507752,-0.49326035430480664,37.668491142379835
2013-07-25,89.80000000000001,4.497584975308154,-0.7223671047761746,31.940822380595634
2013-07-26,89.26999999999998,4.4916654851912705,-0.6672898671612468,33.317753320968826
2013-07-27,88.27000000000001,4.480400299032142,-0.018468705685853896,49.53828235785365
2013-07-28,92.03999999999999,4.522223265167165,-0.1660845085460508,45.84788728634873
2013-07-29,93.30799999999998,4.535905849086309,-0.5009346787020588,37.47663303244853
2013-07-30,97.95,4.58445714439055,-0.375014436886181,40.62463907784547
2013-07-31,98.00000000000004,4.584967478670572,-0.3256330195108735,41.859174512228165
2013-08-01,96.12000000000005,4.565597410868269,0.11789642249778409,52.94741056244461
2013-08-02,96.26999999999997,4.567156743789875,-0.1932744155199258,45.16813961200186
2013-08-03,96.39999999999998,4.5685062016165,0.2849582120772545,57.12395530193136
2013-08-04,97.0,4.574710978503383,0.1714602008518539,54.28650502129635
2013-08-05,97.60000000000002,4.580877493419047,-0.2882672261189901,42.793319347025246
2013-08-06,97.57000000000004,4.580570069119859,-0.369514153774683,40.76214615563293
2013-08-07,96.89000000000003,4.573576314396913,-0.5355776644068828,36.61055838982793
2013-08-08,94.14999999999998,4.544889255103161,-0.6805548853344636,32.98612786663841
2013-08-09,92.79000000000005,4.530338875365088,-0.6892871441533442,32.7678213961664
2013-08-10,93.60000000000002,4.539030383483547,-0.1682477185972336,45.793807035069165
2013-08-11,94.10000000000002,4.544358046591334,-0.09458851356552518,47.63528716086187
2013-08-12,95.01999999999998,4.554087395758775,-0.4434931853940235,38.91267036514942
2013-08-13,98.38,4.588837531367194,-0.2120232430129767,44.699418924675584
2013-08-14,99.22,4.597339606872903,-0.1607790621004802,45.980523447488
2013-08-15,98.00000000000004,4.584967478670572,-0.40707060416025154,39.82323489599371
2013-08-16,98.24999999999997,4.58751525074937,-0.3627769611234899,40.93057597191275
2013-08-17,98.44999999999997,4.589548805085134,0.19658721296346762,54.914680324086696
2013-08-18,99.51999999999998,4.600358628990869,0.28052839740840524,57.01320993521013
2013-08-19,103.74000000000004,4.6418877689232545,-0.3303078388221291,41.74230402944678
2013-08-20,105.55000000000001,4.65918477429433,-0.3719583957635021,40.70104010591245
2013-08-21,110.81999999999998,4.707907263439203,-0.05206064328840593,48.69848391778985
2013-08-22,108.99999999999997,4.6913478822291435,0.23486929100122306,55.871732275030574
2013-08-23,107.18,4.674509664066704,0.08803178474755119,52.20079461868878
2013-08-24,110.8,4.707726774313183,0.5794677739730774,64.48669434932694
2013-08-25,111.99999999999996,4.718498871295094,0.619580900191651,65.48952250479128
2013-08-26,114.67000000000002,4.742058438050213,0.15870830807931152,53.96770770198279
2013-08-27,118.60000000000002,4.775756486563625,-0.029459968153152216,49.26350079617119
2013-08-28,118.07000000000001,4.771277668919018,0.3113851577181005,57.78462894295251
2013-08-29,118.92000000000004,4.778450998129897,0.6101943808498025,65.25485952124505
2013-08-30,125.29999999999998,4.8307108619020225,0.5793951571844245,64.48487892961062
2013-08-31,128.19999999999996,4.853591544486569,1.242197127305327,81.05492818263318
2013-09-01,128.70000000000002,4.857484114602081,1.3464456032012833,83.66114008003208
2013-09-02,130.17999999999995,4.868918108144241,0.9229169594575977,73.07292398643995
2013-09-03,129.19,4.86128418897221,0.852675582176124,71.31688955440309
2013-09-04,122.07000000000001,4.804594650681708,0.6259516680462154,65.64879170115539
2013-09-05,123.09000000000005,4.812915795122205,0.6195909341904865,65.48977335476216
2013-09-06,116.94999999999997,4.761746493030188,0.29087715283436877,57.271928820859216
2013-09-07,120.69999999999999,4.793308128103486,0.06800084009461142,51.70002100236528
2013-09-08,117.05999999999996,4.7626866238630745,0.175195321445374,54.379883036134345
2013-09-09,121.19999999999995,4.797442073635214,-0.08903969562278106,47.77400760943048
2013-09-10,123.01999999999994,4.812346943780222,0.01193379649282901,50.29834491232072
2013-09-11,127.16000000000001,4.845446136042602,-0.14297946783387333,46.425513304153164
2013-09-12,127.81000000000003,4.850544786143623,0.00041763559734142586,50.01044088993354
2013-09-13,127.539,4.848422200178953,-0.07929788202323604,48.0175529494191
2013-09-14,123.27000000000004,4.814377071563428,0.3930880911224546,59.827202278061364
2013-09-15,125.17999999999996,4.829752701496555,0.14212633918880635,53.55315847972015
2013-09-16,125.76700000000004,4.834430988709457,-0.2814612492050834,42.96346876987292
2013-09-17,127.07000000000001,4.844738115716443,-0.31326480169304577,42.16837995767386
2013-09-18,127.67000000000003,4.84944880983226,-0.7783687390464641,30.5407815238384
2013-09-19,125.00000000000004,4.8283137373023015,-0.7014782380510953,32.463044048722615
2013-09-20,123.29999999999995,4.814620410170298,-0.721165192872141,31.970870178196474
2013-09-21,123.22999999999996,4.8140525279500315,-0.13242985894912743,46.68925352627181
2013-09-22,123.46999999999997,4.815998211579652,-0.09875747692439786,47.53106307689005
2013-09-23,122.38000000000004,4.807130958034395,-0.7109975861595743,32.22506034601064
2013-09-24,124.88000000000001,4.827353276207177,-0.6044901272529153,34.887746818677115
2013-09-25,123.60000000000005,4.817050545023591,-0.6883681490152548,32.79079627461863
2013-09-26,125.10000000000002,4.829113417472866,-0.5570775594510186,36.07306101372454
2013-09-27,125.16999999999996,4.829672813339932,-0.6444608186604619,33.88847953348845
2013-09-28,127.02000000000004,4.844344554374829,0.0360590121645172,50.90147530411293
2013-09-29,126.82000000000002,4.842768758271886,0.03333127414131183,50.833281853532796
2013-09-30,126.5,4.840242308167575,-0.5807208158306415,35.481979604233956
2013-10-01,127.69999999999999,4.8496837630384935,-0.6091928763097098,34.770178092257254
2013-10-02,105.5,4.658710952916121,-0.6832698158921345,32.91825460269664
2013-10-03,119.50000000000003,4.783316371371566,-1.4296396838633258,14.259007903416855
2013-10-04,121.61999999999998,4.800901429691963,-0.7269155626366619,31.827110934083453
2013-10-05,121.05000000000004,4.796203683384068,-0.20124782570648567,44.96880435733786
2013-10-06,122.50000000000004,4.808111029984782,-0.23313015000427828,44.17174624989304
2013-10-07,123.84000000000002,4.818990409841417,-0.6593165908158285,33.51708522960429
2013-10-08,125.00000000000004,4.8283137373023015,-0.5667045954880856,35.83238511279786
2013-10-09,126.70000000000003,4.841822087327094,-0.30574782192613686,42.356304451846576
2013-10-10,126.96000000000001,4.843872076218154,-0.22496207860741818,44.37594803481454
2013-10-11,127.04000000000005,4.844501997498826,-0.2065077984128119,44.837305039679705
2013-10-12,127.83999999999997,4.850779482017964,0.009494326407082532,50.23735816017706
2013-10-13,138.03999999999996,4.927543498229802,0.027446715429672933,50.68616788574183
2013-10-14,134.52,4.901712886872069,-0.09165381457593125,47.70865463560172
2013-10-15,143.93000000000006,4.96932707027458,0.04558462314463327,51.139615578615825
2013-10-16,138.9,4.933754249760298,0.22888458852558252,55.72211471313956
2013-10-17,144.04000000000002,4.970091038780675,-0.3766829025440429,40.58292743639893
2013-10-18,154.04000000000005,5.0372123089467085,-0.26158476213121024,43.460380946719745
2013-10-19,168.10000000000002,5.12455904041457,1.0506936200456305,76.26734050114077
2013-10-20,167.85999999999996,5.123130298654681,1.6049183869478767,90.12295967369693
2013-10-21,184.09,5.215424768458471,0.23626765208748313,55.906691302187085
2013-10-22,194.06999999999996,5.268218918724004,0.20493933874610903,55.12348346865272
2013-10-23,208.10000000000005,5.338018733399589,0.9038488150449904,72.59622037612476
2013-10-24,185.2,5.221436322212079,1.0935002761027952,77.33750690256988
2013-10-25,180.09999999999997,5.19351225218191,0.15828151252369294,53.95703781309232
2013-10-26,182.06999999999994,5.204391228515873,0.7473709468903694,68.68427367225924
2013-10-27,193.45999999999992,5.265070772754401,0.41630000177090576,60.407500044272645
2013-10-28,197.0,5.2832037287379885,-0.008958700687479448,49.776032482813015
2013-10-29,203.89000000000001,5.317580632728883,0.16240043007862076,54.060010751965514
2013-10-30,200.74999999999994,5.302060352826871,0.33780850104292837,58.445212526073206
2013-10-31,202.20000000000002,5.309257306586371,0.4632219031392505,61.58054757848126
2013-11-01,202.99999999999997,5.313205979041787,0.8045355674544832,70.11338918636207
2013-11-02,204.79999999999998,5.322033893165353,0.6668140160571218,66.67035040142805
2013-11-03,212.1999999999999,5.357529226179882,0.6498334581629709,66.24583645407427
2013-11-04,230.46000000000006,5.440077311585869,0.6756933292040734,66.89233323010184
2013-11-05,252.0999999999999,5.529825834193874,0.9476494699957481,73.6912367498937
2013-11-06,273.8999999999999,5.612763076269032,0.9395438890683326,73.48859722670832
2013-11-07,300.09000000000003,5.704082429665199,1.358828081776001,83.97070204440003
2013-11-08,331.20399999999995,5.8027344997328605,1.9002398189968899,97.50599547492224
2013-11-09,301.88099999999986,5.7100328999857135,3.0206575436683845,100.0
2013-11-10,323.162,5.77815374547712,2.428700089837882,100.0
2013-11-11,351.11,5.861099564682769,1.4743338487570756,86.8583462189269
2013-11-12,361.2,5.88943182154283,1.6766710818787123,91.91677704696781
2013-11-13,408.57000000000005,6.012663258248976,1.2371931371168834,80.92982842792209
2013-11-14,417.08000000000004,6.0332780499213925,1.8660263529700365,96.65065882425091
2013-11-15,428.95999999999987,6.061363674487649,1.7361026473224397,93.402566183061
2013-11-16,444.6699999999999,6.0973324340312365,1.7654565065085237,94.13641266271308
2013-11-17,530.2499999999998,6.2733485934447915,1.9875554528653314,99.68888632163329
2013-11-18,740.3699999999999,6.607150061239866,1.7737089434684241,94.3427235867106
2013-11-19,512.6999999999999,6.239690878789655,2.939437242514719,100.0
2013-11-20,603.12,6.4021161819034464,1.2691872905883317,81.72968226470829
2013-11-21,704.2999999999997,6.557204401751364,1.2957718797740077,82.39429699435019
2013-11-22,817.3999999999997,6.706128571130177,2.0807969462787934,100.0
2013-11-23,755.1999999999998,6.626982614831291,2.732142511124527,100.0
2013-11-24,814.2000000000004,6.702206036068879,2.2811173549145733,100.0
2013-11-25,835.2999999999997,6.72779094176186,0.99805874300609,74.95146857515225
2013-11-26,915.4600000000003,6.8194266711884435,0.6808424528637665,67.02106132159416
2013-11-27,962.3,6.869326252362355,0.6309223801053953,65.77305950263488
2013-11-28,1025.5000000000005,6.932935577512436,0.4771143207714417,61.92785801928604
2013-11-29,1140.3499999999997,7.039090511812159,0.42708826909593733,60.677206727398435
2013-11-30,1081.7610000000002,6.986345547761405,1.0021560059067,75.0539001476675
2013-12-01,1020.5,6.9280479822498995,0.6386630244182809,65.96657561045703
2013-12-02,1023.31,6.930797750350248,-0.018478576188533435,49.538035595286665
2013-12-03,1060.2999999999997,6.966307165931752,-0.032635529857602874,49.184111753559925
2013-12-04,1127.6,7.027846759239957,-0.04304267720499004,48.92393306987525
2013-12-05,981.4100000000001,6.888990313129058,-0.12569099475445925,46.857725131138515
2013-12-06,735.1999999999999,6.600142571041477,-0.49196620562752985,37.70084485931176
2013-12-07,693.1999999999998,6.541318557841451,-1.7913563833918025,5.216090415204938
2013-12-08,830.4299999999997,6.721943638926684,-2.4235749973776044,0.0
2013-12-09,912.2999999999996,6.815968883351428,-1.147768061418707,21.305798464532327
2013-12-10,960.3699999999998,6.867318626874623,-0.8787246792385053,28.03188301903737
2013-12-11,875.5000000000001,6.774795151725907,-0.6847449329121215,32.88137667719696
2013-12-12,893.2599999999996,6.794877691915022,-0.7494361063003442,31.264097342491393
2013-12-13,872.2999999999996,6.771133401439172,-0.762372235012941,30.940694124676472
2013-12-14,832.75,6.724733477073789,-1.2384698685919746,19.038253285200636
2013-12-15,858.5599999999998,6.755256567237259,-1.322023299762532,16.949417505936697
2013-12-16,660.2000000000002,6.492542819419093,-0.7633076619550604,30.917308451123493
2013-12-17,637.1700000000001,6.457036495948265,-1.6279797738203876,9.30050565449031
2013-12-18,541.28,6.293936705032398,-1.299205121135016,17.5198719716246
2013-12-19,691.3499999999999,6.538646207834627,-1.835522803261443,4.111929918463924
2013-12-20,620.3000000000002,6.430203231979072,-0.7834062454278452,30.41484386430387
2013-12-21,594.1399999999998,6.387114981827755,-2.2967649925732667,0.0
2013-12-22,642.2199999999998,6.464930924116604,-2.27821949847721,0.0
2013-12-23,653.7800000000002,6.482770903427599,-0.9279324388752325,26.801689028119192
2013-12-24,641.1900000000002,6.463325824855829,-0.6870448256460235,32.82387935884941
2013-12-25,690.2200000000003,6.53701038735216,-0.6605394273109682,33.4865143172258
2013-12-26,723.5,6.5841005460715385,-0.6195229885607871,34.51192528598032
2013-12-27,717.6999999999998,6.576051654436026,-0.4732442792339066,38.168893019152335
2013-12-28,710.4000000000001,6.56582819167796,-1.0939950089924206,22.650124775189482
2013-12-29,734.9999999999999,6.5998704992128365,-1.0901410060410155,22.746474848974614
2013-12-30,719.1100000000002,6.578014336283486,-0.6974972543838328,32.56256864040418
2013-12-31,745.6800000000001,6.614296553752902,-0.5041892929621719,37.3952676759457
2014-01-01,748.8700000000002,6.618565403700111,-0.5421403596973822,36.44649100756545
2014-01-02,778.9800000000001,6.657985371600217,-0.14283005371558052,46.42924865711049
2014-01-03,796.4099999999997,6.680114128615478,0.13515499738169978,53.378874934542495
2014-01-04,840.4000000000001,6.7338779689708455,-0.30137284941590436,42.46567876460239
2014-01-05,944.4700000000001,6.850623923599635,-0.23866667273540318,44.03333318161492
2014-01-06,927.2099999999998,6.832180077127003,0.31260045603866127,57.81501140096653
2014-01-07,806.3200000000003,6.692480686046623,0.43728997736887665,60.932249434221916
2014-01-08,825.5000000000002,6.715989263360183,0.1686839242115898,54.21709810528974
2014-01-09,809.2399999999997,6.696095535609213,0.09949337003542866,52.48733425088572
2014-01-10,868.9000000000003,6.767228043845161,-0.07658008116843405,48.08549797078915
2014-01-11,882.4000000000003,6.782645467939293,-0.2353005362028183,44.117486594929545
2014-01-12,830.4799999999998,6.72200384688499,-0.03913249326593025,49.021687668351746
2014-01-13,828.7499999999999,6.719918541500072,-0.1054400855746044,47.36399786063489
2014-01-14,824.2,6.714413218904717,-0.11052566771109179,47.236858307222704
2014-01-15,842.5299999999997,6.736409269901161,0.08479881478863166,52.119970369715794
2014-01-16,805.3000000000003,6.6912148788015,0.07302433029731484,51.825608257432876
2014-01-17,810.4,6.697527952934474,0.13770411290614248,53.44260282265356
2014-01-18,799.23,6.683648764167366,-0.6810190945418051,32.97452263645487
2014-01-19,841.5099999999999,6.735197897101547,-0.5434587942220379,36.413530144449055
2014-01-20,825.2300000000001,6.7156621353593495,0.2031930030783024,55.079825076957555
2014-01-21,820.85,6.710340388740527,0.10975884704153252,52.743971176038315
2014-01-22,819.1299999999997,6.7082428014155004,0.1402423062935984,53.50605765733996
2014-01-23,784.1999999999999,6.664664089858231,-0.34178093308761215,41.4554766728097
2014-01-24,793.1999999999999,6.676075396645641,-0.36498492274188943,40.87537693145277
2014-01-25,804.7000000000003,6.6904695371520875,-0.6741020496604394,33.14744875848902
2014-01-26,820.2399999999999,6.709596980361836,-0.49838307187335085,37.54042320316623
2014-01-27,756.1000000000001,6.628173642564224,-0.2842561989775867,42.89359502556033
2014-01-28,788.9500000000003,6.670702947481678,-0.40608365645388017,39.847908588653
2014-01-29,794.3400000000001,6.677511581177621,-0.29151899796879716,42.71202505078007
2014-01-30,803.3000000000003,6.688728243179767,0.0337846386881035,50.844615967202586
2014-01-31,804.2300000000004,6.689885297920587,0.17298327339619532,54.32458183490488
2014-02-01,817.1999999999999,6.705883862943467,-0.38212584414153183,40.446853896461704
2014-02-02,810.6999999999997,6.697898071993661,-0.3176155012918837,42.059612467702905
2014-02-03,805.1999999999997,6.691090693765636,0.09327736593465516,52.33193414836638
2014-02-04,801.9,6.686983911812983,0.10938107595053084,52.73452689876327
2014-02-05,785.8000000000002,6.66670230712436,0.009687688441712944,50.24219221104283
2014-02-06,731.8699999999999,6.595602902560925,-0.2241935518674616,44.395161203313464
2014-02-07,704.05,6.556849376363321,-0.44236103707359004,38.94097407316025
2014-02-08,694.3,6.542904143759228,-1.034173980315738,24.14565049210655
2014-02-09,690.7700000000002,6.537806917419835,-1.2015548292491665,19.96112926877084
2014-02-10,710.5999999999999,6.566109683586927,-0.6296668099191436,34.25832975202141
2014-02-11,671.3000000000002,6.509216130944706,-0.6182453598524522,34.54386600368869
2014-02-12,652.1159999999999,6.480222460212244,-0.5829667229474422,35.42583192631395
2014-02-13,609.2000000000002,6.412146621021007,-0.8919892949997362,27.700267625006592
2014-02-14,635.6000000000003,6.454569434662561,-1.0983039212841155,22.542401967897113
2014-02-15,665.2999999999997,6.500238066747841,-0.8897703478613442,27.755741303466397
2014-02-16,613.1,6.418528054768642,-0.944805272413271,26.379868189668226
2014-02-17,643.2000000000002,6.466455717864757,-0.9469179803497254,26.327050491256866
2014-02-18,626.5799999999999,6.440276459719512,-0.9645565214101359,25.886086964746603
2014-02-19,627.1999999999999,6.441265469036198,-0.7834965213920083,30.412586965199793
2014-02-20,551.3000000000001,6.312279125595638,-0.693138029718131,32.67154925704673
2014-02-21,573.3000000000002,6.351409139914337,-0.9024774161268129,27.43806459682968
2014-02-22,620.1799999999998,6.430009758484337,-1.1366734648827859,21.583163377930354
2014-02-23,585.2999999999998,6.372124536297175,-0.8612624145883729,28.468439635290675
2014-02-24,460.2300000000002,6.131726364524792,-0.636214214154863,34.09464464612842
2014-02-25,560.5,6.328829242512215,-0.9221823706187878,26.9454407345303
2014-02-26,584.1999999999998,6.37024338995364,-0.6928863457338361,32.6778413566541
2014-02-27,575.299,6.354889905644201,-0.5212866832615495,36.96783291846126
2014-02-28,560.2399999999999,6.328365263347262,-0.8605550511375308,28.48612372156173
2014-03-01,565.0479999999998,6.336910683290117,-0.9391478086659675,26.521304783350814
2014-03-02,576.9600000000002,6.357772940014953,-0.7399215040338541,31.501962399153648
2014-03-03,666.9000000000001,6.502640109638261,-0.6692585703881517,33.26853574029621
2014-03-04,664.3099999999997,6.498748907997604,-0.05974635169839515,48.506341207540125
2014-03-05,667.7,6.503838970863823,-0.11295740208728464,47.176064947817885
2014-03-06,658.21,6.489524029344299,-0.43440490251459046,39.13987743713524
2014-03-07,620.32,6.430235473922619,-0.38867087352631813,40.28322816184205
2014-03-08,614.6190000000001,6.421002563634424,-0.326620822140397,41.83447944649007
2014-03-09,639.3000000000001,6.460373827772681,-0.3911752506443448,40.22061873389138
2014-03-10,627.0000000000001,6.440946540632921,-0.5513701175285126,36.215747061787184
2014-03-11,636.3,6.455670150238746,-0.5402229511644079,36.4944262208898
2014-03-12,638.12,6.458526353432797,-0.6178697945739142,34.553255135652144
2014-03-13,641.8999999999999,6.464432528317732,-0.59018213596716,35.245446600821
2014-03-14,631.4839999999998,6.448072604969175,-0.6465298586932967,33.836753532667586
2014-03-15,635.6000000000003,6.454569434662561,-0.30863730830267677,42.28406729243308
2014-03-16,631.1999999999998,6.447622769531664,-0.21861228609782668,44.53469284755434
2014-03-17,620.3000000000002,6.430203231979072,-0.6311840413462796,34.22039896634301
2014-03-18,618.4700000000001,6.427248686209923,-0.6461019715294302,33.847450711764246
2014-03-19,601.2,6.3989276578788195,-0.19065545204485765,45.233613698878564
2014-03-20,582.4,6.367157496882476,-0.06964140737052447,48.25896481573689
2014-03-21,572.8000000000001,6.350536615646436,-0.21453088461209108,44.63672788469773
2014-03-22,558.6699999999998,6.325558958943231,-0.6540300064053992,33.64924983986502
2014-03-23,556.2,6.3211279417998645,-0.653501800464738,33.662454988381555
2014-03-24,575.0000000000001,6.354370040797351,-0.4056872218044269,39.857819454889324
2014-03-25,570.3399999999999,6.346232674226486,-0.264611350603304,43.3847162349174
2014-03-26,570.2999999999998,6.346162538162493,-0.20288533425769567,44.92786664355761
2014-03-27,508.3000000000001,6.231071824452857,-0.1185363933243811,47.03659016689048
2014-03-28,500.1100000000002,6.214828074225741,-0.5129853236434554,37.17536690891362
2014-03-29,486.0340000000001,6.186278580301225,-0.9990563984313807,25.02359003921548
2014-03-30,470.2899999999999,6.153349525701339,-1.0220846271267037,24.447884321832408
2014-03-31,465.1300000000001,6.1423169364074495,-0.5820475502198713,35.44881124450322
2014-04-01,476.6999999999998,6.16688736221078,-0.5744612006714549,35.638469983213625
2014-04-02,430.49999999999983,6.064947323867785,-0.32252616087291097,41.93684597817723
2014-04-03,434.3999999999999,6.0739657686197255,-0.32881585111140715,41.77960372221482
2014-04-04,450.3500000000001,6.110025058229752,-0.28386236603801795,42.90344084904955
2014-04-05,461.13799999999986,6.133697347441385,-0.2599999120098625,43.50000219975344
2014-04-06,456.20000000000016,6.122931309850288,-0.7600918205991052,30.99770448502237
2014-04-07,456.2200000000002,6.122975149310193,-0.29596780901543784,42.600804774614055
2014-04-08,451.68999999999994,6.112996103827938,-0.6403543703639152,33.99114074090212
2014-04-09,427.2199999999999,6.0572991030295285,-0.7499914530007454,31.250213674981364
2014-04-10,374.1000000000001,5.924523141354101,-0.8365170690503716,29.08707327374071
2014-04-11,438.1999999999999,6.082675427161366,-1.1801706954808622,20.495732612978447
2014-04-12,426.38000000000017,6.055330967436396,-0.8159515596594122,29.601211008514696
2014-04-13,409.9,6.015913227510292,-0.7354617659094745,31.61345585226314
2014-04-14,456.14999999999975,6.122821702791483,-0.5501404452306747,36.246488869233126
2014-04-15,518.5999999999999,6.251132873104564,-0.21369807167429467,44.657548208142636
2014-04-16,524.9199999999998,6.2632458700280855,0.2109490622162025,55.27372655540507
2014-04-17,495.27900000000005,6.205121240149013,0.2791561770118433,56.978904425296086
2014-04-18,475.20000000000016,6.1637357680484355,0.04995069003229316,51.248767250807326
2014-04-19,515.2399999999999,6.244632811527887,0.012439436836232064,50.31098592090581
2014-04-20,509.59999999999997,6.2336261042579535,0.29421086709470456,57.35527167736761
2014-04-21,504.03999999999996,6.222655630001492,0.14654733087347696,53.66368327183692
2014-04-22,493.60000000000014,6.201725472591178,0.07703813077367963,51.925953269341996
2014-04-23,491.74000000000024,6.197950121526049,0.0045087689544278525,50.112719223860694
2014-04-24,473.7399999999999,6.160658647994436,-0.0515530060339992,48.71117484915002
2014-04-25,453.33000000000015,6.116620337093779,0.023977020423161008,50.599425510579024
2014-04-26,456.1300000000001,6.122777856603903,-0.19213119741817788,45.19672006454555
2014-04-27,430.09999999999997,6.064017739789691,-0.2603574996231942,43.49106250942014
2014-04-28,434.6800000000001,6.074610128194651,-0.39157984815073216,40.21050379623169
2014-04-29,447.9800000000001,6.10474858856132,-0.26033339499227964,43.49166512519301
2014-04-30,457.1999999999998,6.125120931920655,-0.414357201219281,39.64106996951797
2014-05-01,457.53000000000003,6.125842456336202,-0.3676333864188257,40.80916533952936
2014-05-02,446.5999999999999,6.101663339406057,-0.2720783917806987,43.198040205482535
2014-05-03,441.1,6.089271607110894,-0.1687310067141087,45.78172483214728
2014-05-04,434.1999999999999,6.073505257444191,-0.3290673325792685,41.77331668551829
2014-05-05,422.1000000000001,6.045242252788453,-0.38583282001944086,40.354179499513975
2014-05-06,431.4999999999999,6.067267510523482,-0.6502246663514576,33.744383341213556
2014-05-07,448.09999999999997,6.105016421792097,-0.5451524215152206,36.37118946211949
2014-05-08,445.2999999999999,6.098748212327656,-0.2795096357903251,43.012259105241874
2014-05-09,453.13,6.116179060030818,0.04191568479336992,51.047892119834245
2014-05-10,454.99999999999994,6.12029741895095,0.030820656640470963,50.77051641601178
2014-05-11,437.36000000000007,6.080756654586744,0.09600252944763918,52.400063236190974
2014-05-12,437.4699999999999,6.08100813201797,0.053181478708701574,51.32953696771754
2014-05-13,441.59999999999985,6.090404494962885,0.23505473182102743,55.876368295525694
2014-05-14,448.22999999999985,6.105306493531103,0.1683194756012309,54.20798689003077
2014-05-15,445.3700000000001,6.098905397368456,0.17854107084315954,54.46352677107898
2014-05-16,449.7300000000001,6.108647402692333,0.21222008876364998,55.30550221909125
2014-05-17,447.00000000000017,6.102558594613569,0.06897159693383757,51.724289923345935
2014-05-18,447.9800000000001,6.10474858856132,0.08213139369745653,52.05328484243641
2014-05-19,460.6699999999999,6.132681951523341,0.18629926103382582,54.65748152584564
2014-05-20,493.3000000000002,6.201117508239693,0.19766147268482806,54.941536817120706
2014-05-21,494.6000000000002,6.203749355087316,0.51068939131181,62.76723478279524
2014-05-22,527.2600000000002,6.2676937855137815,0.6184562710345474,65.46140677586368
2014-05-23,517.4000000000001,6.248816269751929,0.9006647628869202,72.516619072173
2014-05-24,537.2999999999998,6.2865565977347755,0.989332698212467,74.73331745531168
2014-05-25,580.1699999999998,6.363321164042317,0.9821034415693598,74.55258603923399
2014-05-26,584.1900000000003,6.370226272381597,1.0364503625932335,75.91125906483084
2014-05-27,576.1699999999997,6.3564027560398655,1.085096657911749,77.12741644779373
2014-05-28,568.5000000000001,6.343001313190591,1.0493145684384477,76.2328642109612
2014-05-29,576.1999999999999,6.356454822650428,0.9744953497121135,74.36238374280283
2014-05-30,619.2500000000002,6.428509068369469,0.7753614640462145,69.38403660115536
2014-05-31,645.8999999999997,6.470644693038427,1.5354403049447254,88.38600762361814
2014-06-01,640.9,6.462873438510181,1.4973405003150237,87.43351250787559
2014-06-02,666.0699999999999,6.50139477012234,1.1232298711674558,78.0807467791864
2014-06-03,632.2000000000002,6.4492057997815175,1.1535258598992828,78.83814649748206
2014-06-04,644.7999999999998,6.468940191192418,1.212932873581367,80.32332183953417
2014-06-05,657.1999999999998,6.487988386163113,0.7462126922331531,68.65531730582883
2014-06-06,653.9000000000002,6.4829544345672305,0.8310170496005324,70.7754262400133
2014-06-07,656.7,6.487227293196927,1.0634270847655627,76.58567711913906
2014-06-08,656.4600000000003,6.486861762716754,1.0586697104825031,76.46674276206258
2014-06-09,647.3500000000003,6.472887106504657,0.8129968220175725,70.3249205504393
2014-06-10,650.1800000000002,6.477249247630488,0.8309531564428331,70.77382891107082
2014-06-11,639.3300000000002,6.4604207529973445,0.7582026577614018,68.95506644403504
2014-06-12,597.3999999999997,6.392586905782009,0.4702627670138749,61.756569175346876
2014-06-13,602.1999999999999,6.400589616047633,0.20735162546540176,55.183790636635045
2014-06-14,571.5199999999999,6.348299478248079,0.027622018164363507,50.690550454109086
2014-06-15,591.3,6.382323502826784,-0.19572118852852044,45.10697028678699
2014-06-16,595.7000000000002,6.389737184634642,0.07071797795976215,51.76794944899405
2014-06-17,614.6000000000001,6.4209716496963845,0.17953350159945683,54.48833753998642
2014-06-18,607.7899999999997,6.409829427566824,0.12261481575622862,53.06537039390572
2014-06-19,597.6699999999998,6.393038762166311,0.04487772979815823,51.12194324495396
2014-06-20,585.3500000000001,6.372209958925682,-0.011803124384418386,49.70492189038954
2014-06-21,605.8100000000001,6.4065664055549485,-0.031150957032791582,49.221226074180215
2014-06-22,596.1000000000003,6.390408438225881,-0.015680622472114665,49.607984438197136
2014-06-23,587.1399999999998,6.375263292243078,-0.03397949046960685,49.15051273825983
2014-06-24,581.0599999999997,6.36485402174366,-0.05148308193126237,48.71292295171844
2014-06-25,574.3999999999999,6.353326017734014,-0.18947103973570822,45.263224006607295
2014-06-26,584.1900000000003,6.370226272381597,-0.26402208583481246,43.39944785412969
2014-06-27,599.7999999999998,6.3965962663149085,-0.27753512739866515,43.06162181503337
2014-06-28,601.6000000000001,6.39959277263563,0.09772555400351761,52.44313885008795
2014-06-29,599.2200000000003,6.395628809483099,0.023525978736839055,50.58814946842097
2014-06-30,656.4499999999999,6.486846529380119,-0.353188284922641,41.17029287693398
2014-07-01,642.6000000000001,6.465522446681758,-0.10669873729582519,47.33253156760437
2014-07-02,647.8999999999999,6.473736363455911,0.004276417980143304,50.10691044950358
2014-07-03,647.7,6.4734276261888715,0.22770869649762743,55.692717412440686
2014-07-04,633.65,6.451496751528073,0.22439880941207732,55.60997023530193
2014-07-05,636.6199999999998,6.456172931256785,0.20908059588796915,55.22701489719923
2014-07-06,637.8799999999998,6.458150177879771,0.1877691676421574,54.694229191053935
2014-07-07,626.2,6.4396698088923054,0.09357237474216723,52.339309368554176
2014-07-08,625.17,6.438023612751108,-0.01449283098348763,49.63767922541281
2014-07-09,625.6799999999998,6.438839058293356,-0.1086758274700884,47.28310431324779
2014-07-10,618.6999999999998,6.427620502536943,-0.05717329191212383,48.57066770219691
2014-07-11,639.9200000000002,6.461343168540567,-0.03598911544423899,49.10027211389403
2014-07-12,629.6,6.445084697103193,0.15599387591312736,53.89984689782818
2014-07-13,624.8000000000002,6.437431598525476,0.16795946461370242,54.19898661534256
2014-07-14,618.84,6.427846757850868,0.009805667165775155,50.24514167914438
2014-07-15,620.01,6.429735606941324,0.10500732643623509,52.62518316090588
2014-07-16,614.9899999999998,6.421606007511718,0.22675224829791496,55.66880620744787
2014-07-17,624.1100000000002,6.436326634884855,0.18267811808125595,54.5669529520314
2014-07-18,626.6800000000002,6.4404360435252865,0.19838154956360265,54.959538739090064
2014-07-19,625.3999999999999,6.438391445023741,0.07639112870718244,51.90977821767956
2014-07-20,619.0999999999999,6.428266810525186,0.05389317455635191,51.3473293639088
2014-07-21,623.2,6.4348674945565385,0.2286173609996311,55.71543402499077
2014-07-22,618.5000000000002,6.427297191832543,0.355063843276896,58.87659608192239
2014-07-23,618.3999999999997,6.427135497273212,0.35150636844492267,58.787659211123064
2014-07-24,604.1999999999998,6.403905268952571,0.3749181322586522,59.3729533064663
2014-07-25,597.0000000000001,6.391917113392602,0.3891119576935197,59.727798942338
2014-07-26,593.1700000000001,6.385481035822403,-0.24019225625756602,43.99519359356085
2014-07-27,581.0899999999999,6.364905650190947,-0.2982710213995782,42.543224465010546
2014-07-28,586.1699999999997,6.373609849894529,0.3108996678104981,57.77249169526245
2014-07-29,580.7999999999998,6.364406463510586,0.42963890921071024,60.74097273026775
2014-07-30,566.1999999999998,6.338947372677799,0.5349554268458355,63.37388567114589
2014-07-31,582.8,6.36784407432105,0.44412294848375056,61.10307371209376
2014-08-01,595.6000000000001,6.389569300809854,0.40162481812996564,60.04062045324914
2014-08-02,581.5999999999999,6.3657829262193095,-0.14517077674382647,46.37073058140434
2014-08-03,586.0500000000001,6.373405110169189,-0.20947435724706015,44.7631410688235
2014-08-04,582.3199999999999,6.3670201248100025,0.42727529653893215,60.681882413473296
2014-08-05,579.3799999999998,6.361958566272094,0.5844408808608177,64.61102202152045
2014-08-06,581.7899999999998,6.366109557876259,0.4098815031682862,60.24703757920715
2014-08-07,594.9,6.38839332419386,0.47644906511084706,61.91122662777118
2014-08-08,584.8900000000001,6.371423795363178,0.3581044442807681,58.9526111070192
2014-08-09,586.1999999999998,6.373661028276792,-0.16973913281096686,45.75652167972583
2014-08-10,587.29,6.375518735310465,-0.1612495810944406,45.968760472638984
2014-08-11,571.0000000000001,6.3473892096560105,0.4243437766016671,60.60859441504167
2014-08-12,566.1500000000001,6.338859060760049,0.3613092660058266,59.032731650145664
2014-08-13,536.24,6.284581822049702,0.3842242176885611,59.60560544221403
2014-08-14,512.6000000000003,6.239495813929971,0.2510586079190969,56.27646519797742
2014-08-15,489.1000000000001,6.192566967545312,-0.13136838199358936,46.71579045016026
2014-08-16,518.6599999999999,6.251248562517183,-0.14664331683194037,46.33391707920149
2014-08-17,493.60000000000014,6.201725472591178,-0.6700747283390044,33.24813179152489
2014-08-18,463.0,6.137727054086234,0.00623138435678211,50.155784608919554
2014-08-19,474.9400000000001,6.1631884802666566,0.07423689418462975,51.85592235461575
2014-08-20,520.4499999999999,6.254693821961477,0.47578584278106933,61.894646069526736
2014-08-21,511.0400000000001,6.236447865026648,0.5347972093089235,63.36993023272308
2014-08-22,508.1000000000002,6.230678278599687,0.6738962370800629,66.84740592700157
2014-08-23,504.14000000000016,6.222854007276043,-0.4265111452895236,39.33722136776191
2014-08-24,507.3999999999998,6.229299647165181,-0.6172883199682986,34.56779200079254
2014-08-25,504.95000000000005,6.224459414472566,1.230967467769992,80.7741866942498
2014-08-26,513.3100000000001,6.240879951161022,1.1985843050555014,79.96460762638753
2014-08-27,513.2399999999998,6.240743572026817,0.6260242437497758,65.6506060937444
2014-08-28,504.9800000000002,6.224518824530707,0.5885335661649067,64.71333915412268
2014-08-29,505.54999999999984,6.225646945537408,0.7527861539652453,68.81965384913113
2014-08-30,500.5199999999998,6.215647557996854,-0.2591276982573608,43.521807543565984
2014-08-31,473.29999999999984,6.159729436912202,-0.32894809688955073,41.776297577761234
2014-09-01,478.4699999999998,6.170593513002772,0.5713790897761715,64.28447724440429
2014-09-02,476.1000000000002,6.1656279162004735,0.6688083417634283,66.72020854408571
2014-09-03,475.5999999999999,6.1645771648166265,0.5241713438766267,63.104283596915664
2014-09-04,487.5999999999998,6.189495397607116,1.8423916358562218,96.05979089640554
2014-09-05,483.2000000000001,6.180430646620605,1.6531335920821117,91.3283398020528
2014-09-06,483.3299999999999,6.180699650171005,-0.39105023086414153,40.22374422839646
2014-09-07,473.14000000000004,6.159391327784261,-0.33899169669960066,41.525207582509985
2014-09-08,466.70999999999987,6.1457080797671395,2.048306586695699,100.0
2014-09-09,476.3899999999999,6.166236846496772,1.7228714170915114,93.07178542728778
2014-09-10,479.90000000000003,6.1735777488642,1.6465138488825337,91.16284622206334
2014-09-11,474.67999999999995,6.162640892796938,1.6212210581091107,90.53052645272777
2014-09-12,473.53999999999985,6.160236386354853,1.4790376303494734,86.97594075873684
2014-09-13,477.09999999999985,6.167726112522061,-0.24339384035215347,43.91515399119616
2014-09-14,477.03000000000003,6.167579381992415,-0.16708726723190837,45.82281831920229
2014-09-15,473.12000000000006,6.159349056104167,1.3915093825516385,84.78773456379096
2014-09-16,466.1,6.144400203378695,0.824367891545943,70.60919728864857
2014-09-17,454.43000000000006,6.119043886354404,1.6704750422717656,91.76187605679414
2014-09-18,429.2599999999998,6.062062795953518,0.6827526946889118,67.06881736722279
2014-09-19,414.0099999999999,6.025890128122969,1.255828248147322,81.39570620368305
2014-09-20,408.0999999999999,6.01151224241176,-1.1141452252711115,22.146369368222214
2014-09-21,403.19000000000017,5.999407914862293,-0.7945993351455208,30.135016621361977
2014-09-22,403.37999999999994,5.999879045709,1.1096357446986878,77.7408936174672
2014-09-23,429.9000000000001,6.063552623502236,0.541486783226358,63.53716958065895
2014-09-24,418.89000000000004,6.037608355622213,1.3899774180733266,84.74943545183316
2014-09-25,411.6599999999999,6.020197765930854,1.3183216662874724,82.95804165718681
2014-09-26,406.10000000000014,6.006599434692252,1.5829008850151107,89.57252212537776
2014-09-27,401.0800000000001,5.994160908655725,-0.5906546590265092,35.23363352433727
2014-09-28,378.4100000000001,5.9359782638898455,-0.6127544475613621,34.68113881096595
2014-09-29,375.4199999999999,5.928045399238327,1.3023752437829887,82.55938109457472
2014-09-30,388.0400000000001,5.961108427093083,1.4549221632067608,86.37305408016903
2014-10-01,383.9100000000002,5.950408150117615,1.4011358959416302,85.02839739854076
2014-10-02,371.62999999999994,5.917898735650893,0.6279334676059127,65.69833669014781
2014-10-03,363.7500000000001,5.8964668184857025,1.8220316466524673,95.55079116631168
2014-10-04,338.47,5.824435462132321,-0.9056994179887978,27.357514550280055
2014-10-05,314.16000000000014,5.749902410269755,-1.2873664308906299,17.815839227734255
2014-10-06,336.7500000000001,5.819340815290474,0.22833130462772866,55.708282615693214
2014-10-07,326.93,5.789746080703296,0.157341615944799,53.933540398619975
2014-10-08,353.99999999999994,5.869296913133774,0.0037705988369404753,50.094264970923504
2014-10-09,368.73,5.910064668894999,0.34830400595157424,58.70760014878935
2014-10-10,360.19999999999993,5.8866594327418555,0.6041591691656484,65.1039792291412
2014-10-11,360.1000000000001,5.88638177065483,0.48556006271613417,62.13900156790335
2014-10-12,372.2,5.91943134420815,-0.28131845505289854,42.96703862367753
2014-10-13,395.8600000000001,5.981060613392589,0.2822180497874086,57.055451244685216
2014-10-14,399.8000000000002,5.9909644220663,0.7869727970275009,69.67431992568753
2014-10-15,394.20999999999987,5.9768837622304485,0.1962629553992311,54.90657388498078
2014-10-16,378.2,5.935423156224357,0.14608026786360265,53.65200669659007
2014-10-17,380.78000000000014,5.942221780529531,0.1640496016790569,54.101240041976425
2014-10-18,392.16999999999996,5.97169541925069,0.10204046162910269,52.551011540727565
2014-10-19,382.7,5.947251392431657,0.2631814717718276,56.57953679429569
2014-10-20,382.1699999999999,5.945865535789805,0.16967186598731715,54.241796649682925
2014-10-21,385.31,5.95404820509755,0.32881193521413055,58.22029838035326
2014-10-22,375.19999999999993,5.9274592171320695,0.5665906525852386,64.16476631463097
2014-10-23,352.8,5.865901324132636,0.5610662075666435,64.02665518916608
2014-10-24,354.3700000000001,5.870341565035036,0.26087998482843866,56.52199962071096
2014-10-25,343.45000000000016,5.839041540659891,-0.2278685079109978,44.30328730222505
2014-10-26,349.64,5.856904053712287,-0.4003799578792991,39.990501053017525
2014-10-27,350.53000000000003,5.85944629482327,0.10411346901622906,52.60283672540572
2014-10-28,350.3400000000001,5.858904111523501,0.02092453174645134,50.52311329366128
2014-10-29,335.08000000000004,5.814369309285609,0.42661637843724404,60.665409460931095
2014-10-30,343.6700000000001,5.83968189462286,0.3353252668163894,58.38313167040974
2014-10-31,338.69000000000005,5.82508523473478,1.2675065300752937,81.68766325188234
2014-11-01,325.09000000000003,5.784102067070543,-0.32097876949828763,41.97553076254281
2014-11-02,328.7,5.795145480670174,-0.5202926678262841,36.9926833043429
2014-11-03,323.7,5.779817160932199,1.374664286186582,84.36660715466455
2014-11-04,334.07999999999987,5.811380485254219,0.7123082218606555,67.80770554651639
2014-11-05,338.03,5.823134648940764,1.413727082466755,85.34317706166887
2014-11-06,350.9099999999999,5.860529780330725,1.8529484127163138,96.32371031790785
2014-11-07,345.87000000000006,5.846062981912972,1.477885508251829,86.94713770629572
2014-11-08,344.5900000000001,5.842355304520125,0.04952061069664159,51.23801526741604
2014-11-09,360.00000000000006,5.886104031450156,0.14740561797820517,53.685140449455126
2014-11-10,369.58999999999986,5.912394283124445,1.6271373708836014,90.67843427209003
2014-11-11,382.6400000000001,5.947094599372042,1.1168336727083399,77.92084181770849
2014-11-12,467.00000000000006,6.1463292576688975,1.2565217274792453,81.41304318698113
2014-11-13,396.8999999999998,5.983684359789019,1.6469442176790117,91.1736054419753
2014-11-14,395.40000000000003,5.979897910736517,1.4362076851750176,85.90519212937544
2014-11-15,380.09999999999985,5.940434375995203,1.0619506302581445,76.54876575645362
2014-11-16,402.50000000000006,5.997695096858618,0.61084540062793,65.27113501569826
2014-11-17,387.98999999999984,5.960979566095262,1.2629580257591195,81.573950643978
2014-11-18,377.3000000000001,5.933040626970265,0.9566374248978108,73.91593562244528
2014-11-19,377.23000000000013,5.932855081000719,0.8237405684048349,70.59351421012087
2014-11-20,349.6500000000001,5.856932654149876,0.7975261478934872,69.93815369733719
2014-11-21,354.9000000000001,5.871836059652451,0.9626122489062651,74.06530622265663
2014-11-22,355.7,5.874087678954409,0.07772210623264893,51.943052655816224
2014-11-23,368.79,5.910227376347359,0.16181676662209238,54.04541916555231
2014-11-24,383.79,5.950095527997053,1.0133671682593222,75.33417920648306
2014-11-25,375.39999999999986,5.927992124152408,0.9467971822938339,73.66992955734585
2014-11-26,372.80999999999983,5.9210689064860125,0.7133303405765625,67.83325851441407
2014-11-27,368.1099999999999,5.908381806546806,0.5729550391360436,64.32387597840109
2014-11-28,380.9399999999999,5.942641882410413,1.0395894004266775,75.98973501066693
2014-11-29,380.1900000000001,5.940671127762083,0.9620659834121145,74.05164958530285
2014-11-30,379.52999999999986,5.9389336450946875,0.9046689605175122,72.61672401293781
2014-12-01,382.0199999999998,5.9454729632569885,0.8896088634328719,72.2402215858218
2014-12-02,384.77,5.952645753174349,1.2775485031328593,81.93871257832149
2014-12-03,378.5999999999999,5.936480238775222,1.4471771121301114,86.17942780325278
2014-12-04,369.97999999999996,5.913448950123243,1.1178392724256803,77.94598181064201
2014-12-05,373.6499999999998,5.923319530376299,1.5882139385136866,89.70534846284217
2014-12-06,377.03000000000003,5.932324759878858,0.905114763897569,72.62786909743923
2014-12-07,374.8199999999999,5.926445910733533,0.79632722835275,69.90818070881875
2014-12-08,356.27999999999986,5.875716938563668,1.183995987779189,79.59989969447973
2014-12-09,349.1999999999999,5.855644823965447,0.7640221830756547,69.10055457689137
2014-12-10,355.7100000000001,5.874115792138089,0.3085014848171905,57.712537120429765
2014-12-11,349.33,5.85601703418262,0.49940143687332905,62.48503592183323
2014-12-12,347.6099999999999,5.85108116167708,0.306629184036487,57.66572960091217
2014-12-13,346.6999999999999,5.8484598526909775,0.35199632915081025,58.799908228770256
2014-12-14,352.98000000000013,5.86641139810442,0.25695291783561763,56.42382294589044
2014-12-15,336.8099999999999,5.8195189731387975,0.47067707696954864,61.76692692423872
2014-12-16,331.39000000000016,5.8032959295221005,0.12398993100812417,53.099748275203105
2014-12-17,310.0500000000001,5.736733574795887,0.4720518953447779,61.80129738361945
2014-12-18,308.5999999999999,5.73204593992906,0.3883017930923266,59.70754482730817
2014-12-19,324.2,5.781360609301576,0.478831129983833,61.970778249595824
2014-12-20,318.82,5.764626680205501,-0.4077924422736541,39.80518894315865
2014-12-21,320.83999999999986,5.770942556498723,0.0023001709429263284,50.05750427357316
2014-12-22,331.9,5.804833718725929,0.7106763285326281,67.7669082133157
2014-12-23,334.07999999999987,5.811380485254219,1.0112816862543714,75.28204215635928
2014-12-24,321.6,5.773308537304811,0.9571511406861346,73.92877851715336
2014-12-25,320.39999999999986,5.769570215194204,-0.043558410858588276,48.91103972853529
2014-12-26,320.29999999999995,5.769258056615112,0.7033820023275057,67.58455005818765
2014-12-27,314.07,5.749615890999373,0.23540759335026898,55.88518983375672
2014-12-28,317.59,5.760761242731186,-0.18271024257228657,45.43224393569283
2014-12-29,313.83,5.748851438023779,0.7534403245978687,68.83600811494672
2014-12-30,310.7699999999999,5.73905308873812,0.5303029755089248,63.257574387723125
2014-12-31,314.5000000000001,5.750984076140496,0.6429446201119006,66.07361550279751
2015-01-01,314.5000000000001,5.750984076140496,0.21709760754742755,55.42744018868569
2015-01-02,312.60999999999996,5.74495640723899,1.5465869088951547,88.66467272237887
2015-01-03,283.90000000000003,5.648622063478926,0.10898266337037721,52.724566584259435
2015-01-04,273.35,5.610753025341008,-0.883535725319055,27.911606867023625
2015-01-05,275.30000000000007,5.617861412148562,1.119809202665268,77.99523006663169
2015-01-06,285.4,5.653891705042736,1.2604161719342464,81.51040429835616
2015-01-07,292.01999999999987,5.676822293073418,1.6062446972725895,90.15611743181474
2015-01-08,284.07000000000005,5.649220686663519,1.9587192854638402,98.967982136596
2015-01-09,289.55999999999995,5.6683625294249405,1.3357573301363321,83.3939332534083
2015-01-10,277.21,5.624775341701135,-0.09078797687724453,47.730300578068885
2015-01-11,272.78,5.608665609498729,-0.6322657812598277,34.19335546850431
2015-01-12,250.32999999999996,5.522780047428144,1.129830684265224,78.24576710663061
2015-01-13,218.75000000000009,5.387929525237724,1.2838054731819293,82.09513682954824
2015-01-14,197.88000000000002,5.287660786359508,-0.8776360610914389,28.059098472714027
2015-01-15,217.22000000000003,5.38091066485189,-1.9205058394658674,1.9873540133533152
2015-01-16,204.50000000000006,5.320567975482857,-0.12075266819719488,46.981183295070124
2015-01-17,195.99999999999991,5.278114659230517,-2.2680891810079182,0.0
2015-01-18,214.19999999999996,5.366910158013648,-2.4113244556001496,0.0
2015-01-19,213.21000000000006,5.362277595506914,0.016184236991658385,50.404605924791454
2015-01-20,215.79999999999995,5.374352052824034,1.017503993267235,75.43759983168088
2015-01-21,234.91000000000005,5.459202462065674,0.19160992200536275,54.790248050134075
2015-01-22,228.09000000000003,5.429740287908455,1.7484644513519898,93.71161128379974
2015-01-23,233.4799999999999,5.45309642033559,2.148107195699011,100.0
2015-01-24,252.00000000000003,5.529429087511423,-0.3616608574443577,40.958478563891056
2015-01-25,287.19999999999993,5.660178837174069,0.35192034864027644,58.79800871600691
2015-01-26,264.25999999999993,5.576933466986071,2.306809539078242,100.0
2015-01-27,258.22000000000014,5.553811934746573,1.884216191599204,97.1054047899801
2015-01-28,235.76999999999992,5.462856753546193,1.917481775822242,97.93704439555604
2015-01-29,235.10000000000008,5.460010955546024,1.5850841000303972,89.62710250075993
2015-01-30,225.2700000000001,5.417299682779903,1.453613272488776,86.3403318122194
2015-01-31,216.19000000000005,5.376157650666373,-0.39392441871486217,40.15188953212845
2015-02-01,229.38999999999993,5.435423611766036,-0.8083360932772574,29.791597668068565
2015-02-02,238.70000000000002,5.4752075333447845,0.7521332704709486,68.8033317617737
2015-02-03,227.04999999999995,5.42517025754396,0.5384446985825162,63.46111746456291
2015-02-04,225.77000000000004,5.4195167819498815,0.43347470432983426,60.83686760824586
2015-02-05,217.00000000000003,5.37989735354046,0.18482946860361232,54.62073671509031
2015-02-06,225.1100000000001,5.416589171626073,0.5176609753044961,62.9415243826124
2015-02-07,226.3100000000001,5.421905740792655,-0.24287848120377978,43.9280379699055
2015-02-08,223.71000000000004,5.410350570223813,0.06521031880524888,51.63025797013122
2015-02-09,218.54999999999998,5.387014821309323,0.551869925201707,63.79674813004268
2015-02-10,222.94999999999993,5.406947531073485,0.5969158540598853,64.92289635149713
2015-02-11,218.32000000000002,5.385961876400083,0.6710783145426127,66.77695786356533
2015-02-12,223.89999999999992,5.411199523604709,0.16161833430141526,54.04045835753538
2015-02-13,240.7400000000001,5.483717512951589,0.2719501239267937,56.79875309816984
2015-02-14,257.96000000000004,5.552804534142177,0.6831878202391519,67.0796955059788
2015-02-15,232.54999999999995,5.449105255670106,1.627606997689148,90.69017494222871
2015-02-16,235.3999999999999,5.461286194826176,0.48174153915031726,62.04353847875793
2015-02-17,243.29000000000002,5.49425414742403,0.3957537054283954,59.89384263570988
2015-02-18,236.06999999999996,5.4641283712150015,0.6366825016248479,65.9170625406212
2015-02-19,244.43000000000012,5.498928969355161,0.5157519905348601,62.893799763371504
2015-02-20,245.84000000000003,5.504680917822229,0.5491476117738663,63.728690294346656
2015-02-21,246.02999999999997,5.505453479716429,0.9700062554322092,74.25015638580523
2015-02-22,236.21,5.4647212398696166,0.9419182557734808,73.54795639433702
2015-02-23,239.59999999999997,5.478970866241294,0.512766134120622,62.81915335301556
2015-02-24,239.06,5.476714566449835,0.49485104226325916,62.37127605658148
2015-02-25,237.07000000000002,5.468355456175141,0.336753605855293,58.41884014638232
2015-02-26,254.24999999999994,5.538318034928669,0.825180966694534,70.62952416736334
2015-02-27,254.0,5.537334267018537,0.7410144136673007,68.52536034168251
2015-02-28,255.19999999999996,5.542047551470635,1.3513826152487947,83.78456538121986
2015-03-01,261.1300000000001,5.565018367611075,1.2851956813349128,82.12989203337283
2015-03-02,277.71,5.62657740374723,1.2534663792007295,81.33665948001824
2015-03-03,283.59999999999997,5.647564794657972,1.6818422947277667,92.04605736819417
2015-03-04,271.61999999999995,5.604404030675922,1.9596999669871904,98.99249917467976
2015-03-05,275.8,5.619675965359201,1.6727793024238677,91.81948256059668
2015-03-06,273.65,5.611849917589927,2.3838277516015287,100.0
2015-03-07,277.9000000000001,5.627261336748458,1.5411013659519637,88.52753414879909
2015-03-08,279.83000000000004,5.634182275926246,1.603498510774287,90.08746276935717
2015-03-09,296.87,5.693294332541813,2.11333925865576,100.0
2015-03-10,291.36000000000007,5.674559615979298,2.6181173044925177,100.0
2015-03-11,293.1900000000001,5.680820863018854,3.3330466154869436,100.0
2015-03-12,294.6100000000001,5.685652447783731,2.668691227604328,100.0
2015-03-13,283.8399999999999,5.648410699121214,3.1590921665172793,100.0
2015-03-14,284.55000000000007,5.650908985049133,1.3448012616033393,83.62003154008349
2015-03-15,292.59999999999997,5.678806488586024,1.185825661171972,79.6456415292993
2015-03-16,291.9400000000001,5.676548301702432,2.3147251531109045,100.0
2015-03-17,284.00000000000006,5.648974238161206,2.171710357356819,100.0
2015-03-18,255.15999999999994,5.541890799373754,1.2383067947332864,80.95766986833216
2015-03-19,264.9499999999999,5.579541128938771,0.9343197538571911,73.35799384642978
2015-03-20,261.6,5.566816619583044,0.3417826314443448,58.54456578610861
2015-03-21,260.59999999999997,5.562986664690745,0.21672477778245486,55.41811944456138
2015-03-22,268.3299999999999,5.592217566313047,0.1558250361389469,53.89562590347368
2015-03-23,266.61,5.585786916418494,0.050918401634694715,51.27296004086737
2015-03-24,247.32000000000002,5.510683044690368,0.06684516064397822,51.67112901609946
2015-03-25,246.07000000000002,5.505616048300409,-0.43518264114955263,39.12043397126118
2015-03-26,247.5300000000001,5.511531786784362,-0.21036124310254414,44.740968922436394
2015-03-27,248.41000000000003,5.51508060689796,-0.2183877445545891,44.54030638613528
2015-03-28,247.29000000000005,5.510561736993246,-0.2450942328917659,43.87264417770586
2015-03-29,245.67999999999992,5.504029876132567,0.023594684301651056,50.589867107541274
2015-03-30,247.89999999999995,5.513025439041145,-0.013576088593806962,49.66059778515483
2015-03-31,244.10999999999999,5.497618943376676,0.25662211794105455,56.41555294852636
2015-04-01,247.46000000000006,5.51124895278583,0.0720058581909185,51.800146454772964
2015-04-02,252.94000000000003,5.53315230645183,-0.22577377443129182,44.35565563921771
2015-04-03,254.40999999999997,5.5389471388695215,-0.49703454733958696,37.57413631651033
2015-04-04,252.63999999999996,5.531965550507332,0.2682716797887831,56.70679199471957
2015-04-05,261.68999999999994,5.5671605971132365,0.23029294146366253,55.757323536591564
2015-04-06,253.47000000000003,5.535245472832863,-0.20962112774597352,44.75947180635066
2015-04-07,254.47000000000006,5.539182950849863,0.16733556837141655,54.183389209285416
2015-04-08,244.98000000000005,5.50117657455954,0.16031681416739468,54.00792035418487
2015-04-09,241.2700000000001,5.485916638337356,0.49302150305862424,62.32553757646561
2015-04-10,236.46999999999994,5.465821349991567,0.4880827536251394,62.202068840628485
2015-04-11,237.20000000000007,5.468903667123571,-0.49247088318093374,37.688227920476656
2015-04-12,236.74000000000007,5.466962492525748,-0.3792658337975477,40.51835415506131
2015-04-13,223.93999999999994,5.411378158832051,0.4115581948823427,60.28895487205857
2015-04-14,221.99999999999997,5.402677381872279,-0.23207073595523905,44.198231601119026
2015-04-15,227.03999999999996,5.425126213411732,-0.5485024877486172,36.28743780628457
2015-04-16,228.20000000000002,5.430222437427975,-0.8398051973678475,29.00487006580381
2015-04-17,223.91000000000003,5.411244185403247,-0.6315413910046505,34.21146522488374
2015-04-18,224.2,5.4125385106380595,-0.6518586923138954,33.70353269215261
2015-04-19,224.48999999999998,5.413831162760377,-0.563773731001513,35.90565672496218
2015-04-20,225.35000000000002,5.417654749136657,-0.47844367737007687,38.038908065748075
2015-04-21,235.79000000000005,5.4629415783829565,-0.39325625685466625,40.16859357863334
2015-04-22,234.57999999999993,5.457796681093359,-0.17364397378490878,45.65890065537728
2015-04-23,234.00000000000006,5.455321115357702,-0.4953319394366852,37.61670151408288
2015-04-24,229.10000000000008,5.43415858945945,-0.5857735759377354,35.355660601556615
2015-04-25,220.75999999999996,5.3970761385713,0.018080721990250754,50.45201804975626
2015-04-26,220.34000000000006,5.395171807911919,-0.20159870011831243,44.96003249704219
2015-04-27,226.75999999999996,5.423892189456103,-0.9705801713524589,25.735495716188527
2015-04-28,225.59000000000003,5.418719192400332,-1.380834058123257,15.479148546918575
2015-04-29,225.31999999999996,5.417521614026513,-1.8577600365133062,3.5559990871673444
2015-04-30,236.35000000000005,5.465313757239246,-2.0995770133646854,0.0
2015-05-01,233.53999999999988,5.453353368647568,-1.4032116947963034,14.919707630092416
2015-05-02,236.5000000000001,5.465948207931988,0.26394913404684645,56.598728351171154
2015-05-03,240.94999999999996,5.4845894430863416,0.40320075360261487,60.08001884006538
2015-05-04,235.03999999999994,5.459755712425567,-1.1620127428306632,20.94968142923342
2015-05-05,235.05999999999992,5.459840800704708,-1.3649551606216601,15.876120984458497
2015-05-06,230.34999999999997,5.439599891381926,-1.8988868476579288,2.5278288085517797
2015-05-07,237.10000000000005,5.46848199307136,-1.5837373639563528,10.40656590109118
2015-05-08,245.95999999999995,5.505168921085269,-1.284218469175987,17.894538270600325
2015-05-09,242.6,5.49141399650995,0.7916172814126229,69.79043203531558
2015-05-10,240.10000000000008,5.481055503227208,0.6769717664893047,66.92429416223263
2015-05-11,241.3400000000001,5.486206727645455,-0.6556664405698539,33.60833898575365
2015-05-12,242.49000000000007,5.490960472413863,-1.2483801252651991,18.79049686837002
2015-05-13,236.1,5.464255444091467,-1.6872996668808364,7.817508327979089
2015-05-14,237.72999999999996,5.471135575910181,-1.7624840561984767,5.9378985950380825
2015-05-15,236.51999999999998,5.466032770952629,-1.821789237205831,4.455269069854223
2015-05-16,236.33000000000004,5.465229133392195,0.3573760049455031,58.93440012363757
2015-05-17,236.71000000000006,5.4668357631983,0.27404791585108934,56.85119789627724
2015-05-18,233.29999999999995,5.452325179027384,-0.7617144658161848,30.957138354595383
2015-05-19,232.6299999999999,5.449449208551952,-0.39101528753002596,40.224617811749354
2015-05-20,234.36999999999995,5.456901063163783,-0.3223392668003181,41.94151832999204
2015-05-21,235.81000000000006,5.463026396025077,-0.3351010766140836,41.62247308464791
2015-05-22,240.36,5.482137799465727,0.02142700526709565,50.535675131677394
2015-05-23,239.7299999999999,5.479513290054481,0.5423631442806603,63.5590786070165
2015-05-24,240.7400000000001,5.483717512951589,0.46946329808181225,61.736582452045305
2015-05-25,237.54,5.470336030346094,0.1337760695359075,53.344401738397686
2015-05-26,237.31000000000003,5.469367303303927,0.5587576425904289,63.96894106476072
2015-05-27,237.41000000000003,5.469788604287577,0.5444869799535913,63.61217449883978
2015-05-28,236.56000000000003,5.466201875544222,0.3513265913948441,58.7831647848711
2015-05-29,235.61999999999995,5.462220337817973,0.29734994007528714,57.43374850188218
2015-05-30,232.35999999999993,5.4482878931243315,0.3875522103410456,59.68880525852613
2015-05-31,229.48999999999998,5.43585945556652,0.23422447766079127,55.855611941519776
2015-06-01,222.15000000000006,5.403352829381918,0.31196187334409786,57.79904683360244
2015-06-02,225.63,5.418896489506421,-0.5035341283766038,37.41164679058491
2015-06-03,224.95000000000005,5.4158781552871815,-0.5663470702679324,35.841323243301694
2015-06-04,223.1399999999999,5.407799377165033,-0.5342093389060819,36.64476652734795
2015-06-05,224.05999999999992,5.411913873130577,-0.2039354848518708,44.901612878703226
2015-06-06,225.76000000000008,5.419472488104504,0.04463636144494702,51.115909036123675
2015-06-07,224.03,5.411779971458838,0.10180905106616261,52.54522627665407
2015-06-08,228.42000000000004,5.431186039622461,-0.5704844371994338,35.737889070014155
2015-06-09,228.92,5.4333725975409015,-0.4313297250877576,39.21675687280606
2015-06-10,230.4300000000001,5.439947128678701,-0.5948278716823072,35.12930320794232
2015-06-11,229.64000000000001,5.436512865299436,-0.44208115714478935,38.947971071380266
2015-06-12,229.91,5.437687927995845,-0.38320221626452866,40.41994459338678
2015-06-13,233.02999999999994,5.451167200642247,0.48972565648721156,62.24314141218029
2015-06-14,234.85999999999996,5.458989591936935,0.6843159320685952,67.10789830171488
2015-06-15,237.10000000000005,5.46848199307136,-0.3424082760732536,41.43979309816866
2015-06-16,249.63999999999993,5.520019880065842,-0.1206105507430098,46.984736231424755
2015-06-17,247.79999999999993,5.512621969195042,0.02304875970490794,50.5762189926227
2015-06-18,249.58000000000007,5.5197795050797085,-0.18561041685937518,45.35973957851562
2015-06-19,242.06999999999996,5.489226940528525,-0.13168186599035825,46.70795335024104
2015-06-20,243.60000000000002,5.495527535835742,1.1019212834620722,77.54803208655181
2015-06-21,244.6799999999999,5.499951234374364,1.1005714947250285,77.51428736812571
2015-06-22,247.30000000000007,5.510602174527371,-0.20931200071585837,44.76719998210354
2015-06-23,243.12,5.493555148608538,0.315457322045702,57.886433051142546
2015-06-24,241.50000000000009,5.486869473092628,0.14491708563842481,53.62292714096062
2015-06-25,241.85000000000005,5.488317699268992,-0.0009514916718232347,49.97621270820442
2015-06-26,242.73999999999992,5.491990911678215,0.1635312367490126,54.08828091872532
2015-06-27,252.0999999999999,5.529825834193874,0.7729917271060027,69.32479317765006
2015-06-28,250.39999999999995,5.523059639225943,1.2262762943811736,80.65690735952934
2015-06-29,258.5799999999999,5.555205123826407,0.027015468073590065,50.675386701839756
2015-06-30,261.4800000000001,5.566357798744529,0.504356126733117,62.60890316832792
2015-07-01,260.0999999999999,5.5610661724546055,0.9867957857522551,74.66989464380637
2015-07-02,256.08999999999986,5.545528945195946,0.6802858959775031,67.00714739943759
2015-07-03,254.60999999999993,5.539732962649695,0.5449119294797488,63.62279823699372
2015-07-04,261.97,5.568229993388241,1.1430339738137074,78.57584934534269
2015-07-05,268.13,5.591471937527057,1.3324520440600143,83.31130110150036
2015-07-06,271.27,5.60311463485544,0.9764453085586914,74.41113271396729
2015-07-07,265.1200000000001,5.580182553678253,1.069557823488549,76.73894558721372
2015-07-08,268.47000000000014,5.592739175862877,0.6908720651670909,67.27180162917728
2015-07-09,270.3299999999999,5.5996434349150555,0.8670565394699994,71.67641348674998
2015-07-10,287.69000000000005,5.661883511524495,0.5520747983902772,63.80186995975693
2015-07-11,304.29999999999995,5.718014056902925,2.141769245739011,100.0
2015-07-12,306.4399999999999,5.72502197764862,2.416765889957707,100.0
2015-07-13,292.78,5.679421473743266,2.164067615386646,100.0
2015-07-14,290.36,5.67112153241664,1.0288785261624376,75.72196315406094
2015-07-15,289.4200000000001,5.667878920309847,1.0386783478776989,75.96695869694247
2015-07-16,278.09999999999997,5.627980761239919,1.1163870899583659,77.90967724895914
2015-07-17,279.0700000000001,5.631462646409561,0.9379230916762222,73.44807729190556
2015-07-18,278.08000000000004,5.627908842077027,1.0364257498222518,75.9106437455563
2015-07-19,276.26000000000005,5.621342451271814,0.868032242651733,71.70080606629332
2015-07-20,281.74,5.640984659832161,0.8206402344483867,70.51600586120968
2015-07-21,275.87,5.619929740262226,0.5737476000729764,64.3436900018244
2015-07-22,277.56999999999994,5.626073153628491,0.579294725049777,64.48236812624442
2015-07-23,277.5300000000001,5.625929035451337,0.3653115974468829,59.13278993617207
2015-07-24,289.00000000000006,5.666426688112432,0.3606122234137464,59.01530558534366
2015-07-25,289.3,5.6674642119820895,1.247672009438061,81.19180023595152
2015-07-26,292.8500000000001,5.679660532535792,1.187700436552143,79.69251091380359
2015-07-27,295.2799999999999,5.687924058721743,0.3383977666179242,58.45994416544811
2015-07-28,294.22,5.684327786822066,0.43412955152540533,60.85323878813513
2015-07-29,289.44999999999993,5.667982570525013,0.49371487758577604,62.342871939644404
2015-07-30,287.28,5.660457349917827,0.560421780854562,64.01054452136405
2015-07-31,282.83999999999986,5.64488136673604,0.386937886257019,59.673447156425475
2015-08-01,278.60999999999996,5.6298129544560265,0.6265605813627084,65.66401453406772
2015-08-02,280.2000000000001,5.635503633902907,0.47692095264172185,61.92302381604304
2015-08-03,284.49999999999994,5.6507332535663855,0.2675634613521677,56.689086533804186
2015-08-04,285.0999999999999,5.652839995918626,0.40936193992680614,60.234048498170154
2015-08-05,281.79000000000013,5.641162112674534,0.45233059473217574,61.3082648683044
2015-08-06,276.6999999999999,5.62293388679288,0.2953570463786192,57.38392615946548
2015-08-07,279.64,5.6335030616437844,0.08083688724957498,52.02092218123937
2015-08-08,262.56000000000006,5.570479627341781,0.32181432837204543,58.045358209301135
2015-08-09,266.1299999999999,5.583984911200605,-0.47316678171684645,38.17083045707884
2015-08-10,266.31000000000006,5.584661043748338,-0.3281656378969868,41.79585905257533
2015-08-11,271.6,5.604330395684541,-0.2959534462095617,42.60116384476096
2015-08-12,265.1099999999999,5.580144834198022,-0.5616391858270079,35.9590203543248
2015-08-13,263.15999999999997,5.572762212217797,-0.5360546565491996,36.59863358627001
2015-08-14,266.8499999999999,5.586686702779954,-0.5603464445679601,35.99133888580099
2015-08-15,262.51,5.570289176544168,-0.03521679219427046,49.119580195143236
2015-08-16,259.9300000000001,5.560412363997187,-0.2144633466234859,44.63841633441285
2015-08-17,257.6000000000001,5.551407994230199,-0.5242575795323112,36.89356051169222
2015-08-18,229.79999999999995,5.437209365414655,-0.4303238946213903,39.24190263446524
2015-08-19,233.6900000000001,5.4539954507277155,-1.7805965586930732,5.48508603267317
2015-08-20,235.76999999999992,5.462856753546193,-1.4596248395270148,13.50937901182463
2015-08-21,233.21000000000004,5.451939335203601,-1.749481767561245,6.262955810968873
2015-08-22,232.1299999999999,5.447297559559355,-1.0800594741773353,22.99851314556662
2015-08-23,227.94000000000003,5.429082436427589,-1.0995402195374508,22.51149451156373
2015-08-24,204.81999999999996,5.322131544647291,-2.5836047517481893,0.0
2015-08-25,220.25999999999993,5.394808666736798,-2.0622641395062877,0.0
2015-08-26,225.2700000000001,5.417299682779903,-1.3757987662866802,15.605030842832996
2015-08-27,224.72999999999993,5.414899681627901,-1.0032805298454068,24.91798675386483
2015-08-28,231.88,5.446219996471532,-0.785095456689392,30.3726135827652
2015-08-29,231.60999999999999,5.4450549226596205,-0.409283328433471,39.76791678916322
2015-08-30,228.05999999999997,5.429608752229212,-0.48092051874164915,37.97698703145877
2015-08-31,230.00000000000006,5.438079308923196,-0.7107556087612901,32.23110978096775
2015-09-01,227.16,5.425654615009232,-0.7825939631092873,30.435150922267816
2015-09-02,228.95999999999992,5.43354731580814,-0.6655820001430941,33.360449996422645
2015-09-03,228.27000000000007,5.430529138856541,-0.3682860405401726,40.792848986495684
2015-09-04,230.71000000000004,5.441161510577517,-0.4853922292014628,37.86519426996343
2015-09-05,242.07999999999996,5.489268250040046,-0.14481999302871723,46.379500174282065
2015-09-06,240.88,5.484298884173478,0.12491644440030414,53.1229111100076
2015-09-07,242.82000000000002,5.492320428115829,-0.0948352162170463,47.629119594573844
2015-09-08,245.1100000000001,5.501707089375386,-0.20206324099132114,44.94841897521697
2015-09-09,239.24999999999997,5.477509030333064,-0.10001628990212946,47.49959275244676
2015-09-10,241.46000000000004,5.4867038279042415,-0.46497562000740017,38.37560949981499
2015-09-11,240.69999999999996,5.483551344789026,-0.5441568151451504,36.39607962137124
2015-09-12,236.13,5.4643825008224685,0.3664129699641925,59.16032424910481
2015-09-13,230.00000000000006,5.438079308923196,0.12871872745601784,53.21796818640044
2015-09-14,231.79999999999995,5.445874930905651,-0.7083831086277366,32.29042228430659
2015-09-15,232.20000000000007,5.4475990692637914,-0.5183274563734618,37.04181359066345
2015-09-16,230.04999999999993,5.438296676601477,-0.5846738717351619,35.38315320662095
2015-09-17,234.10000000000005,5.455748374496865,-0.9338825198972075,26.65293700256981
2015-09-18,233.70000000000002,5.454038241544812,-0.541981053141795,36.45047367145512
2015-09-19,232.30999999999992,5.448072686632873,0.09453855072657173,52.363463768164294
2015-09-20,232.21000000000004,5.4476421346586,0.05278111642125481,51.31952791053137
2015-09-21,228.44000000000008,5.4312735937966625,-0.2663010482808503,43.342473792978744
2015-09-22,232.28999999999994,5.4479865910667415,-0.23291550789549292,44.17711230261268
2015-09-23,231.64,5.445184442357589,-0.2129134291340266,44.67716427164933
2015-09-24,233.9100000000001,5.454936425989619,-0.24892179545887355,43.77695511352816
2015-09-25,235.68,5.46247495271432,-0.03083547475084883,49.22911313122878
2015-09-26,234.73000000000002,5.458435917440796,0.3183507324074499,57.95876831018625
2015-09-27,238.07000000000008,5.472564748074418,0.2606343143200848,56.515857858002114
2015-09-28,239.93999999999997,5.480388892086782,-0.16329778584272975,45.91755535393175
2015-09-29,238.59000000000003,5.474746597637154,-0.05307820874581004,48.67304478135475
2015-09-30,238.07999999999993,5.472606751644727,0.05785744677858484,51.446436169464626
2015-10-01,238.82000000000008,5.475710130105239,-0.041620640146223575,48.95948399634441
2015-10-02,238.5600000000001,5.474620851016429,-0.150953500803339,46.226162479916525
2015-10-03,240.0600000000001,5.480888892097199,0.3846333455465015,59.615833638662544
2015-10-04,240.0600000000001,5.480888892097199,0.46871189478168046,61.71779736954201
2015-10-05,241.63999999999993,5.48744901527054,-0.02815079234298029,49.296230191425494
2015-10-06,247.33,5.510723477319505,-0.2576312167472006,43.55921958131999
2015-10-07,245.3,5.502481951264444,-0.07137195083256692,48.215701229185825
2015-10-08,244.06999999999996,5.4974550693954,-0.23813564111496488,44.04660897212588
2015-10-09,245.49999999999991,5.503296947234575,-0.45281880164751376,38.679529958812154
2015-10-10,245.43000000000012,5.503011774193717,0.588502070114305,64.71255175285762
2015-10-11,248.2599999999999,5.514476584087801,0.6456409884477631,66.14102471119408
2015-10-12,245.39000000000004,5.502848781650265,-0.3020286395013353,42.44928401246661
2015-10-13,250.33999999999995,5.522819993899877,-0.38912911646526493,40.27177208836837
2015-10-14,255.45000000000002,5.543026695776807,-0.5773113837827166,35.56721540543209
2015-10-15,256.21999999999997,5.5460364504282875,-0.3009718969745959,42.4757025756351
2015-10-16,267.54,5.58926908786744,-0.18670054750301357,45.332486312424656
2015-10-17,271.2199999999999,5.602930299659799,1.3428182216587674,83.57045554146919
2015-10-18,267.04999999999995,5.587435906785779,1.74892274725804,93.723068681451
2015-10-19,265.5999999999999,5.5819914176022785,0.09588631903408967,52.39715797585224
2015-10-20,271.01000000000005,5.602155720567903,0.09122002380281297,52.28050059507032
2015-10-21,268.0100000000001,5.591024293247564,0.2830725381971942,57.076813454929855
2015-10-22,275.31000000000006,5.617897735499032,0.6932490530359358,67.3312263258984
2015-10-23,281.66,5.640700669769904,1.1120486852719476,77.80121713179868
2015-10-24,288.2899999999999,5.663966917951902,1.5395605715621528,88.48901428905383
2015-10-25,286.0100000000001,5.656026775243555,1.6835460833629834,92.08865208407458
2015-10-26,287.94000000000005,5.662752125098209,1.0669675288247324,76.6741882206183
2015-10-27,301.6,5.709101636133801,1.0060954314993007,75.15238578748252
2015-10-28,304.71000000000004,5.7193605046195195,1.4669033154299682,86.67258288574921
2015-10-29,329.2,5.796665468802915,1.6283602795290069,90.70900698822517
2015-10-30,330.15000000000003,5.79954709664058,1.717791970367558,92.94479925918895
2015-10-31,315.43,5.753936787316924,2.849633075700337,100.0
2015-11-01,331.24,5.802843188165499,1.9529893982680362,98.8247349567009
2015-11-02,379.6000000000001,5.939118066735773,1.7055777351198593,92.63944337799647
2015-11-03,449.69000000000005,6.108558456482495,2.564045601003574,100.0
2015-11-04,416.2100000000001,6.031189940581032,3.403840928849103,100.0
2015-11-05,360.16,5.886548377158422,3.0758273612696776,100.0
2015-11-06,383.1999999999999,5.948557046096705,2.5263961292766175,100.0
2015-11-07,387.9199999999999,5.960799132797097,2.3249751725608836,100.0
2015-11-08,371.21999999999997,5.916794878770952,2.579765652689074,100.0
2015-11-09,378.91999999999996,5.937325101007334,1.581356613448751,89.53391533621877
2015-11-10,314.6600000000001,5.751492690812277,1.6910227488524334,92.27556872131085
2015-11-11,318.82999999999987,5.764658045374483,0.7316484145469797,68.2912103636745
2015-11-12,340.44,5.83023889860876,0.04089470161251163,51.0223675403128
2015-11-13,337.15000000000003,5.820527935180591,0.6455793815222363,66.13948453805591
2015-11-14,332.18000000000006,5.805676990670853,0.5046605431513116,62.616513578782794
2015-11-15,319.9000000000001,5.768008446955473,0.2263930931512429,55.65982732878108
2015-11-16,336.9699999999999,5.819993905618264,0.3830239234309385,59.575598085773464
2015-11-17,334.87000000000006,5.813742396808923,0.6042867701842863,65.10716925460716
2015-11-18,334.62999999999994,5.813025443828249,0.6252862305128679,65.6321557628217
2015-11-19,317.08000000000004,5.759154107968955,0.3124773128122371,57.81193282030592
2015-11-20,322.25999999999993,5.775358673145423,0.32159415207393294,58.03985380184833
2015-11-21,327.34000000000003,5.790999386077738,-0.21556518208112102,44.610870447971976
2015-11-22,321.9599999999999,5.774427314225533,-0.0665383332883111,48.33654166779222
2015-11-23,320.01000000000005,5.768352245305501,0.3286825486271392,58.21706371567848
2015-11-24,318.8900000000001,5.764846215731935,0.17078501865794415,54.2696254664486
2015-11-25,335.01,5.81416038212581,0.18511585538536546,54.627896384634134
2015-11-26,351.8799999999998,5.863290208384473,0.30780708738020834,57.69517718450521
2015-11-27,356.1999999999999,5.875492370855561,0.8155427504298134,70.38856876074533
2015-11-28,355.84,5.874481191622163,1.0176158710826786,75.44039677706697
2015-11-29,377.1899999999999,5.932749039273199,0.8490660719865513,71.22665179966378
2015-11-30,379.75999999999993,5.9395394742430625,0.9751815131376551,74.37953782844137
2015-12-01,352.15999999999997,5.8640856177781515,0.828132544294362,70.70331360735905
2015-12-02,368.17000000000013,5.908544788021606,0.5736774879109382,64.34193719777346
2015-12-03,358.5799999999999,5.882151787167281,-0.4222744490365019,39.44313877408745
2015-12-04,371.4499999999998,5.917414265597815,-0.11559148902947619,47.1102127742631
2015-12-05,397.6000000000001,5.985446474782419,0.6405048667525844,66.0126216688146
2015-12-06,392.51999999999987,5.972587491338293,1.4251112722589543,85.62778180647386
2015-12-07,396.20000000000005,5.981919134264451,0.40062691395989214,60.015672848997305
2015-12-08,421.64,6.0441518693869885,0.3009831640346533,57.52457910086633
2015-12-09,415.6099999999999,6.0297473205332865,0.10922775995182576,52.730693998795644
2015-12-10,424.31,6.050464320160579,0.3206277823151056,58.01569455787764
2015-12-11,426.3999999999999,6.0553778728516345,0.09284074375698681,52.32101859392467
2015-12-12,430.59,6.065156361251399,1.2328572209583073,80.82143052395769
2015-12-13,437.2000000000001,6.080390756302384,1.7263141375666655,93.15785343916664
2015-12-14,454.69999999999993,6.119637860830965,0.16163623831038487,54.04090595775962
2015-12-15,450.00000000000006,6.1092475827643655,0.4467700775264421,61.169251938161054
2015-12-16,452.90000000000015,6.1156713505621685,1.038135094991437,75.95337737478593
2015-12-17,456.36,6.123281971728169,0.8279550688639804,70.69887672159952
2015-12-18,463.76000000000005,6.1393671770314775,0.5542981609116006,63.857454022790016
2015-12-19,458.8000000000001,6.128614385255216,1.541438896115674,88.53597240289184
2015-12-20,436.1600000000002,6.078009148508168,1.34479220317917,83.61980507947925
2015-12-21,439.8999999999999,6.086547428354674,0.041907476645002883,51.047686916125066
2015-12-22,437.7900000000001,6.081739343347764,-0.09360307891228947,47.65992302719276
2015-12-23,452.6999999999998,6.1152296544419125,-0.10832119442722354,47.29197013931941
2015-12-24,458.92,6.128875902930942,-0.1672971485513225,45.81757128621694
2015-12-25,445.56999999999994,6.099354361391531,0.8466029975129206,71.16507493782301
2015-12-26,416.07000000000005,6.030853515336354,-0.1189632961633913,47.02591759591522
2015-12-27,426.9700000000001,6.056713753149202,-0.2561026172695121,43.597434568262194
2015-12-28,422.4599999999998,6.046094767759096,-0.5244974133704563,36.887564665738594
2015-12-29,430.49999999999983,6.064947323867785,-0.46973154581020515,38.25671135474487
2015-12-30,422.90000000000015,6.047135744478443,-0.27522956360596673,43.11926090985083
2015-12-31,434.3999999999999,6.0739657686197255,-0.21875332230939126,44.53116694226522
2016-01-01,433.34999999999985,6.071545715580354,0.0010656858444627005,50.02664214611157
2016-01-02,429.13000000000017,6.061759903326639,0.11188176453183431,52.797044113295854
2016-01-03,429.22000000000014,6.061969607993336,0.0842866792386237,52.107166980965594
2016-01-04,434.1999999999999,6.073505257444191,-0.12742809499152985,46.81429762521175
2016-01-05,428.8100000000001,6.061013930380187,0.08712100795214389,52.1780251988036
2016-01-06,440.3299999999999,6.087524445802853,-0.039406155459793146,49.01484611350517
2016-01-07,455.8999999999998,6.122273487219395,-0.44081722139620316,38.97956946509492
2016-01-08,451.10000000000014,6.111689044414351,0.022784782135163495,50.569619553379084
2016-01-09,447.21000000000015,6.103028282950449,0.389552127063211,59.73880317658028
2016-01-10,450.4000000000001,6.110136076825481,0.23559374400224392,55.889843600056096
2016-01-11,447.34000000000003,6.103318931882124,-0.12999042929215435,46.750239267696145
2016-01-12,428.30999999999983,6.059847232469238,-0.059919902421553775,48.50200243946116
2016-01-13,431.02000000000015,6.066154492739426,-0.19405897697109206,45.1485255757227
2016-01-14,416.9499999999999,6.032966310532994,-0.2829449805082285,42.92637548729429
2016-01-15,374.8999999999999,5.926659323741866,-0.37723948204262325,40.56901294893442
2016-01-16,384.90000000000003,5.9529835602897005,-2.092934379338252,0.0
2016-01-17,381.36999999999983,5.943770032495302,-1.4609216741100781,13.476958147248046
2016-01-18,385.7799999999999,5.955267258796094,-0.9562575391471603,26.093561521320996
2016-01-19,381.69000000000017,5.944608760822719,-0.8865190647320174,27.837023381699566
2016-01-20,416.2100000000001,6.031189940581032,-0.9279151015646019,26.802122460884952
2016-01-21,393.0999999999999,5.9740640324278145,-0.30377550701744943,42.40561232456376
2016-01-22,392.36,5.972179785696115,-0.2952002685538781,42.61999328615305
2016-01-23,388.2999999999999,5.961778236737621,-1.4046622100027881,14.883444749930296
2016-01-24,398.03999999999985,5.986552502746961,-1.1792159786758836,20.51960053310291
2016-01-25,390.5999999999999,5.967684018442578,-0.3829343856832529,40.42664035791867
2016-01-26,393.19999999999993,5.974318388273011,-0.5624093652112853,35.93976586971787
2016-01-27,379.1999999999998,5.938063770380866,-0.7325994697808925,31.68501325547769
2016-01-28,369.2900000000001,5.911582243235735,-0.802185108509399,29.945372287265027
2016-01-29,377.1,5.9325104042643115,-0.6155585995906069,34.61103501023482
2016-01-30,377.33000000000004,5.933120136133738,-1.1576898145573606,21.057754636065983
2016-01-31,371.1599999999999,5.916633236484978,-1.1667197732765597,20.832005668086005
2016-02-01,373.1100000000001,5.92187328233376,-0.9631256678628508,25.92185830342873
2016-02-02,372.3,5.919699980878671,-0.89369700831004,27.657574792249
2016-02-03,371.31000000000006,5.917037293220041,-1.4090993197357613,14.772517006605968
2016-02-04,388.19,5.961494910485549,-1.880356776342155,2.991080591446127
2016-02-05,373.08,5.921792873858663,-1.088935377245844,22.7766155688539
2016-02-06,374.36,5.925217901289056,-0.633879290690438,34.15301773273905
2016-02-07,374.35000000000014,5.925191188676695,-0.9236078483566436,26.90980379108391
2016-02-08,371.20000000000005,5.916741000912046,-1.4121603579927704,14.69599105018074
2016-02-09,374.99999999999994,5.926926025970411,-1.796105445015173,5.097363874620675
2016-02-10,380.1299999999999,5.940513299478926,-1.7594179649178665,6.014550877053337
2016-02-11,379.4300000000001,5.938670126594165,-1.7621479425251978,5.946301436870055
2016-02-12,389.7000000000001,5.965377212344664,-1.2990576364997772,17.523559087505568
2016-02-13,395.89000000000004,5.98113639488931,-0.4957007954063708,37.60748011484073
2016-02-14,406.21000000000004,6.00687026725783,-0.24909672235113753,43.77258194122156
2016-02-15,400.91999999999996,5.993761906156665,-0.7780372219607561,30.549069450981097
2016-02-16,407.1400000000001,6.0091571066389005,-0.5391144284033972,36.52213928991507
2016-02-17,417.90000000000003,6.03524216945387,-0.4407367263932942,38.98158184016764
2016-02-18,421.4800000000001,6.043772326731327,-0.25700935698624733,43.57476607534382
2016-02-19,420.8000000000001,6.0421576614235,-0.29862643810222883,42.53433904744428
2016-02-20,439.40000000000015,6.08541015995051,0.4331915411042208,60.82978852760552
2016-02-21,438.77,6.083975357786739,1.0131903763848862,75.32975940962216
2016-02-22,440.2199999999999,6.087274601953958,0.15236802973042213,53.809200743260554
2016-02-23,421.9000000000001,6.044768319130293,0.12881653465220544,53.22041336630514
2016-02-24,422.5,6.046189446797229,-0.18285496529326584,45.42862586766835
2016-02-25,422.90000000000015,6.047135744478443,-0.19828879515615774,45.04278012109605
2016-02-26,435.03000000000003,6.075414994227914,0.09737509359723508,52.43437733993088
2016-02-27,426.6499999999998,6.055964004982593,0.36943204159244014,59.23580103981101
2016-02-28,439.09999999999997,6.084727177567672,0.3571622192047032,58.929055480117576
2016-02-29,438.1400000000001,6.082538494007354,0.17223447115362886,54.30586177884072
2016-03-01,434.6699999999999,6.07458712250074,0.24733190395487908,56.183297598871974
2016-03-02,419.6999999999999,6.039540170339545,0.0716828760628691,51.792071901571724
2016-03-03,423.41999999999996,6.048364594240794,-0.32378838333385707,41.90529041665357
2016-03-04,408.89000000000016,6.01344617121437,-0.4743493857829668,38.14126535542583
2016-03-05,398.08,5.98665299011076,-0.6200348257952325,34.49912935511919
2016-03-06,404.78,6.0033437096380595,-0.9262491558953387,26.843771102616532
2016-03-07,414.3499999999999,6.026711027295051,-0.764499339376506,30.88751651558735
2016-03-08,409.6100000000001,6.01520548748978,-0.5461008659915998,36.347478350210004
2016-03-09,411.3500000000001,6.0194444336149395,-0.5720829631434402,35.697925921414
2016-03-10,418.47999999999985,6.036629099062355,-0.9284783985484959,26.7880400362876
2016-03-11,412.86,6.0231085524424435,-0.7948481940810928,30.12879514797268
2016-03-12,411.9600000000001,6.020926257257601,-0.15260013798116503,46.18499655047088
2016-03-13,414.3999999999999,6.026831690945273,-0.4469015702159929,38.82746074460018
2016-03-14,417.1600000000001,6.033469841253012,-0.673839982717021,33.154000432074476
2016-03-15,414.4500000000001,6.0269523400375355,-0.6002098613785809,34.994753465535474
2016-03-16,418.10000000000014,6.03572063836252,-0.8409223682086493,28.97694079478377
2016-03-17,417.1600000000001,6.033469841253012,-1.4941719231613717,12.645701920965708
2016-03-18,407.29999999999984,6.009550014654367,-0.9825173764994422,25.437065587513946
2016-03-19,409.39999999999986,6.014692673227189,-0.49153611120484375,37.711597219878904
2016-03-20,407.5500000000002,6.010163624540467,-0.46855349684585706,38.28616257885357
2016-03-21,415.8999999999999,6.030444846748866,-0.9559616482052751,26.100958794868124
2016-03-22,418.10000000000014,6.03572063836252,-0.7985939386291809,30.035151534270476
2016-03-23,416.60000000000014,6.032126528826872,-0.5544908346890505,36.137729132773735
2016-03-24,415.56,6.029627008202331,-0.4955868705296235,37.61032823675941
2016-03-25,417.20000000000005,6.0335657231266175,-0.3344137389199572,41.639656527001065
2016-03-26,416.25999999999993,6.031310065030105,-0.2532977362162641,43.6675565945934
2016-03-27,426.32000000000016,6.055190237988527,-0.24808401047083276,43.79789973822918
2016-03-28,425.3000000000001,6.052794802259588,-0.4424601155471766,38.938497111320586
2016-03-29,415.4800000000001,6.029434478359611,-0.7516731103414533,31.208172241463668
2016-03-30,415.2999999999999,6.029001150636708,-0.9458429442461274,26.353926393846816
2016-03-31,416.94000000000017,6.032942326554291,-1.0423744105061523,23.940639737346192
2016-04-01,420.2999999999999,6.040968742011071,-0.9353103765247353,26.617240586881618
2016-04-02,419.59999999999997,6.039301876522142,-0.29078270501372155,42.730432374656964
2016-04-03,419.8,6.039778407386533,-0.2129171939241045,44.67707015189738
2016-04-04,423.65000000000015,6.0489076426444734,-0.8741084307895446,28.147289230261386
2016-04-05,423.1199999999999,6.047655826757724,-0.803388797451346,29.915280063716352
2016-04-06,421.15,6.042989064761373,-0.7957907232940993,30.10523191764752
2016-04-07,422.62000000000006,6.046473430138781,-0.7598454670304741,31.003863324238147
2016-04-08,415.77000000000015,6.030132222748821,-0.8367265859076245,29.081835352309387
2016-04-09,417.98999999999995,6.03545750879361,-0.3335820386150549,41.660449034623625
2016-04-10,421.88000000000005,6.044720913408414,-0.3308152215067771,41.72961946233057
2016-04-11,428.6,6.060524083039477,-0.8998771462677806,27.503071343305486
2016-04-12,427.15000000000003,6.057135239597628,-0.8385861467152399,29.035346332119005
2016-04-13,426.4699999999999,6.055542024481208,-0.4718785630151539,38.203035924621155
2016-04-14,427.9900000000001,6.059099830822862,-0.4489207860807985,38.776980347980036
2016-04-15,431.29999999999995,6.066803903653797,-0.4975311551497441,37.5617211212564
2016-04-16,431.17,6.066502443890595,-0.047420443715780664,48.814488907105485
2016-04-17,430.61999999999995,6.065226030670035,-0.025205870087626668,49.36985324780933
2016-04-18,429.63999999999993,6.062947648729846,-0.5382219458698553,36.54445135325361
2016-04-19,438.0899999999998,6.082424368720489,-0.6880343155407402,32.799142111481494
2016-04-20,446.1,6.100543142134219,-0.36213338287159685,40.946665428210075
2016-04-21,447.36,6.103363639605391,-0.2447367366004763,43.8815815849881
2016-04-22,447.00000000000017,6.102558594613569,0.0744691138701905,51.86172784675476
2016-04-23,456.90000000000015,6.124464548569226,0.2642842661407762,56.6071066535194
2016-04-24,459.79999999999995,6.130791612329081,0.3990726794326052,59.97681698581513
2016-04-25,464.94000000000017,6.141908365003914,0.06661633074712806,51.665408268678206
2016-04-26,466.7400000000001,6.145772357446738,-0.03635950689634565,49.09101232759136
2016-04-27,442.5299999999999,6.092508258760067,-0.06424224080809104,48.393943979797726
2016-04-28,445.9900000000002,6.100296530244035,-0.6651591284208513,33.37102178947872
2016-04-29,454.17000000000013,6.118471577291897,-0.7983523105261886,30.041192236845284
2016-04-30,448.17,6.105172624722336,0.13039954206296436,53.25998855157411
2016-05-01,452.29999999999984,6.114345676483797,-0.12379967652051889,46.905008086987024
2016-05-02,443.37000000000006,6.094404635894591,-0.8964546254167578,27.588634364581054
2016-05-03,449.7399999999999,6.108669638008687,-0.9016588641719097,27.45852839570226
2016-05-04,448.6999999999999,6.106354512981937,-0.6783257262145485,33.041856844636285
2016-05-05,448.23999999999995,6.105328803257029,-0.4965138580505185,37.58715354873704
2016-05-06,460.0900000000001,6.1314221225196635,-0.4326896639894211,39.182758400264476
2016-05-07,460.9200000000002,6.133224492145814,0.12339479640154458,53.08486991003861
2016-05-08,459.15999999999997,6.129398733197296,0.0774238764498806,51.93559691124702
2016-05-09,461.60000000000014,6.13469871519389,-0.19819539429078717,45.04511514273032
2016-05-10,453.49,6.116973218595422,-0.1191302351865787,47.02174412033553
2016-05-11,451.5500000000001,6.112686108696808,-0.4809619127343012,37.97595218164247
2016-05-12,454.3000000000001,6.118757772765358,-0.3150323891101924,42.12419027224519
2016-05-13,456.1100000000001,6.122734008493749,-0.12998580068219956,46.750354982945005
2016-05-14,455.76,6.12196635517214,-0.1795446808607805,45.51138297848048
2016-05-15,457.4499999999998,6.125667589125544,-0.17319895360414517,45.67002615989637
2016-05-16,454.49999999999994,6.119197913617533,-0.09192151896434339,47.70196202589141
2016-05-17,454.6000000000002,6.119417911418443,-0.19598401212125935,45.100399696968516
2016-05-18,454.08,6.118273393971678,-0.06307770206960064,48.42305744825998
2016-05-19,438.7199999999999,6.083861396373949,0.0083202106073888,50.20800526518472
2016-05-20,441.33000000000015,6.0897928949302305,-0.26596051328736625,43.350987167815845
2016-05-21,441.05000000000007,6.089158247704776,-0.707892066270008,32.3026983432498
2016-05-22,439.86999999999983,6.086479228711559,-0.6364767260309652,34.08808184922587
2016-05-23,443.60000000000014,6.094923255476212,-0.22151429865426742,44.46214253364331
2016-05-24,447.1,6.102782283239935,-0.05222008724593602,48.6944978188516
2016-05-25,448.07000000000016,6.104949470209226,-0.12005174755615503,46.99870631109612
2016-05-26,466.9799999999999,6.146286430199352,-0.12458158787613294,46.88546030309668
2016-05-27,490.23999999999995,6.194895067112172,0.0468121708188492,51.170304270471235
2016-05-28,516.3000000000001,6.2466879918856035,0.18867372740046737,54.71684318501169
2016-05-29,533.3700000000001,6.27921536719659,1.8308888166251835,95.77222041562959
2016-05-30,540.5399999999997,6.292568639891403,0.9327225139878794,73.31806284969699
2016-05-31,527.57,6.268281557967968,1.0417374645397486,76.04343661349371
2016-06-01,538.1299999999999,6.288100166660316,0.7448510560398302,68.62127640099575
2016-06-02,536.3199999999999,6.284730997853663,0.7919457963718501,69.79864490929626
2016-06-03,571.9800000000001,6.349104025733542,0.16555739226728838,54.138934806682215
2016-06-04,580.9999999999998,6.364750756851911,1.8694783480092643,96.7369587002316
2016-06-05,579.1999999999998,6.361647841071506,1.779048421762383,94.47621054405957
2016-06-06,585.7600000000002,6.3729101493719265,0.36585905606497343,59.14647640162434
2016-06-07,574.23,6.353030012926128,0.4052134971631796,60.130337429079496
2016-06-08,578.7,6.360784208579793,0.1600821623023494,54.00205405755874
2016-06-09,574.37,6.353273787957807,0.3000322694676787,57.50080673669197
2016-06-10,585.7000000000003,6.372807713095737,0.3955812853723504,59.889532134308766
2016-06-11,630.1000000000001,6.44587853694801,0.9388311517849244,73.47077879462312
2016-06-12,681.3499999999999,6.52407612419583,1.4439166353376396,86.09791588344099
2016-06-13,695.1100000000002,6.544070106422177,1.710022640366618,92.75056600916545
2016-06-14,682.8500000000003,6.526275216124434,2.0626131084314445,100.0
2016-06-15,736.6200000000003,6.602072155420804,1.4637289897989894,86.59322474497473
2016-06-16,773.9700000000003,6.651533113148629,1.4042743588430213,85.10685897107552
2016-06-17,731.5500000000003,6.595165570824172,2.033419008201944,100.0
2016-06-18,748.9099999999997,6.618618816083784,2.5302689113165013,100.0
2016-06-19,761.9800000000001,6.635920308623035,2.3959264398837123,100.0
2016-06-20,712.6099999999999,6.568934286191431,1.237846656044835,80.94616640112086
2016-06-21,658.0999999999999,6.489356895462073,0.3553609092467106,58.88402273116776
2016-06-22,584.0699999999998,6.370020838658928,-0.3106912104747265,42.23271973813184
2016-06-23,656.3200000000004,6.486648474884016,-1.0605754589570728,23.48561352607318
2016-06-24,691.4,6.538718527487524,0.03546612006981836,50.886653001745465
2016-06-25,655.5800000000002,6.485520339998,0.03760094367217245,50.940023591804305
2016-06-26,642.18,6.464868638224339,0.07007000534095909,51.75175013352398
2016-06-27,658.4599999999998,6.489903775222923,0.41666680378458265,60.41667009461457
2016-06-28,633.6000000000001,6.451417840500216,0.45565158756024593,61.39128968900614
2016-06-29,635.8999999999999,6.455041318273362,0.17901658299936846,54.475414574984214
2016-06-30,687.2399999999999,6.532683576193766,0.21498870760972222,55.37471769024306
2016-07-01,678.3000000000001,6.519589667952034,0.3158360845279194,57.895902113197984
2016-07-02,688.3700000000003,6.534326484073427,0.10505779764395377,52.626444941098846
2016-07-03,670.6300000000001,6.508217569088763,0.5160016067188049,62.900040167970126
2016-07-04,679.6000000000003,6.521504389797777,0.10209147933616028,52.55228698340401
2016-07-05,676.71,6.517242820726155,0.43528202700804935,60.882050675201235
2016-07-06,671.82,6.509990447500161,0.23507737758042624,55.87693443951065
2016-07-07,639.98,6.461436925865426,0.3919941664052808,59.799854160132014
2016-07-08,655.6799999999996,6.485672865050534,-0.0005048629313181285,49.987378426717044
2016-07-09,648.8500000000003,6.47520156518324,-0.3377962018955096,41.55509495261226
2016-07-10,656.0699999999999,6.486267490568341,-0.5963573114529854,35.091067213675366
2016-07-11,647.6699999999997,6.473381307376477,0.16564972769998149,54.14124319249953
2016-07-12,663.8800000000002,6.498101410252518,0.08719571085592626,52.17989277139816
2016-07-13,654.8,6.48432984549698,0.15881559855447125,53.970389963861784
2016-07-14,666.03,6.501334714570937,-0.029103133054029645,49.272421673649255
2016-07-15,667.9499999999999,6.504213320435821,0.17357871293763263,54.33946782344081
2016-07-16,666.5200000000003,6.502070146670423,-0.32566898910546316,41.85827527236342
2016-07-17,684.8999999999999,6.529272842203859,-0.3627342873123305,40.93164281719174
2016-07-18,674.4,6.513823406687646,0.3103294689986353,57.75823672496588
2016-07-19,672.2000000000003,6.510555915291006,0.4094593847328387,60.236484618320965
2016-07-20,662.6499999999999,6.4962469473266875,0.40738104088202265,60.18452602205057
2016-07-21,666.7199999999998,6.502370167674143,0.2226538429356447,55.56634607339112
2016-07-22,652.3999999999997,6.4806578707468585,0.3674185359683144,59.18546339920786
2016-07-23,654.3999999999997,6.483718785288537,-0.7187688960642084,32.03077759839479
2016-07-24,659.9900000000001,6.492224683390535,-0.5701741416736412,35.74564645815897
2016-07-25,654.7900000000002,6.484314573541635,0.2203487488222433,55.50871872055608
2016-07-26,651.1199999999999,6.478693957018786,0.08214053919107339,52.05351347977684
2016-07-27,657.1999999999998,6.487988386163113,0.018975904355242046,50.47439760888105
2016-07-28,657.1000000000001,6.487836213903822,-0.10282071196303108,47.42948220092422
2016-07-29,657.7099999999999,6.48876410469225,-0.5758756455446185,35.603108861384534
2016-07-30,636.5999999999999,6.456141514847992,-0.5382681042048435,36.54329739487891
2016-07-31,622.6,6.433904258007508,-0.573999386934626,35.650015326634346
2016-08-01,603.5299999999997,6.4027957493269385,-0.7598826955064653,31.00293261233837
2016-08-02,540.0000000000002,6.29156913955832,-1.1423492911113815,21.441267722215464
2016-08-03,569.8200000000002,6.3453205214829165,-1.9742695558858352,0.6432611028541202
2016-08-04,582.6830000000001,6.367643299191094,-1.0165557741492572,24.586105646268567
2016-08-05,575.6400000000002,6.355482465301973,-0.6633954172803282,33.41511456799179
2016-08-06,591.7580000000003,6.383097767525355,-1.437330163273546,14.066745918161349
2016-08-07,595.0000000000002,6.38856140554563,-1.1892803397659522,20.267991505851196
2016-08-08,591.8310000000002,6.383221121155867,-0.3762259832264371,40.59435041933908
2016-08-09,586.22,6.373695145743232,-0.5053500514590878,37.3662487135228
2016-08-10,591.79,6.383151842222802,-0.7236869438365309,31.907826404086727
2016-08-11,585.3199999999998,6.3721587062242255,-0.5730099770928656,35.67475057267836
2016-08-12,583.8800000000002,6.369695482262378,-0.6076307610405017,34.80923097398746
2016-08-13,581.9,6.366298611662624,-0.9831497751583991,25.42125562104002
2016-08-14,570.6000000000001,6.3466884387794,-0.9796645196827747,25.508387007930633
2016-08-15,566.5299999999997,6.339530035817887,-0.7568887048469874,31.077782378825315
2016-08-16,574.8699999999999,6.35414392827932,-1.1305416858382094,21.736457854044765
2016-08-17,571.3700000000001,6.348036985793231,-0.9890109053890692,25.274727365273268
2016-08-18,574.2500000000001,6.353064841569208,-1.233146314073778,19.171342148155553
2016-08-19,573.0800000000002,6.351025323025172,-1.0178033607197152,24.55491598200712
2016-08-20,582.9399999999998,6.3680842651023095,-0.9594230798819301,26.014423002951748
2016-08-21,581.9300000000001,6.366350165583741,-0.7896975019020644,30.25756245244839
2016-08-22,589.9399999999998,6.380020836813232,-0.871019035730475,28.224524106738123
2016-08-23,582.2400000000002,6.36688273386385,-0.7774174325287619,30.564564186780952
2016-08-24,575.5999999999999,6.355412975013213,-0.6572010497656087,33.569973755859785
2016-08-25,576.4300000000002,6.356853909960411,-0.6728653018900363,33.17836745274909
2016-08-26,575.3299999999998,6.354943789215722,-0.33088223048091997,41.727944237977
2016-08-27,568.6099999999998,6.343194786118175,-0.7584836921184782,31.037907697038047
2016-08-28,576.8599999999998,6.357599602752207,-0.9151227970833569,27.12193007291608
2016-08-29,574.7499999999999,6.353935163643291,-0.29999550710505335,42.50011232237367
2016-08-30,576.7599999999998,6.357426235438446,-0.09740468415253734,47.56488289618657
2016-08-31,575.7,6.355586691681764,-0.09429000939751264,47.642749765062185
2016-09-01,571.79,6.3487717911028945,-0.2995130325315264,42.51217418671184
2016-09-02,576.79,6.357478248788551,-0.20373484068229963,44.90662898294251
2016-09-03,607.65,6.409599058316809,-0.6420408100880703,33.94897974779824
2016-09-04,611.2999999999997,6.415587837034679,-0.13570548199621402,46.60736295009465
2016-09-05,610.4699999999998,6.414229152294207,0.1978367271044732,54.94591817761183
2016-09-06,613.1900000000002,6.418674838971664,-0.3147221171708289,42.13194707072928
2016-09-07,619.3000000000001,6.428589807944015,-0.19209420530834073,45.19764486729148
2016-09-08,630.1000000000001,6.44587853694801,-0.13381169588144787,46.6547076029638
2016-09-09,625.7099999999998,6.438887004976653,0.15166630853968227,53.79165771349206
2016-09-10,627.26,6.441361127726066,0.11442761480042096,52.86069037001052
2016-09-11,611.2300000000001,6.415473320417376,0.11390824927973692,52.84770623199342
2016-09-12,612.83,6.418087572841672,-0.2486199868702863,43.78450032824284
2016-09-13,613.2100000000003,6.418707454757707,-0.007359418882711688,49.816014527932204
2016-09-14,611.6999999999998,6.416241966248519,-0.14981064233870942,46.254733941532265
2016-09-15,611.3300000000002,6.415636911570731,-0.16305905337105803,45.92352366572355
2016-09-16,609.7,6.4129670329137705,0.17826662553441708,54.45666563836043
2016-09-17,608.6899999999998,6.411309106910847,-0.3381045612458091,41.54738596885477
2016-09-18,613.41,6.4190335541230725,-0.353040481115855,41.173987972103625
2016-09-19,610.0000000000002,6.413458957167357,0.07190859576822686,51.79771489420567
2016-09-20,598.6500000000001,6.394677120162853,0.10682245670706436,52.67056141767661
2016-09-21,598.19,6.393908429239002,-0.16243998280029653,45.93900042999259
2016-09-22,597.1,6.392084603552947,-0.30467700586590685,42.38307485335233
2016-09-23,605.0000000000002,6.405228458030842,-0.2990363678745309,42.52409080313673
2016-09-24,602.99,6.401900612841747,-0.4697869319904478,38.255326700238804
2016-09-25,601.6000000000001,6.39959277263563,-0.45575635125169706,38.606091218707576
2016-09-26,608.2000000000002,6.4105037752432645,-0.32204864208420864,41.94878394789478
2016-09-27,604.5599999999998,6.404500920712464,-0.1904903619683616,45.237740950790965
2016-09-28,604.5999999999998,6.404567082345357,-0.21350330067958967,44.66241748301026
2016-09-29,605.4100000000001,6.405905914455823,-0.1706153581280432,45.73461604679892
2016-09-30,613.2600000000002,6.41878898956904,-0.20168593611246133,44.95785159718847
2016-10-01,614.1999999999998,6.420320608006722,-0.33550115109765605,41.6124712225586
2016-10-02,611.5800000000003,6.416045772408377,-0.20694157200613936,44.826460699846514
2016-10-03,611.0999999999998,6.4152606119008695,-0.012411703438535732,49.689707414036604
2016-10-04,610.9,6.414933279655721,0.1771899547848118,54.4297488696203
2016-10-05,613.5600000000001,6.419278058879908,0.10068074078423786,52.517018519605955
2016-10-06,613.54,6.419245461699561,0.405216335438937,60.130408385973425
2016-10-07,621.5000000000002,6.432135910950766,0.29867384117331197,57.4668460293328
2016-10-08,617.9699999999999,6.426439912590087,-0.21995041157369846,44.501239710657536
2016-10-09,619.85,6.429477513284156,-0.20607275413086223,44.84818114672844
2016-10-10,622.6699999999997,6.434016683425407,0.4470611832533912,61.17652958133478
2016-10-11,639.7500000000002,6.4610774750398985,0.7738494267598356,69.34623566899589
2016-10-12,643.2799999999997,6.466580088239893,1.0796702181342885,76.99175545335721
2016-10-13,639.2400000000002,6.4602799707169085,0.7056558998331298,67.64139749582824
2016-10-14,644.4999999999998,6.468474822379242,0.866938710462547,71.67346776156367
2016-10-15,642.9999999999998,6.466144724237619,0.03390168672936928,50.84754216823423
2016-10-16,642.0799999999999,6.464712906518606,-0.04019338688758612,48.99516532781035
2016-10-17,639.7700000000002,6.461108736763047,0.7818694514429702,69.54673628607425
2016-10-18,638.8500000000003,6.4596696850373325,0.6769097150780043,66.92274287695011
2016-10-19,629.1700000000001,6.444401490454281,0.5929842571253743,64.82460642813436
2016-10-20,636.7000000000002,6.45629858702298,0.6650148139083075,66.62537034770769
2016-10-21,636.1600000000002,6.455450104028155,0.7724201656994649,69.31050414248662
2016-10-22,663.6800000000002,6.497800105601108,-0.29919704153697446,42.52007396157564
2016-10-23,657.4,6.488292661230119,0.16502071379179317,54.12551784479482
2016-10-24,658.5000000000002,6.489964521183336,0.9429214020071556,73.57303505017889
2016-10-25,663.5099999999998,6.497543925248739,0.8258276117586167,70.64569029396542
2016-10-26,687.1300000000001,6.532523502850729,0.7675191126863662,69.18797781715915
2016-10-27,686.46,6.531547956940908,1.0021687464657214,75.05421866164303
2016-10-28,704.8700000000001,6.558013388645901,0.7774529426288337,69.43632356572084
2016-10-29,711.2300000000001,6.5669958655372715,0.5769610489538645,64.42402622384661
2016-10-30,700.1000000000004,6.551223181983152,0.9968651422700121,74.9216285567503
2016-10-31,712.34,6.56855532552161,0.7959198505426885,69.89799626356721
2016-11-01,730.6999999999998,6.594002978797172,0.3806399867707433,59.51599966926858
2016-11-02,746.3699999999999,6.615221455799332,0.5137594950030566,62.843987375076416
2016-11-03,704.9700000000001,6.558155248715367,0.46337867419678175,61.58446685491954
2016-11-04,705.6000000000001,6.559048504692582,-0.13368867498649856,46.65778312533754
2016-11-05,720.3399999999998,6.579723322770498,0.3680195827794089,59.20048956948523
2016-11-06,707.8,6.562161567911363,0.35498738192464924,58.87468454811623
2016-11-07,707.9700000000003,6.562401719914608,0.4202227774795277,60.505569436988196
2016-11-08,738.1699999999998,6.604174150376977,0.30937440127107674,57.73436003177692
2016-11-09,717.9600000000002,6.576413857189941,0.6207388697859669,65.51847174464918
2016-11-10,714.6800000000001,6.571834890064967,0.7856061852294824,69.64015463073706
2016-11-11,713.82,6.57063082971649,0.7492245321702605,68.73061330425652
2016-11-12,694.6499999999999,6.5434081215948705,0.20861045278870638,55.215261319717655
2016-11-13,706.98,6.561002376953304,-0.08433491795813199,47.8916270510467
2016-11-14,712.2499999999997,6.568428973378017,1.3946082267141744,84.86520566785435
2016-11-15,713.5499999999998,6.5702525115464,1.366584348152625,84.16460870381563
2016-11-16,749.4399999999999,6.619326260969298,1.4072064518840879,85.1801612971022
2016-11-17,743.19,6.610951732080795,1.7713357807840993,94.28339451960248
2016-11-18,752.76,6.623746451896652,1.760796902606514,94.01992256516284
2016-11-19,755.91,6.627922321473755,0.5781414305068585,64.45353576267146
2016-11-20,731.3399999999999,6.5948784678958,0.536770288857167,63.419257221429184
2016-11-21,739.35,6.6057714218194965,1.4403972856488338,86.00993214122084
2016-11-22,745.3999999999999,6.613920987045158,1.0497761417043077,76.24440354260769
2016-11-23,741.4100000000002,6.608553778621354,1.6965101071272561,92.4127526781814
2016-11-24,730.2299999999999,6.593359553011933,1.5106875047389061,87.76718761847265
2016-11-25,737.5000000000003,6.603266088213975,0.9002662099698421,72.50665524924605
2016-11-26,727.3899999999998,6.589462784864218,-0.04901742130573085,48.774564467356726
2016-11-27,730.6200000000002,6.593893488746971,-0.17883467449008247,45.52913313774794
2016-11-28,733.7199999999998,6.59812748444615,0.6337825968806896,65.84456492201724
2016-11-29,731.3499999999998,6.594892141333097,0.4299996065816749,60.74999016454188
2016-11-30,749.7099999999999,6.619686465088858,0.6374334948589254,65.93583737147314
2016-12-01,769.9700000000003,6.646351553049768,0.4910105567841278,62.2752639196032
2016-12-02,771.9699999999998,6.648945689166076,0.43825509724821493,60.956377431205375
2016-12-03,765.2100000000002,6.640150305959535,0.4404694340995017,61.01173585248753
2016-12-04,755.1999999999998,6.626982614831291,0.14578982697249415,53.644745674312354
2016-12-05,753.3800000000003,6.624569748582247,0.12384141275489446,53.09603531887236
2016-12-06,752.3500000000001,6.623201641204887,0.12461930413775837,53.115482603443965
2016-12-07,765.8700000000001,6.641012442544012,0.04030215875226702,51.007553968806675
2016-12-08,767.8999999999997,6.6436595163364975,0.4552002765554319,61.3800069138858
2016-12-09,773.6800000000002,6.651158351408708,0.6401306842908151,66.00326710727037
2016-12-10,765.2800000000002,6.640241779931987,0.08541165229092833,52.135291307273214
2016-12-11,770.7400000000001,6.647351092306484,0.12034177631573169,53.00854440789329
2016-12-12,774.16,6.651778570572687,0.29823939961162804,57.4559849902907
2016-12-13,780.2,6.659550297072556,0.4019525267172871,60.04881316793218
2016-12-14,778.0100000000001,6.656739377566224,0.8357183978189837,70.8929599454746
2016-12-15,780.2900000000002,6.659665645456846,1.4740766635687004,86.85191658921751
2016-12-16,788.0000000000001,6.669498089857879,0.942128438707454,73.55321096768634
2016-12-17,792.4999999999998,6.675192505751435,0.06480259983809689,51.62006499595242
2016-12-18,791.0699999999998,6.673386459427372,0.1901628692921338,54.754071732303345
2016-12-19,789.6899999999997,6.671640463386762,1.043755886886318,76.09389717215795
2016-12-20,805.7,6.69171146478315,0.997769586131418,74.94423965328545
2016-12-21,840.5999999999998,6.734115922571016,0.9040575831779577,72.60143957944895
2016-12-22,903.7200000000001,6.806519577901261,1.13824753853666,78.4561884634165
2016-12-23,913.3300000000002,6.81709726107231,1.261367754821738,81.53419387054345
2016-12-24,869.6000000000003,6.768033335807,2.221179622036605,100.0
2016-12-25,907.3500000000001,6.810528263221033,1.5113115277606326,87.78278819401581
2016-12-26,904.0400000000002,6.806873607200883,1.3205585887533036,83.01396471883258
2016-12-27,950.0000000000001,6.856461984594587,1.2998341486213754,82.49585371553438
2016-12-28,967.4799999999999,6.874694752855646,1.4620140214658732,86.55035053664683
2016-12-29,950.24,6.85671458426755,1.8779565957112019,96.94891489278005
2016-12-30,948.8599999999999,6.8552612640180675,1.4604819856035247,86.51204964008812
2016-12-31,962.9,6.869949564246238,1.5833651062721086,89.58412765680272
2017-01-01,993.2699999999996,6.901002530409426,1.5634474411856973,89.08618602964243
2017-01-02,1012.6299999999995,6.920306185800482,1.305640783416978,82.64101958542444
2017-01-03,1021.1999999999997,6.9287336853673285,1.4869237189789932,87.17309297447483
2017-01-04,1132.5660000000005,7.03224113380478,1.1765969475532716,79.41492368883178
2017-01-05,1007.4900000000005,6.915217368213267,2.013018031329094,100.0
2017-01-06,898.6500000000003,6.800893637198044,0.3780648435564782,59.451621088911956
2017-01-07,909.2899999999997,6.8126640752008125,-1.1696915785903301,20.757710535241745
2017-01-08,923.3100000000003,6.827965039435841,-0.9352083933735436,26.61979016566141
2017-01-09,896.6799999999998,6.798699053705695,-0.4826996758961679,37.932508102595804
2017-01-10,906.0300000000003,6.809072418077552,-0.471654741840284,38.2086314539929
2017-01-11,800.4,6.685111602709578,-0.5624999123764177,35.937502190589555
2017-01-12,804.8200000000003,6.690618649931329,-1.9747193091417807,0.6320172714554817
2017-01-13,826.11,6.716727936567219,-1.7246144778576324,6.884638053559189
2017-01-14,827.8999999999997,6.71889237414476,-1.7882530925172626,5.293672687068435
2017-01-15,822.1099999999997,6.711874206054427,-1.826543483692906,4.33641290767735
2017-01-16,834.8300000000003,6.727228111308654,-1.0275728708622358,24.310678228444104
2017-01-17,906.3499999999998,6.809425544908928,-1.4490829276230672,13.77292680942332
2017-01-18,887.7300000000002,6.7886676427043104,-0.35279906382332793,41.1800234044168
2017-01-19,901.28,6.803815975146404,-0.6174000504236798,34.564998739408004
2017-01-20,896.0099999999998,6.797951573626936,-0.5683827098788907,35.79043225302773
2017-01-21,925.5760000000002,6.830416246416249,-0.3974408293364988,40.06397926658753
2017-01-22,923.92,6.828625487806832,0.08853938456497032,52.21348461412426
2017-01-23,908.7900000000001,6.812114044385221,-0.773166917007592,30.6708270748102
2017-01-24,885.9100000000002,6.78661536531003,-0.641758859682816,33.9560285079296
2017-01-25,896.5,6.798498293045188,-1.0383031118402353,24.042422203994118
2017-01-26,915.2,6.8191426206255334,-0.6871429976937885,32.82142505765528
2017-01-27,922.9069999999998,6.827528471029851,-0.4802668296240924,37.99332925939769
2017-01-28,925.2599999999999,6.83007477909762,-0.15443680907289295,46.13907977317768
2017-01-29,913.0200000000001,6.816757786160078,-0.1378655698624769,46.55336075343808
2017-01-30,920.2699999999999,6.824667105247634,-0.602116482131257,34.947087946718575
2017-01-31,964.4999999999999,6.871609832345784,-0.8778374191584066,28.054064521039834
2017-02-01,992.69,6.900418430008119,-0.3608060183744709,40.97984954063823
2017-02-02,1007.2999999999998,6.915028762948635,-0.18508098557288205,45.37297536067795
2017-02-03,1018.5000000000003,6.926086235666861,-0.07855281466455638,48.03617963338609
2017-02-04,1031.4099999999999,6.9386820771292905,0.9566925113860375,73.91731278465093
2017-02-05,1016.5799999999997,6.92419933139807,1.141905513466,78.54763783665
2017-02-06,1023.1000000000001,6.930592512884894,-0.1285505285357602,46.786236786606
2017-02-07,1052.8000000000002,6.959208560571053,0.11474023445338571,52.86850586133465
2017-02-08,1057.2999999999995,6.96347376773848,0.21411913295251767,55.35297832381294
2017-02-09,994.7399999999999,6.902481396479429,0.3466968821124763,58.6674220528119
2017-02-10,992.2999999999997,6.9000254809201955,-0.2578465219321231,43.55383695169692
2017-02-11,1019.0000000000002,6.926577033222725,-0.14262302923875,46.43442426903125
2017-02-12,1001.0299999999996,6.908784748896098,0.07061782862831513,51.765445715707884
2017-02-13,1003.1199999999997,6.910870421882282,-0.0033522527526289453,49.91619368118428
2017-02-14,1013.8000000000004,6.921460926038249,-0.0006153436800248879,49.984616407999376
2017-02-15,1014.7999999999997,6.9224468277251265,0.012176974620654885,50.304424365516375
2017-02-16,1033.0100000000002,6.940232149614893,-0.2370839281381539,44.072901796546155
2017-02-17,1056.4999999999995,6.962716837056111,0.11371876553199572,52.84296913829989
2017-02-18,1062.4700000000003,6.968351665105831,0.5170786084759337,62.92696521189834
2017-02-19,1056.1,6.962338156752429,0.46327027136096527,61.58175678402414
2017-02-20,1090.4000000000005,6.994299880382323,0.13502413519072884,53.37560337976822
2017-02-21,1129.9399999999998,7.0299198129515394,0.5469983929541659,63.67495982385415
2017-02-22,1129.8050000000003,7.029800330443416,0.732462740876747,68.31156852191867
2017-02-23,1186.66,7.0788979171846576,0.48474791204272005,62.118697801068
2017-02-24,1185.7999999999995,7.078172931273267,0.8912797056373692,72.28199264093423
2017-02-25,1158.5799999999997,7.054950396300514,1.4334554274625138,85.83638568656285
2017-02-26,1185.5000000000005,7.0779199055054605,0.7825364042144974,69.56341010536244
2017-02-27,1196.4000000000003,7.087072326755793,0.5842275171474381,64.60568792868595
2017-02-28,1189.6899999999998,7.081448047966781,0.6650556983955703,66.62639245988926
2017-03-01,1230.6200000000003,7.115273386409006,0.7042622008954611,67.60655502238653
2017-03-02,1269.7999999999995,7.146614686736349,1.035290872062707,75.88227180156768
2017-03-03,1289.8399999999997,7.162273458655484,0.8887448803798398,72.21862200949599
2017-03-04,1274.6099999999997,7.150395528448036,1.6869956739403356,92.1748918485084
2017-03-05,1273.6399999999996,7.149634221632104,1.2129696998025115,80.32424249506278
2017-03-06,1279.5999999999995,7.154302808075363,0.7273306585708492,68.18326646427123
2017-03-07,1237.73,7.121034335759137,0.7059898668835751,67.64974667208938
2017-03-08,1143.9600000000005,7.042251206293487,0.4225446995518566,60.56361748879642
2017-03-09,1191.2499999999995,7.0827584549684115,-0.2177367169183868,44.55658207704033
2017-03-10,1115.9579999999996,7.017468507824462,-0.227050584012585,44.323735399685376
2017-03-11,1173.4000000000003,7.06766079649176,-1.5781325025278614,10.546687436803465
2017-03-12,1224.7699999999995,7.11050835024859,-0.492015825276911,37.699604368077225
2017-03-13,1246.1099999999994,7.12778197795474,0.02847649543614207,50.71191238590356
2017-03-14,1244.6000000000001,7.126569472135118,0.13427046211748248,53.35676155293706
2017-03-15,1264.1000000000001,7.142115685501512,-0.3421014730302898,41.447463174242756
2017-03-16,1172.9700000000003,7.067294272878848,-0.4221674523420631,39.44581369144842
2017-03-17,1070.2349999999997,6.97563352950988,-0.9206573449407598,26.983566376481004
2017-03-18,971.7999999999996,6.879150021971802,-2.220758945977607,0.0
2017-03-19,1016.8000000000002,6.9244157198752445,-3.4761092149715918,0.0
2017-03-20,1039.6000000000001,6.946591302767335,-1.9837190790324777,0.4070230241880579
2017-03-21,1114.9000000000005,7.016519993773526,-1.8908278455556033,2.7293038611099165
2017-03-22,1038.0999999999997,6.945147398199199,-1.209079632936497,19.773009176587575
2017-03-23,1033.0100000000002,6.940232149614893,-1.7752838953081995,5.617902617295012
2017-03-24,921.6000000000004,6.826111289941627,-1.7545892182389262,6.135269544026844
2017-03-25,956.4999999999998,6.863280788880307,-3.1553044016174376,0.0
2017-03-26,969.38,6.876656691880106,-2.5619008173803253,0.0
2017-03-27,1043.0000000000002,6.949856455000773,-2.1538458619012393,0.0
2017-03-28,1043.5900000000004,6.950421971001256,-1.1863754839335978,20.340612901660055
2017-03-29,1042.3000000000002,6.949185088745277,-1.020467407032593,24.488314824185174
2017-03-30,1042.4,6.9492810258106354,-0.7719408734219845,30.701478164450393
2017-03-31,1089.5299999999997,6.993501689572351,-0.73466727937921,31.63331801551975
2017-04-01,1093.6499999999996,6.997276004920549,-0.7125085708135541,32.18728572966115
2017-04-02,1078.3000000000002,6.983141005888027,-0.6081601327488684,34.79599668127829
2017-04-03,1152.876,7.050014968952232,-0.3163530370220523,42.09117407444869
2017-04-04,1145.6999999999998,7.04377108289958,-0.07922973069964521,48.01925673250887
2017-04-05,1141.0000000000002,7.039660349862076,-0.10515005776879345,47.37124855578016
2017-04-06,1192.8999999999996,7.0841425962879,-0.08095029074331687,47.97624273141708
2017-04-07,1194.3499999999997,7.085357383325968,0.43371238045318716,60.842809511329676
2017-04-08,1188.5000000000002,7.080447286800249,0.39131736760892294,59.78293419022307
2017-04-09,1211.3999999999996,7.0995319945468465,0.23431031233144928,55.85775780828624
2017-04-10,1209.9000000000003,7.098292990547432,0.36797960110344563,59.199490027586144
2017-04-11,1236.1999999999996,7.119797437225173,0.1744182896628657,54.360457241571645
2017-04-12,1228.0100000000002,7.113150251996407,0.015423418392587818,50.3855854598147
2017-04-13,1176.98,7.070707114762464,0.06963507179216649,51.74087679480416
2017-04-14,1173.7,7.067916431106078,-0.2478586880694295,43.803532798264264
2017-04-15,1179.1999999999998,7.072591521435072,-0.29440790363664965,42.63980240908376
2017-04-16,1178.5599999999995,7.0720486332567,-0.28974344074955394,42.756413981261154
2017-04-17,1240.6000000000004,7.1233504125390175,-0.3461186133933659,41.34703466516585
2017-04-18,1202.9999999999995,7.0925737159746784,-0.5892608407049685,35.26847898237578
2017-04-19,1214.6000000000004,7.102170083463475,-0.38758594903858856,40.310351274035284
2017-04-20,1309.0999999999997,7.177095157186053,-0.3279546075539742,41.80113481115064
2017-04-21,1250.61,7.131386711263071,-0.11950317829074729,47.01242054273132
2017-04-22,1247.6,7.128976984733648,0.3229556372323405,58.07389093080852
2017-04-23,1242.3999999999999,7.124800271834477,0.22344076738713867,55.58601918467847
2017-04-24,1257.9,7.137198942844827,-0.5118685657405355,37.20328585648661
2017-04-25,1281.5400000000002,7.155817758738769,-0.5565167016094299,36.087082459764254
2017-04-26,1400.4199999999998,7.244527470612348,-0.3561643462459064,41.095891343852344
2017-04-27,1332.2000000000003,7.194586989979079,-0.19425174057873856,45.14370648553154
2017-04-28,1353.7399999999998,7.210626411399644,0.007868073138964982,50.19670182847412
2017-04-29,1365.6999999999996,7.2194223966843785,0.8501190633025638,71.2529765825641
2017-04-30,1435.7000000000007,7.269407814133649,0.8424366296501496,71.06091574125374
2017-05-01,1436.9000000000005,7.270243294235161,0.07279529831764059,51.81988245794101
2017-05-02,1448.4699999999996,7.278263105914499,0.22151492542011458,55.53787313550287
2017-05-03,1514.0999999999995,7.322576482014326,0.4728831805162474,61.82207951290618
2017-05-04,1563.8290000000002,7.354892580089382,0.40572621988960056,60.14315549724001
2017-05-05,1552.0759999999996,7.347348668616383,0.2960241093583327,57.400602733958316
2017-05-06,1597.7980000000005,7.376381710326042,1.3569437782208562,83.9235944555214
2017-05-07,1505.8999999999996,7.3171460050927735,1.5953180622910035,89.88295155727508
2017-05-08,1713.5,7.4462933413146635,0.19519579695269962,54.87989492381749
2017-05-09,1760.9,7.473580320966732,1.4174062134042946,85.43515533510737
2017-05-10,1795.8699999999994,7.493244863168867,1.4254351414794397,85.635878536986
2017-05-11,1854.7999999999997,7.525532152517306,1.5933860837808624,89.83465209452156
2017-05-12,1699.0000000000007,7.4377951216719325,1.4976204784608778,87.44051196152193
2017-05-13,1820.0,7.506591780070841,1.0669231648658755,76.6730791216469
2017-05-14,1827.7499999999998,7.510840981173425,1.5388684419559135,88.47171104889784
2017-05-15,1706.0000000000005,7.441906728051625,0.37284144838602007,59.3210362096505
2017-05-16,1700.9,7.438912801720046,-0.24664187406293758,43.833953148426566
2017-05-17,1814.1369999999997,7.503365151527831,-0.5393883631512588,36.51529092121853
2017-05-18,1899.2800000000009,7.549230145967413,-0.1624917133910061,45.93770716522485
2017-05-19,1967.5,7.584518980291558,-0.20100363808853672,44.97490904778658
2017-05-20,2040.1000000000008,7.620754105244684,1.8139407553403917,95.3485188835098
2017-05-21,2027.613,7.614614518098651,2.1332469443426145,100.0
2017-05-22,2087.0350000000003,7.643499677420526,-0.052917713376166464,48.67705716559584
2017-05-23,2250.27,7.718805487999042,0.08051839870075095,52.01295996751878
2017-05-24,2409.0000000000005,7.786967002614872,1.10642317859938,77.66057946498451
2017-05-25,2269.234,7.7271976085941745,1.5202515046159057,88.00628761539764
2017-05-26,2280.999999999999,7.732369222284388,0.3325994021853521,58.31498505463381
2017-05-27,1981.1900000000007,7.591452953255352,1.2397572465172384,80.99393116293096
2017-05-28,2138.2820000000006,7.667757981858087,-0.365682507325043,40.85793731687393
2017-05-29,2280.1600000000008,7.732000894924902,-0.10863111636558637,47.28422209086034
2017-05-30,2147.800000000001,7.6721993414241165,-0.05744719565975448,48.56382010850614
2017-05-31,2291.9880000000003,7.73717484221883,-0.6364973405898031,34.087566485254925
2017-06-01,2420.7000000000003,7.791812033522571,-0.18392488286181274,45.40187792845468
2017-06-02,2487.8999999999996,7.8191942601252675,-0.19054972168071105,45.23625695798222
2017-06-03,2541.7000000000007,7.840588427475604,1.2884931282732146,82.21232820683036
2017-06-04,2489.4,7.819796996566877,1.451970057668572,86.2992514417143
2017-06-05,2638.2000000000003,7.87785214541482,-0.0628218804617785,48.42945298845554
2017-06-06,2872.730000000001,7.963018076143271,0.17420467621008084,54.35511690525202
2017-06-07,2645.2999999999993,7.880539759410756,1.1921777832123825,79.80444458030956
2017-06-08,2801.1300000000015,7.9377781861788215,0.28094148240325195,57.023537060081296
2017-06-09,2809.84,7.940882821204897,0.4551296898148877,61.37824224537219
2017-06-10,2935.1999999999985,7.984530873041072,1.183969520828337,79.59923802070843
2017-06-11,2937.8700000000003,7.98544010796725,1.4473440895230432,86.18360223807609
2017-06-12,2610.7499999999995,7.867392815359658,0.4408257664640137,61.020644161600345
2017-06-13,2710.399999999999,7.904851504457735,-0.49663918671191776,37.58402033220206
2017-06-14,2453.4199999999996,7.805238248517817,-0.4699486651079815,38.25128337230046
2017-06-15,2429.899999999999,7.795605383224442,-0.8997335819082429,27.50666045229393
2017-06-16,2481.6999999999994,7.816699088193238,-1.0807816898960307,22.980457752599232
2017-06-17,2630.8000000000006,7.875043261427196,-1.4029623396119737,14.925941509700657
2017-06-18,2516.5080000000007,7.83062750522984,-0.5068280254506344,37.32929936373414
2017-06-19,2582.800000000001,7.856629360752312,-0.7150105406160209,32.12473648459948
2017-06-20,2706.5,7.903411566237033,-0.4239180362276518,39.40204909430871
2017-06-21,2645.7599999999993,7.880713637613294,-0.18190974423057604,45.452256394235604
2017-06-22,2686.3000000000015,7.895920061092011,-0.4556877480908621,38.607806297728445
2017-06-23,2691.6,7.897891091314163,-0.4626288759115146,38.43427810221214
2017-06-24,2576.130000000001,7.854043551789396,-0.7081186920579006,32.297032698552485
2017-06-25,2490.8700000000003,7.820387326023991,-1.3360512044069028,16.59871988982743
2017-06-26,2416.2100000000005,7.789955475807137,-0.8776526038887605,28.058684902780982
2017-06-27,2565.7999999999997,7.85002559981524,-1.418598236801085,14.535044079972876
2017-06-28,2554.4000000000005,7.845572641400572,-1.2850577334839708,17.87355666290073
2017-06-29,2473.64,7.813446029025617,-1.368719936696705,15.782001582582373
2017-06-30,2456.4,7.806452142455244,-1.3501356960914759,16.2466075977131
2017-07-01,2347.999999999999,7.761319180947987,-1.7099495999103007,7.251260002242482
2017-07-02,2446.3199999999993,7.802340133528267,-1.8363694520092455,4.090763699768862
2017-07-03,2547.5000000000005,7.84286776509688,-1.047254400477052,23.8186399880737
2017-07-04,2602.7999999999993,7.864343067620829,-0.9154676979866007,27.113307550334987
2017-07-05,2604.1999999999994,7.864880805294628,-0.8005194026062276,29.987014934844314
2017-07-06,2594.4999999999995,7.861149098807794,-0.9466732643134081,26.333168392164797
2017-07-07,2502.7099999999996,7.825129423752534,-0.8463834662697731,28.840413343255673
2017-07-08,2551.350000000001,7.844377909828211,-1.4180969797133387,14.547575507166533
2017-07-09,2479.199999999999,7.815691206473538,-1.0904201806703628,22.73949548324093
2017-07-10,2319.460000000001,7.749089678947175,-1.0058550374900537,24.853624062748658
2017-07-11,2303.4000000000005,7.742141571234807,-1.7400394903534515,6.499012741163712
2017-07-12,2385.5999999999995,7.777205944010474,-1.6518250679255857,8.704373301860358
2017-07-13,2337.600000000001,7.756880040996435,-1.246862339006859,18.828441524828527
2017-07-14,2207.2,7.699480022903076,-1.5497476288464744,11.256309278838138
2017-07-15,1977.2599999999998,7.589467326916134,-2.2979989755546018,0.0
2017-07-16,1911.3999999999994,7.555591236832079,-3.251098253526597,0.0
2017-07-17,2234.7,7.71186226985034,-2.6896969937304442,0.0
2017-07-18,2304.000000000001,7.742402021815782,-1.6608586433187085,8.478533917032289
2017-07-19,2254.5299999999997,7.720696804492499,-1.3051417671127084,17.37145582218229
2017-07-20,2876.500000000001,7.9643295563033485,-1.5980093674702358,10.049765813244104
2017-07-21,2671.2999999999993,7.8903205242869126,-0.3392113863871832,41.51971534032042
2017-07-22,2832.5499999999993,7.948932644997024,0.3483049230939466,58.70762307734867
2017-07-23,2750.6700000000005,7.9195997973497345,1.0225014919740993,75.56253729935248
2017-07-24,2757.2800000000007,7.921999965533267,-0.5716561961088442,35.708595097278895
2017-07-25,2557.2999999999993,7.846707293399371,-0.5440929598956159,36.3976760026096
2017-07-26,2525.746999999999,7.834292139541126,-1.554011278754024,11.149718031149403
2017-07-27,2666.32,7.888454523543131,-1.1289306248237247,21.776734379406882
2017-07-28,2786.2000000000003,7.932433939272125,-1.0614615211925844,23.46346197018539
2017-07-29,2701.0000000000005,7.901377353792616,0.10450701537621168,52.61267538440529
2017-07-30,2725.349999999999,7.910352139216559,-0.5294196093328963,36.76450976667759
2017-07-31,2876.999999999999,7.964503363551548,-1.5989187094200263,10.027032264499342
2017-08-01,2733.999999999999,7.913521017283895,-1.1135897018760255,22.160257453099362
2017-08-02,2704.9000000000005,7.902820222020518,-1.4622970587771142,13.442573530572144
2017-08-03,2785.541999999999,7.932197747430126,-1.5534096477440127,11.164758806399682
2017-08-04,2858.2,7.957947335047694,-1.0277888547936418,24.305278630158956
2017-08-05,3253.300000000002,8.0874251447849,-0.9140970819368911,27.147572951577725
2017-08-06,3233.5999999999985,8.081351346649356,0.4560403712397862,61.40100928099466
2017-08-07,3395.999999999999,8.130353547431238,-0.4615313919230212,38.46171520192448
2017-08-08,3432.2000000000003,8.140956733968203,-0.18158148837795243,45.46046279055119
2017-08-09,3343.8000000000025,8.114863163803546,-0.27556587492913476,43.11085312677163
2017-08-10,3446.0000000000005,8.144969417087875,-0.5290454114227962,36.77386471443009
2017-08-11,3643.150000000003,8.200603971016792,-0.5440404184564948,36.398989538587635
2017-08-12,3866.110000000003,8.260004112545076,0.69904506276461,67.47612656911525
2017-08-13,4062.5,8.309553826637993,1.2196472555792839,80.49118138948211
2017-08-14,4321.899999999997,8.371450399362784,0.4589056038560034,61.47264009640009
2017-08-15,4159.470000000003,8.333142941292596,1.2592754197382607,81.48188549345652
2017-08-16,4372.2000000000035,8.383021593904292,0.3113394169177698,57.783485422944246
2017-08-17,4265.130000000003,8.35822794011776,0.6198273994337726,65.49568498584432
2017-08-18,4091.326999999997,8.316624646292118,0.26302844107390366,56.5757110268476
2017-08-19,4147.069999999997,8.330157339775973,0.26586240873066286,56.64656021826657
2017-08-20,4061.199999999999,8.309233775427067,0.23459707555160805,55.8649268887902
2017-08-21,3988.699999999999,8.29122064225848,-0.5174352164337779,37.06411958915555
2017-08-22,4083.9999999999995,8.314832179284556,-0.49963367226343247,37.50915819341419
2017-08-23,4153.099999999999,8.33161032231991,-0.531391247472534,36.71521881318665
2017-08-24,4336.849999999998,8.374903557117815,-0.41653835632789676,39.58654109180258
2017-08-25,4353.579999999997,8.378753774119128,-0.5046633844414181,37.38341538896455
2017-08-26,4335.550000000002,8.374603755445905,0.127488088080383,53.18720220200957
2017-08-27,4338.979999999999,8.375394576430732,-0.012070114569402681,49.69824713576493
2017-08-28,4386.400000000003,8.38626412408984,-0.735242679685135,31.618933007871625
2017-08-29,4594.500000000001,8.43261521494094,-0.6353298736010632,34.11675315997342
2017-08-30,4569.400000000002,8.427137184240383,-0.13958685827928774,46.510328543017806
2017-08-31,4735.68,8.462880606713483,-0.3408349800056769,41.47912549985808
2017-09-01,4923.199999999998,8.501714004567777,-0.07230818240536163,48.19229543986596
2017-09-02,4534.599999999997,8.419492155792542,0.6827708056738914,67.06927014184728
2017-09-03,4608.559999999999,8.435670722769602,-0.3708181667449483,40.72954583137629
2017-09-04,4207.100000000003,8.34452885321532,-0.5394471157056296,36.51382210735926
2017-09-05,4434.730000000002,8.397222013521798,-1.0362864284947346,24.092839287631634
2017-09-06,4584.0099999999975,8.430329439893068,-0.9300411807836723,26.748970480408197
2017-09-07,4662.33,8.447270602161343,-1.0143877630461395,24.640305923846512
2017-09-08,4304.74,8.367472020148323,-1.0861264210968828,22.84683947257793
2017-09-09,4336.529999999998,8.374829768122027,-1.3735853486898235,15.660366282754412
2017-09-10,4235.999999999997,8.351374706721296,-1.35324791975607,16.168802006098247
2017-09-11,4212.829999999999,8.345889909871266,-1.255867848549677,18.603303786258074
2017-09-12,4151.470000000002,8.33121776737223,-1.2642533519882493,18.39366620029377
2017-09-13,3857.250000000001,8.257709773323135,-1.0420756038869423,23.94810990282644
2017-09-14,3251.799999999998,8.086963968161454,-1.778510448499257,5.5372387875185725
2017-09-15,3693.330000000001,8.214283769105682,-2.834697855692241,0.0
2017-09-16,3679.9999999999986,8.210668031162976,-2.4339510171655214,0.0
2017-09-17,3720.859999999999,8.221710103344266,-2.287651886448748,0.0
2017-09-18,4085.0000000000014,8.315077007294104,-1.645719422238182,8.857014444045452
2017-09-19,3902.9999999999995,8.269500767180615,-0.8997757722965716,27.50560569258571
2017-09-20,3873.200000000002,8.261836317737377,-0.8051601730532084,29.870995673669785
2017-09-21,3624.989999999999,8.19560680866428,-0.9248114115937176,26.87971471015706
2017-09-22,3600.3,8.188772454305505,-1.5777351535695319,10.556621160761704
2017-09-23,3785.3000000000006,8.238880422968403,-2.0725260813679953,0.0
2017-09-24,3662.6899999999996,8.205953129112856,-1.5444179904059014,11.389550239852465
2017-09-25,3919.9999999999995,8.273846932784508,-0.8127093845129524,29.682265387176187
2017-09-26,3881.6900000000005,8.264025904795854,-0.3345777205940659,41.635556985148355
2017-09-27,4201.300000000004,8.343149280188372,-0.17510648275855778,45.62233793103606
2017-09-28,4190.539999999997,8.340584882893713,0.09920896142895883,52.480224035723964
2017-09-29,4164.530000000003,8.334358703095397,0.00878440182745524,50.21961004568638
2017-09-30,4373.699999999999,8.383364611778886,-0.47151420905928065,38.212144773517984
2017-10-01,4396.100000000003,8.388473063217466,-0.022623767552026833,49.434405811199326
2017-10-02,4399.030000000003,8.389139341057223,0.4589890330015044,61.47472582503761
2017-10-03,4312.699999999997,8.369319437075838,0.39384643685690063,59.84616092142252
2017-10-04,4219.240000000001,8.347410296024314,0.17661176990604507,54.415294247651126
2017-10-05,4316.8,8.370269666013437,0.21852897566183999,55.46322439154599
2017-10-06,4365.280000000002,8.381437612837244,0.24292513116996486,56.07312827924912
2017-10-07,4427.2000000000035,8.395522609032662,-0.22724664803665598,44.3188337990836
2017-10-08,4600.3,8.433876797741929,-0.06665416939158385,48.333645765210406
2017-10-09,4784.599999999998,8.47315770582648,0.49431071203540156,62.35776780088504
2017-10-10,4773.000000000001,8.470730317005897,0.42450522025925375,60.612630506481345
2017-10-11,4820.449999999999,8.48062256368263,0.16827880956503158,54.20697023912579
2017-10-12,5444.800000000004,8.602416303746642,0.2861721269072208,57.15430317268052
2017-10-13,5635.230000000003,8.636793241967444,0.9062540894232693,72.65635223558174
2017-10-14,5804.189999999998,8.666335349512373,1.9513595182315007,98.78398795578751
2017-10-15,5714.3700000000035,8.65073933393198,2.085217068543274,100.0
2017-10-16,5747.440000000005,8.656509817261403,0.9267555525811149,73.16888881452788
2017-10-17,5603.0,8.631057447565285,0.9750684573813221,74.37671143453305
2017-10-18,5572.569999999995,8.62561162686798,0.6284898319507952,65.71224579876989
2017-10-19,5698.229999999997,8.647910879283572,0.42388131413480956,60.59703285337024
2017-10-20,5980.2999999999965,8.696226012910424,0.6928226175268062,67.32056543817015
2017-10-21,6016.839999999995,8.702317483542215,1.296246165512888,82.4061541378222
2017-10-22,5980.439999999997,8.696249422833223,1.1731220003531255,79.32805000882814
2017-10-23,5907.7599999999975,8.684022019941914,0.7882054056190051,69.70513514047512
2017-10-24,5506.2199999999975,8.613633641315504,0.5469425309579119,63.6735632739478
2017-10-25,5723.119999999995,8.65226939021304,-0.036667509723784575,49.08331225690539
2017-10-26,5884.339999999996,8.680049863872437,0.5960498109298848,64.90124527324713
2017-10-27,5761.4000000000015,8.658935779712277,0.7586987639270786,68.96746909817696
2017-10-28,5713.659999999999,8.650615078045197,-0.17119579385701375,45.72010515357466
2017-10-29,6153.799999999996,8.724825056166356,-0.22175835929252066,44.45604101768698
2017-10-30,6130.040000000005,8.72095655419445,0.7645434865057488,69.11358716264373
2017-10-31,6437.4,8.769880010870756,0.6231748539158168,65.57937134789542
2017-11-01,6745.299999999998,8.816601245043426,0.9328201085800598,73.3205027145015
2017-11-02,7043.499999999996,8.859860484700361,1.0361791752880811,75.90447938220203
2017-11-03,7149.199999999997,8.874755741316223,1.234040727855944,80.8510181963986
2017-11-04,7373.599999999997,8.905661332679454,1.3834785233083347,84.58696308270837
2017-11-05,7372.710000000005,8.905540624515707,1.5361621584609255,88.40405396152313
2017-11-06,6959.999999999997,8.847934753328465,1.0365039514182481,75.9125987854562
2017-11-07,7104.1300000000065,8.868431584054122,0.6418871236545987,66.04717809136497
2017-11-08,7360.700000000002,8.903910315896029,0.6681185705405134,66.70296426351283
2017-11-09,7151.570000000006,8.875087192003383,0.6848599224117418,67.12149806029355
2017-11-10,6579.6,8.791729232198003,0.24165205198947692,56.04130129973692
2017-11-11,6358.309999999997,8.757517897753043,-0.7802407357638054,30.493981605904864
2017-11-12,5888.120000000003,8.680692040635817,-1.2483015906847739,18.792460232880654
2017-11-13,6527.200000000001,8.78373334011459,-1.3033082903014612,17.41729274246347
2017-11-14,6608.299999999996,8.796081713686025,-0.6349634699992466,34.12591325001883
2017-11-15,7297.600000000004,8.895300805957437,-0.5516712753389337,36.20821811652666
2017-11-16,7754.599999999998,8.956041494654317,-0.0708925279560923,48.22768680109769
2017-11-17,7679.700000000002,8.946335762878759,0.16417246394373114,54.10431159859328
2017-11-18,7780.899999999998,8.959427291715812,0.2166789297224444,55.41697324306111
2017-11-19,8056.730000000003,8.994263045983214,0.19539142884378763,54.88478572109469
2017-11-20,8258.500000000002,9.018998251961145,0.2329222561705129,55.82305640426283
2017-11-21,8113.050000000005,9.00122915532443,0.28316593771798754,57.07914844294969
2017-11-22,8254.100000000004,9.018465325577155,-0.26146407213459477,43.463398196635126
2017-11-23,7981.690000000005,8.984905447470375,-0.24406108030377144,43.898472992405715
2017-11-24,8208.519999999995,9.012927918230355,-0.5513874819272402,36.215312951818994
2017-11-25,8722.299999999994,9.073638243591974,-0.05271404691276504,48.682148827180875
2017-11-26,9178.899999999998,9.124662650726801,0.4825277379607784,62.06319344901946
2017-11-27,9773.600000000004,9.18744015208985,0.0995843907623678,52.4896097690592
2017-11-28,9910.999999999998,9.201400530406708,0.3735391175262135,59.33847793815534
2017-11-29,9770.879999999996,9.187161812628522,0.34323284093929596,58.5808210234824
2017-11-30,9912.099999999999,9.201511512039362,0.034943954166433755,50.87359885416084
2017-12-01,10875.300000000008,9.29424944178329,-0.01162135206780568,49.70946619830486
2017-12-02,10935.710000000005,9.299788860129722,1.3018061903387577,82.54515475846894
2017-12-03,11295.639999999998,9.332172089536789,1.1614126455702174,79.03531613925543
2017-12-04,11647.49999999999,9.362846843690951,0.41537384866301774,60.384346216575445
2017-12-05,11597.799999999992,9.358570703935225,0.5716384458426993,64.29096114606749
2017-12-06,13630.309999999989,9.520051268379113,0.6148441916563194,65.37110479140799
2017-12-07,16634.200000000008,9.71921609592254,2.028225341966942,100.0
2017-12-08,15826.699999999986,9.669453666203234,2.90977321974263,100.0
2017-12-09,14608.299999999997,9.589345139316098,2.63553700247557,100.0
2017-12-10,14854.799999999996,9.606078324325765,1.2597163955121606,81.49290988780402
2017-12-11,16894.199999999997,9.73472564673992,0.8247393106057213,70.61848276514303
2017-12-12,17739.000000000007,9.78352088448894,1.1974368531737352,79.93592132934337
2017-12-13,16694.599999999988,9.722840592821484,0.7847728841693453,69.61932210423363
2017-12-14,16758.200000000004,9.726642969700416,0.3951038128104287,59.87759532026071
2017-12-15,17464.500000000007,9.767925528145181,0.42044748718898384,60.51118717972459
2017-12-16,19659.8,9.886331220709433,0.9297087947309614,73.24271986827404
2017-12-17,18979.500000000007,9.851114728297429,1.8166469601701973,95.41617400425493
2017-12-18,19044.699999999997,9.854544126622715,0.647063354921921,66.17658387304802
2017-12-19,17844.100000000002,9.789428200357088,0.3168388822199214,57.920972055498034
2017-12-20,16097.800000000005,9.686437895672912,-0.19432026560548576,45.14199335986285
2017-12-21,15605.200000000004,9.655359471027749,-0.6362854133247996,34.092864666880004
2017-12-22,14214.829999999998,9.562041064815558,-0.8493050468629129,28.76737382842718
2017-12-23,15076.799999999987,9.620912417452491,-2.2513056457921787,0.0
2017-12-24,13495.300000000001,9.510096755660737,-1.835091580753408,4.122710481164798
2017-12-25,14179.100000000006,9.559524328396234,-1.5820702951414543,10.448242621463644
2017-12-26,15684.800000000012,9.660447369507462,-1.4769074517658989,13.077313705852529
2017-12-27,15453.600000000006,9.645597264892084,-0.7893316187454623,30.266709531363446
2017-12-28,14331.159999999987,9.570191466603939,-1.0461732061588545,23.84566984602864
2017-12-29,14569.419999999996,9.586680090572601,-1.4822928625371472,12.94267843657132
2017-12-30,12846.399999999998,9.46081889543042,-1.7746137477354498,5.634656306613755
2017-12-31,13997.000000000002,9.546598299920646,-2.6433817217404227,0.0
2018-01-01,13382.7,9.501718107046578,-1.4674242508589441,13.314393728526397
2018-01-02,14788.899999999996,9.601632178361502,-1.8392594702075928,4.018513244810179
2018-01-03,15163.20000000001,9.626626718715931,-1.1010492724653131,22.47376818836717
2018-01-04,15274.199999999992,9.633920409509518,-1.1295576623682448,21.761058440793878
2018-01-05,16965.100000000002,9.738913571689611,-1.0155002614097977,24.612493464755058
2018-01-06,17104.11999999999,9.747074649142927,-0.1575950561123567,46.06012359719108
2018-01-07,16182.300000000005,9.691673331313476,-0.20801250235645868,44.79968744108853
2018-01-08,14914.449999999999,9.610085820640364,-0.6609377626831934,33.476555932920164
2018-01-09,14488.230000000007,9.581091874644308,-0.8043183988832644,29.892040027918387
2018-01-10,14877.499999999996,9.607605283519007,-0.9287598434286609,26.781003914283474
2018-01-11,13257.00000000001,9.49228099379885,-0.9940939395039775,25.14765151240056
2018-01-12,13800.899999999992,9.532489086410038,-1.8358174523782544,4.104563690543639
2018-01-13,14201.999999999993,9.561138078742038,-1.887001916042513,2.8249520989371724
2018-01-14,13564.780000000006,9.51523200675289,-1.563632318990611,10.909192025234727
2018-01-15,13594.100000000013,9.51739115406608,-1.8925226235064403,2.6869344123389927
2018-01-16,11068.529999999992,9.31186122555722,-1.4276497833929414,14.308755415176467
2018-01-17,11090.499999999996,9.313844164990844,-2.124448072510606,0.0
2018-01-18,11034.310000000001,9.308764788416875,-2.1731231061919223,0.0
2018-01-19,11603.900000000003,9.359096527486134,-1.9840587532666007,0.39853116833498126
2018-01-20,12724.299999999992,9.451268830082444,-2.420875655777835,0.0
2018-01-21,11521.599999999999,9.351978813494602,-1.5057102687880939,12.357243280297652
2018-01-22,10772.100000000006,9.284714737215545,-1.7486388614370822,6.284028464072944
2018-01-23,10824.299999999997,9.28954888565279,-1.9367948223111,1.5801294422224998
2018-01-24,11388.024999999998,9.34031764368881,-2.032076440344349,0.0
2018-01-25,11152.570000000002,9.319425243602314,-1.4449723837741073,13.875690405647317
2018-01-26,11074.529999999995,9.312403156089571,-1.7777739648979667,5.555650877550833
2018-01-27,11497.099999999995,9.34985010863711,-1.8658818408085345,3.352953979786638
2018-01-28,11541.800000000007,9.353730507101373,-1.5889414902267218,10.276462744331955
2018-01-29,11223.399999999992,9.325756163475308,-1.1710096074764509,20.724759813088728
2018-01-30,9973.979999999994,9.207734980890502,-1.2745548219592895,18.136129451017762
2018-01-31,10156.320000000005,9.225851450796089,-1.7646069514173264,5.884826214566841
2018-02-01,9015.1,9.1066562281993,-1.7148256954412284,7.129357613969289
2018-02-02,8792.100000000006,9.081608869995117,-1.9138248796757125,2.154378008107188
2018-02-03,9172.480000000007,9.123962975796426,-2.553906240876121,0.0
2018-02-04,8172.000000000002,9.008468955937513,-2.1716659495846384,0.0
2018-02-05,6908.639999999995,8.84052808118247,-1.8887558448522173,2.7811038786945685
2018-02-06,7842.400000000005,8.967300188947517,-2.328516637493749,0.0
2018-02-07,7561.300000000007,8.930798412062511,-1.6900326345994738,7.749184135013154
2018-02-08,8243.800000000005,9.017216681648142,-1.6435723034325282,8.910692414186794
2018-02-09,8711.749999999993,9.072427968149633,-0.8167034522741504,29.582413693146236
2018-02-10,8565.600000000002,9.05550946084406,-1.5259383874202872,11.85154031449282
2018-02-11,8074.539999999997,8.996471180523963,-1.5352696511434316,11.61825872141421
2018-02-12,8903.45,9.094194121056521,-0.7998483205389503,30.00379198652624
2018-02-13,8516.999999999998,9.04981944514108,-0.6625457443109611,33.436356392225974
2018-02-14,9475.820000000007,9.156498569741572,-0.9153636127862805,27.115909680342988
2018-02-15,10040.009999999997,9.21433338926116,-0.7129577009431989,32.17605747642003
2018-02-16,10199.100000000004,9.230054760085283,-0.3776893661295914,40.55776584676021
2018-02-17,11105.599999999999,9.315204764585319,0.060971505529978286,51.524287638249454
2018-02-18,10385.200000000008,9.24813699467075,0.7306801818836277,68.26700454709069
2018-02-19,11262.300000000007,9.329216143712303,-0.2738926262743151,43.15268434314212
2018-02-20,11216.609999999993,9.325150994386059,0.12979477658629282,53.24486941465732
2018-02-21,10454.099999999995,9.254749524943588,0.21779264132292753,55.44481603307319
2018-02-22,9846.300000000001,9.19485102908005,-0.12105557532929667,46.97361061676758
2018-02-23,10150.100000000006,9.22523883663815,-0.23100402099762277,44.22489947505943
2018-02-24,9691.5,9.17900449166633,-0.2435214143461439,43.9119646413464
2018-02-25,9602.000000000007,9.169726689090886,-0.5721396858286822,35.69650785428294
2018-02-26,10325.2,9.242342788101677,-0.26975262844397657,43.256184288900585
2018-02-27,10748.300000000008,9.282502881515551,0.08202012369203567,52.05050309230089
2018-02-28,10315.200000000003,9.241373814556356,0.247113480662131,56.177837016553276
2018-03-01,10928.46,9.299125674628902,0.03446633374163552,50.86165834354088
2018-03-02,11033.3,9.308673251544445,0.10570407292545385,52.642601823136346
2018-03-03,11459.699999999993,9.346591811915609,0.4345241001995648,60.86310250498912
2018-03-04,11505.8,9.35060653503681,0.7094706035095502,67.73676508773876
2018-03-05,11383.230000000007,9.339896498690797,0.22479628773517082,55.61990719337927
2018-03-06,10734.719999999994,9.281238627066335,0.025560570919794152,50.63901427299486
2018-03-07,9927.999999999993,9.203114326884442,-0.1614326659880676,45.96418335029831
2018-03-08,9309.499999999993,9.138790663136106,-0.18505439959506606,45.37364001012335
2018-03-09,9232.769999999995,9.130514390815758,-0.3229188340899614,41.927029147750964
2018-03-10,8774.300000000001,9.079582273072333,-0.8778930036408995,28.052674908977515
2018-03-11,9539.809999999998,9.163228848101445,-1.1866129787199948,20.33467553200013
2018-03-12,9134.765000000005,9.119842743248586,-0.25297993968063764,43.67550150798406
2018-03-13,9360.949999999997,9.14430206004779,-0.39373045606180557,40.15673859845486
2018-03-14,8185.190000000001,9.010081702730682,-0.3555271980877768,41.11182004780558
2018-03-15,8262.500000000005,9.019482484159942,-0.46302593973648637,38.42435150658784
2018-03-16,8253.499999999995,9.018392631787595,-0.38603149827711764,40.34921254307206
2018-03-17,7847.319999999994,8.967927351211886,-1.102240415099052,22.443989622523702
2018-03-18,8204.299999999992,9.01241368605173,-1.4283764959512777,14.290587601218057
2018-03-19,8591.600000000002,9.058540260730108,-0.4115691997682023,39.71077000579494
2018-03-20,8916.5,9.095658771892568,-0.11665756012820039,47.08356099679499
2018-03-21,8890.9,9.092783560729128,-0.23072446278475042,44.23188843038124
2018-03-22,8715.859999999995,9.072899633521557,-0.18805332607953804,45.29866684801155
2018-03-23,8921.399999999994,9.096208163931232,-0.3208451082635488,41.97887229341128
2018-03-24,8532.600000000006,9.051649400606706,-0.4152062791493585,39.619843021266036
2018-03-25,8457.199999999999,9.042773428550714,-0.5274837969266781,36.81290507683305
2018-03-26,8314.800000000003,9.025792338421336,-0.5047501401969611,37.38124649507597
2018-03-27,7797.499999999994,8.961558448481957,-0.4618055203702502,38.454861990743744
2018-03-28,7938.499999999995,8.979479619517566,-0.2859164319895296,42.85208920026176
2018-03-29,7082.120000000005,8.865328576894294,-0.25145675944652074,43.713581013836986
2018-03-30,6843.800000000004,8.831098411908297,-0.5879499760793738,35.301250598015656
2018-03-31,6927.4999999999945,8.843254276737133,-1.6735788996338896,8.16052750915276
2018-04-01,6815.000000000004,8.826881344130634,-1.4929323413133904,12.676691467165242
2018-04-02,7056.300000000003,8.861676113789608,-0.4950790246158785,37.623024384603035
2018-04-03,7409.299999999995,8.910491246891278,-0.3222817664692748,41.942955838268134
2018-04-04,6792.399999999999,8.823559619072146,-0.21851116128893602,44.5372209677766
2018-04-05,6766.899999999997,8.819798358525873,-0.294682069916133,42.632948252096675
2018-04-06,6622.319999999996,8.79820104070889,-0.3885307301681542,40.286731745796146
2018-04-07,6894.699999999999,8.838508279491121,-1.2904796813294412,17.73800796676397
2018-04-08,7030.799999999997,8.858055776338743,-0.9394957327376386,26.512606681559035
2018-04-09,6773.399999999995,8.820758455495556,-0.3111073617946232,42.22231595513442
2018-04-10,7071.379999999996,8.86381093079101,-0.4289288592146779,39.276778519633055
2018-04-11,6946.570000000001,8.846003291555347,-0.39795790465241115,40.05105238368972
2018-04-12,8184.299999999998,9.00997296385111,-0.20163456791077347,44.95913580223066
2018-04-13,7897.14,8.974255947591672,0.16203697682468288,54.05092442061707
2018-04-14,8205.7,9.012584313718202,0.3643078707416459,59.10769676854115
2018-04-15,8359.999999999995,9.031213706078747,0.4356329908284154,60.89082477071038
2018-04-16,8060.229999999994,8.994697371073679,0.1724177131884794,54.31044282971198
2018-04-17,7891.299999999996,8.973516165793553,0.08695053135862411,52.1737632839656
2018-04-18,8156.1,9.006521392531393,0.09752371496430734,52.43809287410768
2018-04-19,8278.180000000006,9.021378416454974,0.30242818309223907,57.56070457730598
2018-04-20,8998.899999999992,9.104857626626389,0.46539309009340774,61.63482725233519
2018-04-21,8918.090000000007,9.095837077085367,1.0603260540699624,76.50815135174906
2018-04-22,9021.099999999999,9.107321556840736,1.006586782912134,75.16466957280335
2018-04-23,8944.47,9.09879074320921,0.8165154853955038,70.4128871348876
2018-04-24,9647.99,9.174504882482184,0.7950978054098935,69.87744513524734
2018-04-25,8870.160000000002,9.090448113472391,1.110337818451311,77.75844546128278
2018-04-26,9276.699999999997,9.13526115909007,1.3698066989210265,84.24516747302566
2018-04-27,8924.600000000006,9.096566787716316,0.9701585192639058,74.25396298159764
2018-04-28,9375.699999999993,9.14587651471786,0.6883358960143819,67.20839740035956
2018-04-29,9396.8,9.148124484768255,0.9682879846220419,74.20719961555105
2018-04-30,9248.500000000004,9.132216655194604,1.4589524267226708,86.47381066806676
2018-05-01,9069.6,9.112683440703389,1.7329229740562466,93.32307435140616
2018-05-02,9219.899999999996,9.129119470504836,1.7568777794361865,93.92194448590466
2018-05-03,9738.800000000005,9.183873185761012,1.520369230136847,88.00923075342118
2018-05-04,9701.399999999994,9.180025483973823,1.6134101597589696,90.33525399397423
2018-05-05,9864.159999999996,9.19666326531279,0.9476205137502121,73.6905128437553
2018-05-06,9607.779999999997,9.17032846591232,0.9711069525174256,74.27767381293565
2018-05-07,9388.850000000004,9.147278093988634,1.5805555848556712,89.51388962139177
2018-05-08,9228.390000000007,9.130039881079407,1.627336325616981,90.68340814042453
2018-05-09,9324.730000000001,9.140425289669237,1.544470131129722,88.61175327824304
2018-05-10,9032.470000000005,9.108581141676673,0.7656673806177324,69.14168451544332
2018-05-11,8414.920000000006,9.03776159974668,0.5809906766133446,64.52476691533361
2018-05-12,8466.930000000004,9.043923266217055,-0.34746653119498677,41.313336720125335
2018-05-13,8688.700000000004,9.06977860983045,-0.25849362071167803,43.53765948220805
2018-05-14,8701.999999999995,9.071308163280625,0.5314385918267618,63.285964795669045
2018-05-15,8477.529999999995,9.045174412772653,1.335725776318741,83.39314440796852
2018-05-16,8338.6,9.028650615554334,1.253027413912025,81.32568534780063
2018-05-17,8068.029999999999,8.995664617460843,1.2562601008492966,81.40650252123241
2018-05-18,8252.990000000005,9.01833083791135,1.2575185470012733,81.43796367503184
2018-05-19,8237.899999999996,9.016500736053692,-0.3704859285130071,40.737851787174826
2018-05-20,8519.310000000005,9.050090630628333,-0.3408055113392715,41.479862216518214
2018-05-21,8397.600000000008,9.035701229721589,1.217794423889163,80.44486059722907
2018-05-22,7991.500000000005,8.986133755808709,1.1648970877160236,79.12242719290059
2018-05-23,7505.140000000001,8.923343398124087,1.236086758560029,80.90216896400074
2018-05-24,7586.400000000005,8.934112449569518,0.9790589534115993,74.47647383528998
2018-05-25,7458.94,8.917168591949087,1.2179208292359045,80.44802073089761
2018-05-26,7341.619999999995,8.901314805702901,-0.8329826138485734,29.175434653785665
2018-05-27,7343.399999999999,8.901557229616348,-0.8631715858683897,28.420710353290257
2018-05-28,7116.0599999999995,8.870109480453383,1.334030514459426,83.35076286148565
2018-05-29,7462.199999999998,8.91760555588775,1.362221693289144,84.05554233222861
2018-05-30,7378.6,8.906339197701818,0.32267288937365585,58.066822234341394
2018-05-31,7489.300000000003,8.921230614199875,0.26773949625250076,56.693487406312514
2018-06-01,7523.300000000003,8.925760150473488,0.34787878587237325,58.69696964680933
2018-06-02,7644.290000000002,8.94171424289275,-0.32280444824416804,41.9298887938958
2018-06-03,7706.000000000001,8.949754525186103,-0.1690164416968598,45.7745889575785
2018-06-04,7489.6199999999935,8.921273340911819,0.3957399029574762,59.893497573936905
2018-06-05,7616.300000000003,8.938045966451709,0.26543695212998974,56.635923803249746
2018-06-06,7660.869999999998,8.943880833308754,0.2134835931764504,55.337089829411255
2018-06-07,7712.499999999996,8.950597668213643,0.1787766671028328,54.46941667757081
2018-06-08,7622.639999999995,8.938878045371343,0.21334780240821338,55.333695060205336
2018-06-09,7500.699999999995,8.92275162850245,-0.01716996242829557,49.570750939292616
2018-06-10,6809.519999999999,8.826076912077905,-0.06280195550115959,48.42995111247101
2018-06-11,6884.439999999996,8.837019071616584,-0.1183490558435845,47.04127360391039
2018-06-12,6548.269999999997,8.786956171605498,-0.0060146162727631736,49.849634593180916
2018-06-13,6305.459999999995,8.749171203707581,-0.21129277103117072,44.717680724220735
2018-06-14,6649.42,8.802284911801072,0.1858850741508616,54.647126853771546
2018-06-15,6394.420000000005,8.763181014043688,0.2639838572050117,56.59959643012529
2018-06-16,6489.899999999996,8.778002401258933,-0.8656593023205302,28.35851744198674
2018-06-17,6495.169999999996,8.778814102742151,-0.6922236359039784,32.69440910240054
2018-06-18,6710.849999999998,8.81148089854501,0.23384449353302275,55.84611233832557
2018-06-19,6737.520000000002,8.815447183672958,0.405368207347198,60.134205183679946
2018-06-20,6759.479999999999,8.818701243001355,0.4345907584962918,60.86476896240729
2018-06-21,6720.300000000001,8.812888075377876,0.3396486634156038,58.49121658539009
2018-06-22,6062.850000000003,8.709935265538077,0.17032788750714944,54.25819718767874
2018-06-23,6181.399999999999,8.729300062012884,-0.9283283989641882,26.791790025895295
2018-06-24,6153.180000000002,8.724724300335028,-0.7206567330534859,31.983581673662854
2018-06-25,6249.100000000001,8.740192732361452,-0.06768905957365405,48.30777351065865
2018-06-26,6078.000000000002,8.712430973476739,0.09695957848462483,52.423989462115614
2018-06-27,6134.010000000004,8.72160397493045,0.23466854138350932,55.86671353458773
2018-06-28,5854.405999999998,8.6749498191346,0.26659578561189995,56.664894640297504
2018-06-29,6207.340000000001,8.733487741778285,-0.13041906390043478,46.739523402489134
2018-06-30,6386.380000000001,8.76192287667192,-0.248602825686526,43.78492935783685
2018-07-01,6455.439999999999,8.772678465171456,-0.024771114535259195,49.38072213661852
2018-07-02,6615.300000000002,8.797140426994632,0.2946787835963492,57.366969589908734
2018-07-03,6505.869999999997,8.780460125278175,0.2978812461141859,57.44703115285464
2018-07-04,6590.76,8.793423947098889,0.4029103962310224,60.07275990577556
2018-07-05,6535.700000000003,8.785034735853616,0.2077447327246115,55.19361831811529
2018-07-06,6601.999999999997,8.795127912413138,0.05718439756362403,51.429609939090604
2018-07-07,6884.369999999995,8.837008903708101,0.3274840276592139,58.18710069148034
2018-07-08,6823.700000000002,8.828157125719791,0.4976663183225276,62.44165795806319
2018-07-09,6670.080000000002,8.80538713284074,0.17896088944796298,54.47402223619907
2018-07-10,6520.960000000001,8.782776883345866,0.16134491760211836,54.033622940052965
2018-07-11,6393.239999999996,8.762996461122613,0.19086821005836627,54.77170525145916
2018-07-12,6252.099999999999,8.740672686295088,0.2401558558650002,56.00389639662501
2018-07-13,6218.699999999998,8.735316160673575,0.10000789733302286,52.50019743332557
2018-07-14,6247.100000000003,8.739872635049137,-0.09535996173658223,47.616000956585445
2018-07-15,6351.9000000000015,8.75650925973,-0.013919440577918205,49.652013985552045
2018-07-16,6732.199999999997,8.814657263722635,0.18575123925573858,54.64378098139346
2018-07-17,7323.4600000000055,8.898838172874122,0.5332649310929409,63.33162327732352
2018-07-18,7382.679999999995,8.906891995305264,0.8005932966583283,70.0148324164582
2018-07-19,7472.249999999994,8.918951437593075,0.8034176364709955,70.08544091177488
2018-07-20,7336.699999999999,8.900644429231445,0.5747356896725283,64.36839224181321
2018-07-21,7411.7000000000035,8.910815111680561,1.0917395432279688,77.29348858069922
2018-07-22,7403.700000000001,8.909735154233912,1.132106624650343,78.30266561625858
2018-07-23,7723.949999999994,8.952081170197571,0.5560367001815728,63.90091750453932
2018-07-24,8406.000000000007,9.036701015565063,0.6881818782553863,67.20454695638466
2018-07-25,8159.599999999994,9.006950427148809,1.2988557802622602,82.4713945065565
2018-07-26,7941.399999999994,8.979844861116346,0.8333921299286388,70.83480324821598
2018-07-27,8187.099999999995,9.010315023788232,0.6362143965508061,65.90535991377016
2018-07-28,8231.399999999998,9.015711388560174,1.464940072775664,86.6235018193916
2018-07-29,8215.96,9.01383388304737,1.387832632221758,84.69581580554394
2018-07-30,8174.0999999999985,9.008725897961794,0.5477215018349378,63.693037545873445
2018-07-31,7735.07,8.953519812739973,0.5326419682904155,63.31604920726039
2018-08-01,7607.789999999994,8.93692800132061,0.36504842657645437,59.12621066441136
2018-08-02,7537.699999999995,8.927672374680103,0.4628526628895587,61.57131657223896
2018-08-03,7416.3,8.911435559501921,0.4090567137749402,60.2264178443735
2018-08-04,7021.119999999999,8.856678028453585,0.24658815867476144,56.164703966869034
2018-08-05,7033.530000000006,8.858443992490425,-0.19394787053984852,45.151303236503786
2018-08-06,6940.100000000007,8.845071462618941,0.24766968576125556,56.19174214403139
2018-08-07,6720.199999999995,8.81287319497908,0.15756606570529783,53.939151642632446
2018-08-08,6285.600000000002,8.746016581861612,0.0011098153913544813,50.02774538478386
2018-08-09,6549.719999999996,8.787177579623968,0.016679632905060526,50.416990822626516
2018-08-10,6149.1,8.724061008628192,0.32814256362704214,58.20356409067605
2018-08-11,6234.999999999995,8.737933858114136,-0.8971668117430891,27.57082970642277
2018-08-12,6317.060000000002,8.751009189033109,-0.6239284004094767,34.40178998976308
2018-08-13,6256.800000000005,8.741424151287402,0.2692759258767156,56.73189814691789
2018-08-14,6190.900000000004,8.730835750909375,0.3298152644274721,58.2453816106868
2018-08-15,6272.080000000003,8.74386331705094,0.32646053263571834,58.161513315892954
2018-08-16,6320.729999999996,8.751589986799674,0.3156870469960429,57.89217617490108
2018-08-17,6587.899999999999,8.792989912068787,0.17645737742797885,54.41143443569947
2018-08-18,6398.600000000005,8.763834495418493,-0.010101669290934607,49.747458267726635
2018-08-19,6487.049999999995,8.777563160906489,-0.18639099867472864,45.34022503313179
2018-08-20,6260.299999999998,8.741983386268542,0.14239404799372868,53.55985119984321
2018-08-21,6479.1,8.776336890811477,-0.10182107414820658,47.45447314629484
2018-08-22,6361.899999999996,8.758082353857985,-0.04572997136934309,48.856750715766424
2018-08-23,6528.319999999998,8.783904915050364,0.09145433866231717,52.28635846655793
2018-08-24,6690.800000000006,8.808488727437854,0.02762895795726079,50.69072394893151
2018-08-25,6739.499999999995,8.815741017178324,0.31787701685591496,57.94692542139788
2018-08-26,6709.009999999995,8.811206678096879,0.3684450782817648,59.21112695704412
2018-08-27,6915.399999999999,8.841506087689805,-0.0118523740061471,49.70369064984632
2018-08-28,7074.500000000005,8.864252048636008,0.07621525259096736,51.90538131477418
2018-08-29,7041.3,8.859548091195606,0.11710022733723109,52.92750568343077
2018-08-30,6986.49,8.851733563187624,0.13029580416495132,53.25739510412378
2018-08-31,7017.100000000003,8.856105306255204,0.24512463960913866,56.128115990228466
2018-09-01,7194.680000000004,8.881097143002322,0.5965843600414141,64.91460900103534
2018-09-02,7305.800000000006,8.896423832220062,0.7756200873206621,69.39050218301655
2018-09-03,7260.599999999995,8.890217749032061,0.527193702248306,63.17984255620765
2018-09-04,7363.699999999993,8.904317802794171,0.44595232586296957,61.14880814657424
2018-09-05,6706.0099999999975,8.81075941822697,0.33229115967099315,58.30727899177482
2018-09-06,6519.359999999999,8.782531490593536,0.0359565734214513,50.89891433553628
2018-09-07,6396.9000000000015,8.763568777000298,0.018029300803362115,50.45073252008405
2018-09-08,6191.089999999997,8.730866440645032,-0.24508900662807573,43.872774834298106
2018-09-09,6236.880000000001,8.738235336321791,-0.4759225730816747,38.101935672958135
2018-09-10,6301.899999999999,8.748606454212903,-0.10847844107741535,47.288038973064616
2018-09-11,6292.799999999997,8.747161401677545,-0.09127411654704203,47.718147086323945
2018-09-12,6339.218000000001,8.754510695975213,-0.16672611673626334,45.831847081593416
2018-09-13,6489.200000000004,8.777894535536245,-0.19551287350385582,45.1121781624036
2018-09-14,6481.300000000004,8.776676386509315,0.027535956778847907,50.6883989194712
2018-09-15,6521.959999999999,8.782930223242447,0.09623330468464376,52.4058326171161
2018-09-16,6499.950000000001,8.77954976354645,0.14094854388908756,53.523713597227186
2018-09-17,6255.490000000004,8.74121475716294,-0.1221477722662437,46.94630569334391
2018-09-18,6334.2400000000025,8.753725117129092,-0.1672864328278075,45.81783917930481
2018-09-19,6390.100000000006,8.7625051967014,-0.12618375665620832,46.845406083594796
2018-09-20,6500.3399999999965,8.779609762208036,-0.28700518905273037,42.82487027368174
2018-09-21,6752.020000000003,8.817596998356715,-0.0837718923049756,47.90570269237561
2018-09-22,6710.699999999998,8.811458546432176,0.505524607001563,62.638115175039076
2018-09-23,6699.000000000002,8.809713540508268,0.44239216260759,61.05980406518975
2018-09-24,6588.389999999999,8.793064288088171,0.007492472651598945,50.18731181628997
2018-09-25,6440.100000000006,8.770299346928153,-0.09625263199809399,47.59368420004765
2018-09-26,6457.600000000005,8.773013010719236,-0.09201144018489589,47.6997139953776
2018-09-27,6685.810000000002,8.807742648987265,0.17305810501917998,54.326452625479504
2018-09-28,6623.319999999994,8.798352033790673,0.30755864803341876,57.688966200835466
2018-09-29,6585.299999999998,8.792595171226203,0.3263464542316004,58.15866135579001
2018-09-30,6606.999999999995,8.795884972029885,0.2742940015868884,56.857350039672205
2018-10-01,6576.1200000000035,8.791200184744703,0.3033922542286374,57.58480635571593
2018-10-02,6535.069999999999,8.784938337554129,0.3288676644042354,58.221691610105886
2018-10-03,6468.0,8.774622220696997,0.4412951762471257,61.03237940617814
2018-10-04,6550.720000000001,8.787330246252257,0.3472595441310082,58.6814886032752
2018-10-05,6585.400000000002,8.792610356447947,0.31293638385085193,57.823409596271304
2018-10-06,6599.730000000002,8.794784018086808,0.29740977736898094,57.43524443422452
2018-10-07,6573.279999999996,8.790768225865337,0.2509684768985844,56.27421192246461
2018-10-08,6610.049999999995,8.796346497113642,0.36619051551841436,59.15476288796035
2018-10-09,6592.800000000001,8.793733423449174,0.3400578395161415,58.50144598790353
2018-10-10,6527.8,8.78382525891971,0.24995240159473273,56.24881003986831
2018-10-11,6253.679999999998,8.74092536945574,0.05016343246253005,51.25408581156326
2018-10-12,6189.87,8.730669363842596,-0.02958084798524946,49.26047880036876
2018-10-13,6199.1,8.73215939920594,-0.134080796343543,46.647980091411426
2018-10-14,6186.089999999995,8.73005850212075,-0.09596472200507694,47.60088194987308
2018-10-15,6443.640000000001,8.770848876814519,-0.030197423963688765,49.24506440090778
2018-10-16,6765.269999999995,8.819557451116657,0.11182481660645738,52.79562041516144
2018-10-17,6446.900000000004,8.771354674099893,0.29744982080335086,57.43624552008377
2018-10-18,6398.160000000004,8.763765728011716,0.38116359599460475,59.52908989986512
2018-10-19,6384.899999999997,8.761691106636867,0.23941161408278866,55.98529035206972
2018-10-20,6417.209999999998,8.766738722787743,0.22537993036645015,55.634498259161255
2018-10-21,6417.800000000001,8.766830658828372,0.3096088194668025,57.74022048667007
2018-10-22,6410.849999999998,8.765747146427621,0.3777842655998917,59.44460663999729
2018-10-23,6397.060000000004,8.763593788802744,0.33668152744938534,58.417038186234635
2018-10-24,6417.899999999995,8.766846240370477,0.44790967585327923,61.19774189633198
2018-10-25,6397.499999999997,8.763662568033944,0.5053043493013165,62.632608732532915
2018-10-26,6408.1,8.765318094119564,0.3899042836095481,59.747607090238695
2018-10-27,6505.200000000005,8.780357136054294,0.3264034988779198,58.160087471947996
2018-10-28,6405.540000000002,8.764918519910509,0.33297933599028146,58.324483399757035
2018-10-29,6269.650000000004,8.743475810697285,0.47507812125269155,61.876953031317285
2018-10-30,6270.760000000006,8.743652838402584,0.48796749407484824,62.19918735187121
2018-10-31,6307.330000000004,8.74946772811078,0.5038243519196567,62.59560879799142
2018-11-01,6345.900000000002,8.755564214061215,0.24861825851153072,56.21545646278827
2018-11-02,6428.93,8.768563395919399,0.3217144941129452,58.04286235282363
2018-11-03,6335.100000000003,8.753860877950306,0.3027903843068087,57.569759607670214
2018-11-04,6482.899999999997,8.776923220098448,0.28743749739193797,57.18593743479845
2018-11-05,6405.9209999999985,8.764977997904488,0.2966944786539511,57.41736196634878
2018-11-06,6451.720000000003,8.77210204090725,0.264068086299127,56.60170215747817
2018-11-07,6574.869999999994,8.79101008498738,0.2491061569260747,56.22765392315186
2018-11-08,6409.440000000001,8.765527182603764,0.39991749899137097,59.99793747478428
2018-11-09,6336.800000000004,8.75412918815007,0.41683436939980695,60.42085923499517
2018-11-10,6350.589999999997,8.756303000956382,0.2741435704833649,56.85358926208413
2018-11-11,6449.83,8.77180905285333,0.3073559979513639,57.6838999487841
2018-11-12,6331.029999999999,8.7532182191208,0.5899000417219019,64.74750104304755
2018-11-13,6262.5000000000055,8.742334745393121,0.3356902281005623,58.39225570251406
2018-11-14,5602.599999999999,8.630986054690263,0.20814058039639463,55.203514509909866
2018-11-15,5581.190000000002,8.62715729428707,-0.07947659858152145,48.01308503546197
2018-11-16,5657.399999999995,8.640719701699686,-0.2723872797920141,43.19031800519964
2018-11-17,5636.099999999999,8.636947615941363,-0.6678944061790412,33.30263984552397
2018-11-18,5677.100000000004,8.644195817953053,-0.5980123378008974,35.04969155497757
2018-11-19,4742.6200000000035,8.464345004599226,-0.3457359887073907,41.356600282315235
2018-11-20,4352.199999999999,8.378436743362192,-0.5535860859339711,36.16034785165072
2018-11-21,4547.400000000002,8.422310920046039,-1.2775489550456067,18.06127612385983
2018-11-22,4403.699999999998,8.390200375631297,-0.684112477944927,32.89718805137682
2018-11-23,4285.939999999999,8.363095176868805,-0.6678040118852048,33.30489970286988
2018-11-24,3776.100000000003,8.23644700996557,-1.7153713996109834,7.115715009725415
2018-11-25,3934.869999999997,8.277633123456981,-2.348623416958539,0.0
2018-11-26,3728.2000000000016,8.223680822435146,-0.7276283875281505,31.809290311796236
2018-11-27,3776.1299999999997,8.236454954638864,-1.3240882129845404,16.89779467538649
2018-11-28,4221.0700000000015,8.347843929392917,-0.7385565497569496,31.536086256076256
2018-11-29,4248.54,8.354330673486952,-0.49647848201635925,37.58803794959102
2018-11-30,3977.9999999999977,8.288534459413917,-0.3475017707881662,41.312455730295845
2018-12-01,4139.640000000002,8.328364106516684,-1.328335622648146,16.79160943379635
2018-12-02,4104.4,8.319814847988054,-0.9420705445678355,26.448236385804115
2018-12-03,3835.389999999998,8.252026403546033,-0.44747167295294593,38.81320817617635
2018-12-04,3903.010000000001,8.269503329309027,-0.5687544211890089,35.78113947027478
2018-12-05,3696.1000000000017,8.215033488672617,-0.5402047455452267,36.49488136136934
2018-12-06,3434.9799999999973,8.141766382223196,-0.6835319921871029,32.911700195322425
2018-12-07,3461.0400000000013,8.149324400921925,-0.8288980744800427,29.27754813799893
2018-12-08,3400.4999999999977,8.131677758615693,-1.7716288671044198,5.709278322389505
2018-12-09,3532.9499999999985,8.169888494980484,-1.5895237490562293,10.261906273594267
2018-12-10,3526.6000000000017,8.168089512973824,-0.5455121571623759,36.3621960709406
2018-12-11,3350.3650000000025,8.116824574107804,-0.5163768861327612,37.09057784668097
2018-12-12,3431.27,8.140685734020453,-0.6370935796102916,34.07266050974271
2018-12-13,3261.6000000000004,8.089973151505044,-0.5506920349238899,36.23269912690276
2018-12-14,3195.900000000002,8.069624017285262,-0.5483930763699965,36.29017309075009
2018-12-15,3184.590000000003,8.066078831305608,-1.3810980975379255,15.472547561551863
2018-12-16,3302.400000000001,8.10240475584719,-1.3027777640666403,17.430555898333992
2018-12-17,3498.480000000001,8.160083867433867,-0.5250353988430315,36.874115028924216
2018-12-18,3669.600000000001,8.207837943282962,-0.2742711382212286,43.143221544469284
2018-12-19,3811.1400000000012,8.24568363596401,-0.035811554604639084,49.10471113488402
2018-12-20,4077.4000000000024,8.31321480936304,-0.13246219587191033,46.68844510320224
2018-12-21,3842.199999999997,8.253800398194342,0.3144493194258629,57.86123298564657
2018-12-22,4023.1,8.299808028712693,0.5768565104200657,64.42141276050164
2018-12-23,3946.100000000001,8.280483028380056,0.8771681908794968,71.92920477198741
2018-12-24,4142.799999999999,8.329127166714724,0.126518933831634,53.16297334579085
2018-12-25,3809.7200000000003,8.245310974606516,0.3637966444082755,59.09491611020689
2018-12-26,3811.7999999999975,8.245856797500542,0.04742259063988689,51.18556476599717
2018-12-27,3590.9699999999984,8.186177639972305,-0.08136519734667624,47.965870066333096
2018-12-28,3889.999999999999,8.266164436612492,-0.2418262046646585,43.95434488338354
2018-12-29,3726.8999999999996,8.22333206788774,0.7123572981880875,67.80893245470219
2018-12-30,3836.9000000000015,8.252420027879706,0.5795321533422534,64.48830383355634
2018-12-31,3692.0800000000027,8.213945263860358,-0.1817184879977972,45.45703780005507
2019-01-01,3828.000000000001,8.250097752572845,-0.2412172477708652,43.96956880572837
2019-01-02,3888.140000000001,8.265686173162502,0.1071286310551864,52.67821577637966
2019-01-03,3787.810000000003,8.239543294653064,0.03172170669098271,50.79304266727457
2019-01-04,3822.7300000000014,8.248720106038855,-0.038333645236973635,49.04165886907566
2019-01-05,3800.5199999999986,8.242893178457713,0.618139964668498,65.45349911671245
2019-01-06,4043.009999999997,8.304744743048545,0.546496480204703,63.662412005117574
2019-01-07,4006.499999999998,8.295673321218125,0.060376273581149366,51.50940683952874
2019-01-08,3995.8600000000033,8.293014104119669,0.13273719802537368,53.31842995063434
2019-01-09,4005.3000000000006,8.295373763064159,-0.15906060433259708,46.02348489168507
2019-01-10,3612.2000000000025,8.192072283989564,-0.057167876737060856,48.57080308157348
2019-01-11,3636.8999999999983,8.198886949420647,-0.2867938732399096,42.83015316900226
2019-01-12,3618.9000000000015,8.193925391239448,0.12651049362737168,53.16276234068429
2019-01-13,3498.6400000000026,8.160129600535495,0.13451694933443872,53.362923733360965
2019-01-14,3665.290000000002,8.206662738066239,-0.35726873231079986,41.06828169223
2019-01-15,3578.719999999998,8.18276047356196,-0.09312962460396242,47.671759384900945
2019-01-16,3611.499999999998,8.191878477490901,-0.10432555967070507,47.391861008232375
2019-01-17,3724.4,8.222661044014375,-0.07164471117115323,48.20888222072117
2019-01-18,3614.0099999999993,8.192573238165501,0.05786239739731789,51.44655993493294
2019-01-19,3682.8000000000006,8.211428611413691,0.24116036809437133,56.02900920235928
2019-01-20,3587.18,8.185121657483172,0.45941884552888484,61.485471138222124
2019-01-21,3533.529999999997,8.170052650260425,0.011314232010849037,50.28285580027123
2019-01-22,3577.879999999998,8.182525725216696,-0.03752860860836401,49.0617847847909
2019-01-23,3554.8000000000006,8.17605408186432,-0.05934219048030721,48.516445237992315
2019-01-24,3653.8000000000015,8.20352300090247,0.07899377223104645,51.97484430577616
2019-01-25,3563.239999999999,8.178425522304485,-0.16497991422291733,45.87550214442707
2019-01-26,3632.2999999999993,8.197621335429007,0.2558859350338595,56.397148375846484
2019-01-27,3532.789999999997,8.169843206022772,0.26005566793910373,56.50139169847759
2019-01-28,3430.9799999999977,8.140601213637146,-0.2167255946134042,44.58186013466489
2019-01-29,3412.170000000001,8.135103731520447,-0.27205446500222996,43.19863837494425
2019-01-30,3438.5800000000017,8.142813874448237,-0.4208402528379042,39.478993679052394
2019-01-31,3439.87,8.143188958955683,-0.3034392235322476,42.41401941169381
2019-02-01,3438.499999999998,8.14279060875989,-0.28767482486250157,42.80812937843746
2019-02-02,3470.1599999999976,8.15195598138798,0.13132968180241192,53.2832420450603
2019-02-03,3416.700000000001,8.136430451948415,0.1977105892308277,54.94276473077069
2019-02-04,3410.59,8.134640575839096,-0.20580464627571593,44.8548838431071
2019-02-05,3475.28,8.153430330292426,-0.09722422748003169,47.56939431299921
2019-02-06,3410.63,8.134652303946385,0.05371871303927181,51.3429678259818
2019-02-07,3360.6800000000017,8.119898613433369,0.05951190651878674,51.48779766296967
2019-02-08,3657.530000000003,8.204543335184633,0.15146018298508462,53.786504574627116
2019-02-09,3626.79,8.196103238516528,0.8188269219272609,70.47067304818152
2019-02-10,3649.8999999999996,8.202455048940951,0.8202805585849793,70.50701396462449
2019-02-11,3592.2000000000025,8.186520107159362,0.5615784245265312,64.03946061316329
2019-02-12,3630.3200000000024,8.19707607764351,0.34166147540091324,58.54153688502283
2019-02-13,3612.9399999999973,8.192277124311712,0.5104810872579545,62.762027181448865
2019-02-14,3563.299999999998,8.178442360770276,0.41263777717301364,60.31594442932534
2019-02-15,3604.2699999999977,8.189874532681264,0.3462814723456706,58.65703680864176
2019-02-16,3677.5499999999975,8.21000204857623,0.5761932863121138,64.40483215780284
2019-02-17,3626.2000000000025,8.195940546991709,0.6383803997209495,65.95950999302373
2019-02-18,3902.299999999997,8.26932140187707,0.5021412399448449,62.55353099862112
2019-02-19,3889.5999999999995,8.266061603561859,0.5807195755367098,64.51798938841775
2019-02-20,3975.3000000000006,8.2878554959387,0.5849956273482632,64.62489068370658
2019-02-21,3898.900000000001,8.268449741051743,0.6104577690792697,65.26144422698175
2019-02-22,3943.2000000000003,8.279747855391168,0.50684224929033,62.67105623225825
2019-02-23,4114.800000000001,8.322345509256875,1.4522695222819604,86.306738057049
2019-02-24,3754.1700000000033,8.230622501150421,1.8624118780968997,96.5602969524225
2019-02-25,3819.8999999999996,8.2479795232475,0.22260690735671862,55.565172683917964
2019-02-26,3811.1600000000003,8.245688883723872,0.14245317293410742,53.561329323352695
2019-02-27,3801.800000000001,8.243229917772053,0.12727495171907063,53.181873792976766
2019-02-28,3794.04,8.241186693401955,0.19087084970827373,54.77177124270685
2019-03-01,3808.070000000001,8.244877778095244,0.2742294996691349,56.85573749172838
2019-03-02,3810.8,8.245594419832624,0.7723024979268689,69.30756244817172
2019-03-03,3788.0700000000006,8.239611933543886,0.7500724750727776,68.75181187681945
2019-03-04,3702.5700000000033,8.216782452107733,0.28102325855116017,57.025581463779005
2019-03-05,3846.7999999999975,8.254996912838326,0.3161190258982449,57.902975647456124
2019-03-06,3863.9000000000005,8.259432315080334,0.4332924605292529,60.83231151323132
2019-03-07,3965.590000000003,8.285409925016681,0.7066970509577802,67.66742627394451
2019-03-08,3845.0400000000013,8.254539285006569,0.5825696528825054,64.56424132206263
2019-03-09,3943.132999999997,8.279730863970693,0.7436375152609505,68.59093788152376
2019-03-10,3917.5700000000006,8.273226842609144,0.9263842092863626,73.15960523215907
2019-03-11,3951.0700000000033,8.28174170728811,0.4164663917799516,60.41165979449878
2019-03-12,3861.9299999999985,8.258922337500527,0.3607947898209687,59.019869745524225
2019-03-13,3865.07,8.259735072112367,0.16832925929660594,54.20823148241515
2019-03-14,3879.250000000001,8.263397114963594,0.24232573100348728,56.05814327508718
2019-03-15,3904.7499999999977,8.269949039737831,0.1682765872711185,54.20691468177796
2019-03-16,4090.0999999999963,8.316324698615704,0.7621483613997893,69.05370903499472
2019-03-17,3983.289999999999,8.289863389971286,0.9951262851594013,74.87815712898504
2019-03-18,3970.7799999999984,8.286717827934472,0.2792803555968172,56.98200888992043
2019-03-19,4002.849999999998,8.294761886394406,0.2388995591502384,55.97248897875596
2019-03-20,4042.670000000001,8.304660643751962,0.08963022785574337,52.240755696393585
2019-03-21,3974.7500000000014,8.287717132028819,0.27331489036617035,56.83287225915426
2019-03-22,3987.6399999999985,8.290954856194636,0.29164794098143537,57.29119852453588
2019-03-23,3984.629999999998,8.290199738732978,0.7556350300585049,68.89087575146262
2019-03-24,3970.2499999999977,8.286584343990755,0.7215370149692293,68.03842537423073
2019-03-25,3909.9500000000016,8.271279865173863,0.2257790405975185,55.64447601493796
2019-03-26,3923.400000000003,8.274713903795286,0.26047348259557385,56.51183706488935
2019-03-27,4040.7199999999966,8.304178172898068,0.3394719457023993,58.486798642559975
2019-03-28,4012.370000000003,8.297137368159527,0.5275084406196914,63.18771101549229
2019-03-29,4093.0600000000004,8.317048135559158,0.5068915136427455,62.67228784106864
2019-03-30,4107.529999999996,8.32057715359747,0.8936020563078535,72.34005140769634
2019-03-31,4105.500000000002,8.320082817148844,0.8597081148324035,71.49270287081009
2019-04-01,4138.24,8.328025855656959,0.6016860643454837,65.04215160863708
2019-04-02,4855.270000000002,8.487819991949433,0.7448530740088134,68.62132685022033
2019-04-03,4978.459999999996,8.512875885247302,2.0288071863866755,100.0
2019-04-04,4908.9,8.49880516310296,1.956447063686283,98.91117659215706
2019-04-05,5042.250000000005,8.525607690017257,1.7579046089783141,93.94761522445785
2019-04-06,5050.729999999997,8.527288066277862,2.6413601421082245,100.0
2019-04-07,5172.84,8.551177139697225,2.4689237723869675,100.0
2019-04-08,5239.24,8.563931728628097,1.7759486991928588,94.39871747982147
2019-04-09,5190.589999999999,8.554602649852978,1.7593403423476377,93.98350855869094
2019-04-10,5307.700000000003,8.576913875392172,1.502909226272097,87.57273065680242
2019-04-11,5018.900000000001,8.520966065168736,1.5566134491421266,88.91533622855317
2019-04-12,5056.040000000003,8.528338847187804,0.6351030268709298,65.87757567177324
2019-04-13,5067.739999999997,8.53065023783615,1.5153824912691978,87.88456228172994
2019-04-14,5166.850000000003,8.550018497480659,1.3959698478122213,84.89924619530554
2019-04-15,5029.819999999999,8.523139477165206,0.6378882723242717,65.9472068081068
2019-04-16,5237.019999999999,8.563507913252527,0.6119885744058258,65.29971436014564
2019-04-17,5227.500000000003,8.56168843130279,0.6636889251009843,66.5922231275246
2019-04-18,5283.100000000001,8.572268325624202,0.7848393639086381,69.62098409771596
2019-04-19,5291.9500000000035,8.573942076966478,0.875043770026092,71.8760942506523
2019-04-20,5293.600000000001,8.57425382269785,1.3186610300191621,82.96652575047905
2019-04-21,5300.289999999996,8.575516815024425,1.2911269791961795,82.2781744799045
2019-04-22,5390.299999999997,8.592356320981246,0.644817453898482,66.12043634746205
2019-04-23,5548.899999999997,8.621354988898423,0.8140720983661581,70.35180245915396
2019-04-24,5411.440000000001,8.59627051017489,1.0036368409302678,75.0909210232567
2019-04-25,5137.399999999996,8.544302393894855,0.9039791053185037,72.59947763296259
2019-04-26,5413.609999999996,8.596671432115954,0.5065761590895295,62.66440397723824
2019-04-27,5296.970000000005,8.57489023794533,0.5629095284630479,64.0727382115762
2019-04-28,5311.299999999997,8.57759190536447,0.6062551968080135,65.15637992020034
2019-04-29,5150.800000000005,8.54690732139963,0.4168434841324374,60.42108710331093
2019-04-30,5271.090000000005,8.569992451268346,0.2884215939609857,57.21053984902464
2019-05-01,5323.8099999999995,8.579944491425147,0.40050961620958225,60.01274040523956
2019-05-02,5494.329999999998,8.611471930377386,0.5212494913437743,63.03123728359436
2019-05-03,5773.939999999996,8.66110996875912,0.4644520394345788,61.61130098586447
2019-05-04,5831.710000000001,8.671065546800556,1.4311445858192595,85.77861464548148
2019-05-05,5717.5700000000015,8.651299168935239,1.5758689957715515,89.39672489428878
2019-05-06,6030.910000000001,8.704653190441281,0.6318295889066166,65.79573972266542
2019-05-07,5750.180000000003,8.656986437649252,0.5792253135881597,64.48063283970399
2019-05-08,5991.699999999995,8.698130457187998,0.6472150162624422,66.18037540656105
2019-05-09,6182.719999999997,8.729513583073018,0.6295995203897778,65.73998800974444
2019-05-10,6346.299999999997,8.755627244899072,0.7366066332919594,68.41516583229898
2019-05-11,7128.699999999999,8.871884168593793,2.061807612492016,100.0
2019-05-12,6977.399999999994,8.850431633527052,3.602595378695574,100.0
2019-05-13,7815.879999999998,8.963912840482957,1.7793549369579824,94.48387342394956
2019-05-14,7954.2999999999965,8.981467941928386,2.4638459062713287,100.0
2019-05-15,8173.229999999997,9.008619458561498,2.3769553786579274,100.0
2019-05-16,7883.100000000002,8.972476506505263,2.365985768297582,100.0
2019-05-17,7367.369999999999,8.904816069393398,1.7696463083046385,94.24115770761597
2019-05-18,7266.030000000004,8.890965341591782,1.5953163538377653,89.88290884594413
2019-05-19,8159.560000000003,9.006945524935706,1.40405475458017,85.10136886450425
2019-05-20,7940.68,8.979754192891468,1.8096304197131678,95.2407604928292
2019-05-21,7904.699999999996,8.97521279825929,1.486262263442367,87.15655658605918
2019-05-22,7632.499999999997,8.940170724609033,1.0231703240177275,75.5792581004432
2019-05-23,7885.919999999997,8.972834169826136,0.6959743022884558,67.39935755721139
2019-05-24,7967.389999999998,8.983112240108957,0.6852304360917975,67.13076090229494
2019-05-25,8067.839999999998,8.995641067444636,1.4870982671697608,87.17745667924402
2019-05-26,8738.92,9.075541891220155,1.460791901414602,86.51979753536506
2019-05-27,8774.919999999998,9.079652931483391,1.4454170052630397,86.135425131576
2019-05-28,8719.717999999995,9.073342176930552,1.4670895895400133,86.67723973850033
2019-05-29,8683.939999999993,9.069230621715906,0.9879562889037766,74.69890722259441
2019-05-30,8269.759999999997,9.020360767040405,0.8323564702947781,70.80891175736946
2019-05-31,8556.099999999995,9.05439975783853,0.39051929640940813,59.762982410235196
2019-06-01,8551.299999999994,9.05383859715649,1.0843389128545107,77.10847282136277
2019-06-02,8740.920000000004,9.075770726267699,0.9909449903976333,74.77362475994083
2019-06-03,8122.419999999998,9.002383418310387,0.3409172830475409,58.522932076188525
2019-06-04,7696.699999999999,8.948546944550221,-0.07060231369108656,48.23494215772284
2019-06-05,7780.399999999993,8.959363029732536,-0.17065479654329377,45.733630086417655
2019-06-06,7804.899999999995,8.962507020567646,-0.25182610835009595,43.7043472912476
2019-06-07,8002.899999999996,8.987559254974721,-0.36984050134353547,40.753987466411616
2019-06-08,7926.380000000003,8.977951716078293,0.21155738871375218,55.28893471784381
2019-06-09,7638.400000000004,8.940943436144511,0.09361185988308567,52.34029649707714
2019-06-10,7983.630000000007,8.985148474232075,-0.23722120473816719,44.06946988154582
2019-06-11,7909.449999999997,8.975813526106547,-0.10103171767280798,47.4742070581798
2019-06-12,8180.109999999993,9.009460876939139,0.042351403133989295,51.058785078349736
2019-06-13,8241.499999999995,9.01693764517141,0.17298653822908686,54.324663455727176
2019-06-14,8693.44,9.070323997235855,0.39731131228666333,59.93278280716658
2019-06-15,8862.890000000001,9.089628175513912,0.8167136113737271,70.41784028434319
2019-06-16,8978.900000000001,9.102632659361118,0.9153903020937101,72.88475755234275
2019-06-17,9336.419999999998,9.14167816010103,0.8841401829498711,72.10350457374678
2019-06-18,9085.040000000006,9.11438438368244,0.8962455357720391,72.40613839430098
2019-06-19,9310.549999999994,9.138903444788262,0.5806064943217654,64.51516235804414
2019-06-20,9535.980000000001,9.162827291987496,0.48065241282466437,62.01631032061661
2019-06-21,10184.300000000007,9.228602597776657,0.3610211618026531,59.02552904506633
2019-06-22,10672.190000000002,9.275396571595124,1.6117610544682686,90.29402636170671
2019-06-23,10817.339999999998,9.288905681141491,2.048791175147623,100.0
2019-06-24,11035.600000000002,9.308881689664,1.5088003554995433,87.72000888748859
2019-06-25,11770.980000000005,9.373392459320051,1.6591012887243848,91.47753221810962
2019-06-26,12879.860000000011,9.463420130034054,2.5379529173554856,100.0
2019-06-27,11202.279999999999,9.323872607993906,1.8744341922033658,96.86085480508414
2019-06-28,12344.170000000006,9.42093916582114,1.385080039773177,84.62700099432942
2019-06-29,11945.279999999999,9.388091500255376,2.0964484660110827,100.0
2019-06-30,10803.240000000009,9.28760136812131,1.5221400949646424,88.05350237411606
2019-07-01,10645.199999999999,9.272864365314542,0.23539151155050284,55.884787788762566
2019-07-02,10834.300000000007,9.290472306438122,0.2233313145489854,55.583282863724634
2019-07-03,11985.599999999999,9.391461208193618,0.3214291215710748,58.03572803927687
2019-07-04,11153.299999999997,9.319490697225083,0.2686268761690349,56.71567190422587
2019-07-05,11001.099999999999,9.30575054678084,0.5204857666063688,63.01214416515922
2019-07-06,11243.400000000001,9.327536568809675,0.22415183654458526,55.603795913614626
2019-07-07,11416.700000000003,9.342832474726029,0.36377972549212534,59.094493137303125
2019-07-08,12304.690000000008,9.417735769496836,0.83101713530373,70.77542838259325
2019-07-09,12567.280000000006,9.438851889943049,1.0955001310863601,77.387503277159
2019-07-10,12103.99999999999,9.401291255468191,0.7724256044219976,69.31064011054994
2019-07-11,11354.669999999993,9.337384392030161,0.44226529618872484,61.05663240471812
2019-07-12,11773.939999999997,9.373643893601042,0.025678091424367944,50.64195228560919
2019-07-13,11375.770000000006,9.339240933835823,0.32462432257265056,58.11560806431626
2019-07-14,10194.090000000002,9.229563419583792,-0.08290907315159386,47.92727317121015
2019-07-15,10847.699999999995,9.291708354930517,-0.3402680271272031,41.49329932181992
2019-07-16,9449.399999999994,9.15370652640859,-0.1687640332529334,45.78089916867666
2019-07-17,9687.440000000004,9.178585480094036,-0.6313639714740662,34.21590071314834
2019-07-18,10652.299999999994,9.273531110262354,-0.6561083899248861,33.59729025187785
2019-07-19,10514.600000000004,9.260520046519266,-0.20718556200782365,44.82036094980441
2019-07-20,10766.400000000001,9.284185452434054,-0.555672767070614,36.10818082323465
2019-07-21,10595.999999999993,9.26823185039196,-0.27598863510289184,43.1002841224277
2019-07-22,10326.5,9.242468685727705,-0.18897856776391955,45.27553580590201
2019-07-23,9843.551999999992,9.194571900520033,-0.07068377985133645,48.23290550371659
2019-07-24,9774.879999999996,9.187571108563379,-0.27808656157406053,43.047835960648484
2019-07-25,9880.960000000006,9.198364952013508,-0.21759533249248345,44.56011668768791
2019-07-26,9845.219999999994,9.194741337192264,-0.12120101228746007,46.9699746928135
2019-07-27,9476.700000000003,9.156591433381935,-0.923377104227314,26.91557239431715
2019-07-28,9521.860000000006,9.161345486852847,-1.1962574119846427,20.093564700383933
2019-07-29,9499.799999999994,9.159026024735443,-0.2167774437916267,44.58056390520933
2019-07-30,9591.900000000001,9.168674271298544,-0.22932258559674223,44.26693536008145
2019-07-31,10086.500000000002,9.218953175074406,0.09784279267242245,52.44606981681056
2019-08-01,10411.999999999993,9.250714266114455,0.18750771206712077,54.687692801678025
2019-08-02,10523.200000000004,9.261337622547087,0.14244905062315158,53.56122626557879
2019-08-03,10824.00000000001,9.289521169850625,-0.189672947997966,45.25817630005085
2019-08-04,10992.5,9.304968501054965,0.03961024092721317,50.99025602318032
2019-08-05,11805.9,9.376354685495407,0.19394730751863196,54.8486826879658
2019-08-06,11491.380000000003,9.349352468069483,0.4392952806637412,60.982382016593526
2019-08-07,11978.64,9.390880342687707,0.3073444487537353,57.68361121884338
2019-08-08,11986.99,9.391577173969662,0.3519176764077773,58.79794191019443
2019-08-09,11861.609999999997,9.381062413760047,0.08911578082663014,52.22789452066575
2019-08-10,11286.590000000004,9.331370574320223,0.486905800350393,62.17264500875983
2019-08-11,11552.169999999996,9.354628577090809,-0.0028304223331329023,49.92923944167168
2019-08-12,11394.960000000001,9.340926431362083,0.024055461426381746,50.60138653565954
2019-08-13,10860.349999999993,9.292873821329561,0.06328862761161436,51.582215690290354
2019-08-14,10030.873000000005,9.213422916051668,-0.1785586452975391,45.53603386756152
2019-08-15,10307.590000000006,9.240635796049121,-0.32194193814928457,41.95145154626789
2019-08-16,10357.999999999998,9.245514446983837,-0.15570417594635988,46.107395601341004
2019-08-17,10220.860000000004,9.232186008945375,-0.727618048174392,31.809548795640197
2019-08-18,10315.700000000006,9.241422285539212,-0.828379243421334,29.290518914466652
2019-08-19,10927.3,9.299019524122025,-0.020700530498978846,49.48248673752553
2019-08-20,10771.170000000004,9.284628399347563,0.013722355581501951,50.34305888953755
2019-08-21,10144.50000000001,9.224686965683105,-0.10548293931722148,47.36292651706947
2019-08-22,10107.600000000006,9.221042895109319,-0.31072387696323295,42.23190307591918
2019-08-23,10416.099999999999,9.251107965016704,-0.7018542265407887,32.45364433648028
2019-08-24,10159.099999999995,9.22612513453163,-0.5523837944488338,36.190405138779155
2019-08-25,10143.799999999992,9.224617960394314,-0.7486865983913639,31.282835040215907
2019-08-26,10366.830000000005,9.246366565002107,-0.3041978065497139,42.39505483625715
2019-08-27,10180.399999999996,9.228219582063419,-0.2781537504432426,43.04615623891894
2019-08-28,9719.169999999995,9.181855502861968,-0.34216922578616815,41.445769355345796
2019-08-29,9506.809999999992,9.159763662885313,-0.372750391665758,40.68124020835605
2019-08-30,9585.289999999995,9.167984910629773,-0.2553964726964569,43.61508818258858
2019-08-31,9603.699999999999,9.16990371986867,-0.9908240870093964,25.229397824765087
2019-09-01,9783.989999999993,9.188502655289625,-0.915330350753049,27.116741231173773
2019-09-02,10392.619999999995,9.248851217848678,0.19219821567997003,54.80495539199926
2019-09-03,10641.05,9.272474442237195,0.2843507142798414,57.10876785699603
2019-09-04,10587.129999999994,9.267394391478343,0.058649128436404414,51.46622821091012
2019-09-05,10577.900000000007,9.266522197998333,-0.030792017136996825,49.23019957157508
2019-09-06,10312.009999999991,9.24106451436254,-0.2392621635009867,44.018445912475336
2019-09-07,10462.650000000007,9.255567051612521,-0.33928486047841294,41.51787848803968
2019-09-08,10408.12,9.250341549718497,-0.1961607379294326,45.09598155176418
2019-09-09,10313.100000000006,9.241170210768622,-0.1941406033772428,45.14648491556893
2019-09-10,10097.529999999993,9.220046118465588,-0.2715784427265915,43.21053893183521
2019-09-11,10157.500000000005,9.225967627861882,-0.1860964426980236,45.34758893254941
2019-09-12,10413.0,9.250810304529896,-0.25582344498234183,43.60441387544146
2019-09-13,10371.110000000002,9.246779335032377,-0.44806061373332134,38.798484656666965
2019-09-14,10385.190000000002,9.24813603176153,-0.2963717594732173,42.590706013169566
2019-09-15,10316.460000000003,9.241495956933806,-0.2746833228203879,43.13291692949031
2019-09-16,10265.599999999997,9.236553778792086,-0.11297563608838755,47.175609097790314
2019-09-17,10192.640000000001,9.22942117018897,-0.30771882396494227,42.307029400876445
2019-09-18,10158.309999999998,9.226047368714,-0.17974117884126295,45.50647052896842
2019-09-19,10279.540000000008,9.237910790926264,-0.28853058086116196,42.78673547847095
2019-09-20,10176.400000000003,9.227826592983458,-0.20232103209466956,44.94197419763326
2019-09-21,9977.000000000005,9.208037722913508,-0.38724868594664014,40.31878285133399
2019-09-22,10029.809999999996,9.213316937606068,-0.5280919351572135,36.79770162106966
2019-09-23,9698.589999999998,9.179735793100823,-0.24745940811292497,43.81351479717688
2019-09-24,8532.600000000006,9.051649400606706,-0.7520745654742585,31.198135863143538
2019-09-25,8441.530000000008,9.040918850781692,-0.7012218172552019,32.46945456861995
2019-09-26,8057.450000000006,8.994352408271643,-0.6734385678987147,33.16403580253213
2019-09-27,8217.509999999997,9.014022522452754,-0.8042614378768745,29.893464053078134
2019-09-28,8218.000000000005,9.014082149443356,-1.6629988815246892,8.425027961882769
2019-09-29,8057.600000000003,8.994371024409974,-1.555620347395615,11.109491315109626
2019-09-30,8314.149999999994,9.025714161506938,-0.5222254018572742,36.94436495356814
2019-10-01,8325.679999999998,9.02709999319456,-0.5473107565341254,36.31723108664686
2019-10-02,8419.080000000004,9.038255837608707,-0.6074798843647583,34.81300289088104
2019-10-03,8260.380000000005,9.019225870299449,-0.6475209180241185,33.811977049397036
2019-10-04,8159.119999999998,9.006891599005408,-0.671930882405671,33.20172793985823
2019-10-05,8150.069999999998,9.005781795155078,-1.1484350904109268,21.289122739726828
2019-10-06,7863.699999999996,8.970012512574405,-1.1081704708575002,22.295738228562495
2019-10-07,8213.100000000008,9.013485719484892,-0.6441451866918354,33.896370332704116
2019-10-08,8207.460000000001,9.012798775772644,-0.44761328044787135,38.80966798880321
2019-10-09,8594.300000000003,9.05885447180107,-0.344922712309349,41.376932192266274
2019-10-10,8591.789999999995,9.058562375109169,-0.4389844779405659,39.025388051485855
2019-10-11,8280.68,9.021680369611047,-0.6743759733895685,33.14060066526079
2019-10-12,8322.099999999999,9.026669905812916,-0.6903780566052685,32.74054858486829
2019-10-13,8284.140000000001,9.022098122420957,-0.6224757102122407,34.43810724469398
2019-10-14,8358.780000000006,9.031067762415136,-0.6589189340493382,33.527026648766544
2019-10-15,8195.199999999999,9.011303896005206,-0.7432515745107785,31.41871063723054
2019-10-16,7997.539999999996,8.986889273374153,-0.975876156553503,25.603096086162424
2019-10-17,8079.499999999999,8.997085268412302,-1.5681361020981868,10.79659744754533
2019-10-18,7960.380000000001,8.982232016392441,-1.8981143260127284,2.547141849681789
2019-10-19,7969.300000000006,8.983351938566937,-0.7786451339509037,30.533871651227408
2019-10-20,8244.319999999992,9.017279757365708,-0.7467569306836562,31.331076732908592
2019-10-21,8247.920000000002,9.01771632632871,-1.5411063087232684,11.47234228191829
2019-10-22,8024.609999999993,8.990268348686447,-0.9046327015107748,27.384182462230633
2019-10-23,7475.720000000007,8.919415714690546,-1.1048366112909342,22.379084717726645
2019-10-24,7434.589999999994,8.91389871278732,-1.1103500207803483,22.241249480491295
2019-10-25,8672.329999999996,9.067892776460946,-0.6762577375037728,33.09355656240568
2019-10-26,9262.599999999997,9.133740065767386,0.23204320428171912,55.80108010704298
2019-10-27,9532.300000000005,9.162441310656648,0.7826108942486651,69.56527235621664
2019-10-28,9231.099999999995,9.13033349699398,0.161124871576358,54.02812178940894
2019-10-29,9413.52,9.149902232770785,-0.02660296121280975,49.33492596967975
2019-10-30,9169.0,9.1235835080499,-0.14785759222624073,46.30356019434399
2019-10-31,9148.920000000002,9.121391118516264,-0.2851897663252869,42.870255841867824
2019-11-01,9257.749999999995,9.13321631755411,-0.4167301512463517,39.581746218841204
2019-11-02,9311.309999999998,9.138985069287687,0.4232559609203423,60.58139902300855
2019-11-03,9209.299999999996,9.12796912201777,0.43403644402944663,60.85091110073617
2019-11-04,9413.580000000007,9.149908606561757,-0.09117090381887934,47.72072740452802
2019-11-05,9326.75,9.140641894464984,0.13330086172861128,53.332521543215286
2019-11-06,9355.610000000008,9.143731442354701,0.10477235860262757,52.61930896506569
2019-11-07,9203.399999999998,9.127328259982118,0.16408988927223336,54.10224723180583
2019-11-08,8765.599999999999,9.078590249091183,0.16979067964835404,54.24476699120885
2019-11-09,8810.531999999996,9.083703103032153,-0.1993669272747133,45.01582681813217
2019-11-10,9033.990000000005,9.10874940928456,-0.17218490314684645,45.695377421328836
2019-11-11,8725.899999999994,9.074050893613304,-0.021754944761487677,49.45612638096281
2019-11-12,8814.399999999994,9.084142026718451,-0.04655972484134169,48.83600687896646
2019-11-13,8762.719999999998,9.078261638017684,-0.043925919117678326,48.90185202205804
2019-11-14,8634.300000000003,9.063497921863416,-0.18356990390328806,45.4107524024178
2019-11-15,8461.71,9.0433065598348,-0.3434491653286013,41.413770866784965
2019-11-16,8485.240000000005,9.046083462477501,-0.479156516078618,38.02108709803455
2019-11-17,8504.260000000006,9.048322493402015,-0.4455831197003611,38.860422007490975
2019-11-18,8171.3,9.008383293923057,-0.5284747066000036,36.788132334999915
2019-11-19,8127.419999999999,9.002998809004424,-0.6268975375263657,34.32756156184086
2019-11-20,8087.000000000005,8.998013113095823,-0.5924828663702462,35.187928340743845
2019-11-21,7625.850000000007,8.939299070672527,-0.6495433959932082,33.76141510016979
2019-11-22,7320.8600000000015,8.898483086393176,-0.6505758707453578,33.73560323136605
2019-11-23,7332.950000000005,8.900133169578805,-1.4199954066668248,14.50011483332938
2019-11-24,6912.090000000005,8.841027331232455,-1.2998300546486692,17.50424863378327
2019-11-25,7130.569999999998,8.872146454112016,-0.8067421477600604,29.831446305998487
2019-11-26,7164.819999999996,8.876938217825282,-0.7597777010539927,31.005557473650182
2019-11-27,7519.239999999998,8.925220348006805,-0.5341004710695637,36.64748822326091
2019-11-28,7436.1299999999965,8.914105831206,-0.3082727027589186,42.293182431027034
2019-11-29,7742.449999999995,8.954473453964058,-0.4355959419426851,39.11010145143287
2019-11-30,7548.5000000000055,8.929104147007791,-0.49944045800723774,37.513988549819054
2019-12-01,7407.619999999995,8.910264479114007,-0.693467580477902,32.66331048805245
2019-12-02,7308.7000000000035,8.896820698351378,-0.7692321230787638,30.769196923030904
2019-12-03,7297.289999999996,8.895258325335787,-0.8413301928064424,28.966745179838938
2019-12-04,7241.919999999999,8.887641643592382,-0.8864697264928553,27.83825683767862
2019-12-05,7395.759999999997,8.908662142007545,-0.9676452578136491,25.80886855465877
2019-12-06,7529.550000000003,8.926590558052007,-0.6652922018330839,33.3676949541729
2019-12-07,7505.940000000004,8.923449986057902,-0.48513328531363664,37.87166786715909
2019-12-08,7523.760000000004,8.925821291985537,-0.501271461812145,37.468213454696375
2019-12-09,7342.549999999996,8.90144147271932,-0.6511220722268414,33.72194819432897
2019-12-10,7225.100000000006,8.8853163537153,-0.859004252439774,28.524893689005648
2019-12-11,7204.83,8.882506913429378,-1.0383004685911115,24.042488285222213
2019-12-12,7189.499999999996,8.880376907267795,-0.8168982436840958,29.577543907897606
2019-12-13,7252.069999999998,8.889042224337809,-0.9078453171806329,27.303867070484177
2019-12-14,7066.399999999994,8.863106435430922,-0.681739486092488,32.956512847687804
2019-12-15,7120.300000000005,8.870705138349836,-0.8814620091958957,27.96344977010261
2019-12-16,6880.4699999999975,8.836442242547585,-1.0729011525554242,23.177471186114396
2019-12-17,6619.929999999995,8.797840074857021,-1.0635314319800002,23.411714200499993
2019-12-18,7289.180000000007,8.89414633582281,-0.8710835521760497,28.222911195598755
2019-12-19,7151.710000000004,8.87510676793282,-0.5247652925954367,36.88086768511408
2019-12-20,7192.200000000002,8.88075238444111,-0.37238883972788434,40.690279006802896
2019-12-21,7134.959999999997,8.872761923728438,-0.4918251359004351,37.704371602489125
2019-12-22,7515.309999999998,8.924697552167952,-0.5315347510693836,36.71163122326541
2019-12-23,7312.9999999999945,8.89740886527095,-0.16244056578500995,45.93898585537475
2019-12-24,7257.2,8.889749358496008,-0.26161567555569254,43.459608111107684
2019-12-25,7194.279999999994,8.881041544821478,-0.3661046311612939,40.847384220967655
2019-12-26,7197.700000000004,8.881516809526458,-0.3665949438348706,40.83512640412824
2019-12-27,7249.450000000002,8.888680882902083,-0.7291637347023451,31.770906632441374
2019-12-28,7304.859999999995,8.89629515904564,-0.3264792169199705,41.83801957700074
2019-12-29,7390.439999999998,8.907942552088626,-0.2241728085518863,44.39567978620284
2019-12-30,7220.169999999998,8.884633777316047,-0.6943778884275907,32.64055278931023
2019-12-31,7170.5,8.877730666169267,-1.480944339225453,12.976391519363673
2020-01-01,7216.310000000007,8.884099020908394,-1.493384302214362,12.665392444640949
2020-01-02,6945.800000000002,8.845892439339233,-0.6803531519584728,32.991171201038185
2020-01-03,7374.899999999999,8.905837621794058,-0.6304319062002598,34.2392023449935
2020-01-04,7350.800000000006,8.90256442982127,-0.1399029250963214,46.50242687259196
2020-01-05,7357.600000000005,8.903489071588488,-0.10412380063476558,47.39690498413086
2020-01-06,7761.779999999996,8.956966968316662,-0.45614387065391665,38.59640323365208
2020-01-07,8162.599999999995,9.007318024658186,0.12544764718741408,53.136191179685355
2020-01-08,8045.710000000007,8.992894309106015,0.4010798964146864,60.02699741036716
2020-01-09,7821.909999999995,8.96468404924057,0.36529980662308864,59.13249516557721
2020-01-10,8202.199999999997,9.012157689951225,0.23581288215627658,55.895322053906916
2020-01-11,8016.1,8.989207298296733,0.6923052655418634,67.30763163854658
2020-01-12,8181.390000000007,9.009617341811262,0.5007928507668242,62.519821269170606
2020-01-13,8113.729999999997,9.001312967393169,0.33491746709295417,58.37293667732385
2020-01-14,8776.989999999994,9.079888803250007,0.45104724340209446,61.276181085052364
2020-01-15,8813.570000000005,9.084047858189619,0.6460842322371926,66.15210580592982
2020-01-16,8717.399999999996,9.073076307305348,0.607022357697935,65.17555894244838
2020-01-17,8903.870000000008,9.094241292669103,0.7187179356072856,67.96794839018214
2020-01-18,8916.9,9.09570363153796,1.0880454756253728,77.20113689063433
2020-01-19,8710.200000000003,9.072250031695438,1.0072797731528018,75.18199432882004
2020-01-20,8649.229999999998,9.065225578622606,0.4771893927144897,61.92973481786224
2020-01-21,8738.999999999993,9.075551045627543,0.43502662077559634,60.87566551938991
2020-01-22,8662.979999999996,9.066814053218422,0.4117611870973397,60.29402967743349
2020-01-23,8407.770000000002,9.03691155728254,0.3626695694835287,59.066739237088214
2020-01-24,8443.909999999998,9.041200750455701,0.35905535531828164,58.97638388295704
2020-01-25,8344.599999999999,9.029369902053169,0.06920843230305534,51.730210807576384
2020-01-26,8597.599999999999,9.059238373526943,-0.04791052666278663,48.802236833430335
2020-01-27,8915.319999999992,9.095526424212776,0.5877078363245866,64.69269590811466
2020-01-28,9399.799999999997,9.148443691436,0.7242345895761577,68.10586473940394
2020-01-29,9304.39,9.138241610774847,0.8809062247239603,72.02265561809901
2020-01-30,9502.849999999997,9.15934703259763,0.7802206962699826,69.50551740674956
2020-01-31,9339.649999999994,9.142024057287344,0.4238048510457964,60.595121276144916
2020-02-01,9382.999999999995,9.146654820290049,0.7057061289639316,67.6426532240983
2020-02-02,9324.999999999998,9.140454244512016,0.6603655717417566,66.50913929354391
2020-02-03,9285.129999999992,9.136169474765797,0.5042993876794454,62.60748469198614
2020-02-04,9167.080000000004,9.12337408487908,0.4943089345446534,62.35772336361634
2020-02-05,9616.699999999995,9.171256449466634,0.7429738666909586,68.57434666727397
2020-02-06,9765.94000000001,9.186656100838654,0.9832204130177226,74.58051032544306
2020-02-07,9808.14,9.19096793213611,1.0376805620753207,75.942014051883
2020-02-08,9909.249999999993,9.2012239433299,0.681455798405963,67.03639496014908
2020-02-09,10173.900000000003,9.227580896358585,0.7192180666043377,67.98045166510845
2020-02-10,9852.989999999996,9.195530241402645,1.1467710447708896,78.66927611927224
2020-02-11,10227.480000000001,9.232833494289542,0.986731023533527,74.66827558833818
2020-02-12,10356.309999999998,9.245351274760987,1.2605331586803759,81.5133289670094
2020-02-13,10228.300000000001,9.23291366722848,1.1502193852809723,78.7554846320243
2020-02-14,10369.219999999998,9.2465970814226,1.084139938458611,77.10349846146526
2020-02-15,9905.850000000008,9.20088077069556,0.6640232364899751,66.60058091224937
2020-02-16,9924.979999999998,9.20281009044001,0.13664110863486006,53.41602771587151
2020-02-17,9702.9,9.180180088881292,0.7808290297599473,69.52072574399868
2020-02-18,10170.900000000003,9.227285980702325,1.3456334957887872,83.64083739471968
2020-02-19,9598.59000000001,9.16937149166874,1.614104049370621,90.35260123426552
2020-02-20,9602.17000000001,9.169744393579027,1.462434808764831,86.56087021912077
2020-02-21,9686.08,9.178445082272448,0.38489354693307876,59.62233867332697
2020-02-22,9671.130000000005,9.176900437876643,-0.21358110794171253,44.66047230145719
2020-02-23,9969.999999999993,9.207335862955883,-0.24609645782531708,43.84758855436707
2020-02-24,9664.830000000009,9.176248802248216,0.5204950226817554,63.01237556704389
2020-02-25,9307.799999999996,9.13860803729834,0.07518087869815661,51.87952196745391
2020-02-26,8782.690000000002,9.080538017837085,-0.1449520537566932,46.376198656082664
2020-02-27,8830.010000000006,9.085911426100196,-0.6067986414086047,34.83003396478488
2020-02-28,8732.400000000005,9.074795525141042,-0.8582191845238728,28.544520386903184
2020-02-29,8565.780000000008,9.055530474912981,-1.0831355383962562,22.921611540093593
2020-03-01,8526.570000000002,9.050942449418443,-1.2037156678566157,19.907108303584607
2020-03-02,8917.670000000006,9.09578998069025,-1.6809757091253155,7.975607271867114
2020-03-03,8763.899999999998,9.078396290335334,-1.7444308887571642,6.389227781070894
2020-03-04,8755.800000000005,9.077471616901756,-1.4765660030606154,13.085849923484616
2020-03-05,9074.700000000004,9.11324560073539,-1.8556806097492533,3.6079847562686673
2020-03-06,9163.089999999995,9.122938737027638,-2.5339000333881323,0.0
2020-03-07,8921.680000000004,9.096239548647327,-0.37566686996752213,40.60832825081195
2020-03-08,8040.2,8.99220923748551,-0.6270190692585718,34.32452326853571
2020-03-09,7938.520000000006,8.979482138882032,-3.677727426251601,0.0
2020-03-10,7898.629999999997,8.974444605695002,-2.001869369894502,0.0
2020-03-11,7942.020000000001,8.979922929945392,-1.8044229924716335,4.889425188209162
2020-03-12,4859.530000000002,8.488697004399107,-1.2983884857748615,17.54028785562846
2020-03-13,5582.840000000005,8.627452886472332,-2.6285425158452793,0.0
2020-03-14,5167.830000000003,8.550208150184552,-3.292171336937623,0.0
2020-03-15,5363.609999999998,8.587392534823168,-3.613221432261248,0.0
2020-03-16,5061.029999999996,8.529325298878785,-2.3900679301922354,0.0
2020-03-17,5334.400000000002,8.581931692556475,-0.9376449018522935,26.558877453692663
2020-03-18,5398.150000000003,8.593811581261525,0.02324952589893392,50.58123814747335
2020-03-19,6189.35,8.730585352087363,1.5029276416272404,87.57319104068101
2020-03-20,6205.390000000002,8.733173548201846,2.9777637526497855,100.0
2020-03-21,6199.400000000003,8.73220779215671,-1.4622272465811479,13.444318835471304
2020-03-22,5819.100000000002,8.668900889592356,-1.3823816940441955,15.440457648895112
2020-03-23,6468.0999999999985,8.774637681307228,2.3629354759425203,100.0
2020-03-24,6764.1199999999935,8.819387450842768,2.020446495529326,100.0
2020-03-25,6692.969999999996,8.808813000795661,1.1624495622062225,79.06123905515557
2020-03-26,6761.559999999995,8.819008911644655,-0.41176893518077157,39.70577662048071
2020-03-27,6374.2699999999995,8.760024853665957,-0.7966983307892636,30.08254173026841
2020-03-28,6240.219999999998,8.738770717152237,-0.7373875587922226,31.565311030194433
2020-03-29,5876.760000000005,8.678760868616974,-1.009113659174571,24.772158520635724
2020-03-30,6409.600000000001,8.7655521454715,-0.7848219804572724,30.379450488568192
2020-03-31,6424.600000000001,8.767889651016047,-0.5541835187732292,36.14541203066926
2020-04-01,6668.109999999996,8.805091740435275,-0.32786547919269676,41.80336302018258
2020-04-02,6807.900000000001,8.825838981543686,0.16950295003333463,54.23757375083337
2020-04-03,6737.429999999999,8.81543382555289,0.36631613159563675,59.157903289890925
2020-04-04,6876.830000000001,8.835913068932859,-0.118747159571485,47.03132101071287
2020-04-05,6780.279999999994,8.821773678016807,0.023949903490135864,50.5987475872534
2020-04-06,7329.999999999994,8.899730794880696,0.5238176113489961,63.095440283724905
2020-04-07,7200.700000000006,8.881933522500596,0.3601500392542001,59.003750981355
2020-04-08,7363.209999999996,8.904251257945296,0.3870783758487402,59.67695939621851
2020-04-09,7296.29,8.895121278771262,0.16253962695580407,54.063490673895096
2020-04-10,6875.859999999999,8.835772005620647,0.13534247262351704,53.383561815587925
2020-04-11,6892.999999999996,8.838261682885651,-0.09098191480515463,47.72545212987113
2020-04-12,6921.079999999996,8.84232710579832,-0.05634105835125953,48.59147354121851
2020-04-13,6864.600000000002,8.834133049934954,-0.2108449612983303,44.72887596754174
2020-04-14,6877.899999999994,8.83606865177631,-0.4078051926273414,39.804870184316464
2020-04-15,6627.43,8.798972376055346,-0.19075823507122722,45.23104412321932
2020-04-16,7116.199999999997,8.870129154068115,0.04948930934506467,51.23723273362661
2020-04-17,7049.299999999997,8.860683600096516,0.14214299103854544,53.55357477596363
2020-04-18,7272.430000000002,8.891845765022243,0.20739973066107514,55.18499326652688
2020-04-19,7132.849999999994,8.872466153036877,0.4218924441088434,60.54731110272109
2020-04-20,6840.769999999997,8.830655577380135,0.12224732924063937,53.056183231015986
2020-04-21,6855.739999999999,8.832841536571356,0.13775856473037215,53.4439641182593
2020-04-22,7140.470000000004,8.873533879497705,0.2485032339736498,56.21258084934124
2020-04-23,7492.570000000002,8.921667141823185,0.4659296591475628,61.64824147868907
2020-04-24,7518.400000000003,8.925108628348552,0.57128189359667,64.28204733991674
2020-04-25,7549.900000000004,8.929289597122242,0.6312073483958968,65.78018370989741
2020-04-26,7701.748999999994,8.949202724905884,0.6230150303928643,65.57537575982161
2020-04-27,7794.699999999996,8.961199294542155,0.47677271967516166,61.91931799187904
2020-04-28,7754.5800000000045,8.95603891553666,0.39278370462255063,59.819592615563764
2020-04-29,8796.399999999998,9.082097825856692,0.47230135831753234,61.80753395793831
2020-04-30,8637.1,9.063822157307506,0.6138279747154808,65.34569936788702
2020-05-01,8833.800000000005,9.086340552099418,0.5085718999105046,62.714297497762615
2020-05-02,8986.499999999996,9.103478730192089,1.600910690876658,90.02276727191645
2020-05-03,8912.622999999998,9.095223865468835,1.6078292595990553,90.19573148997638
2020-05-04,8871.099999999995,9.090554081143331,0.6621739489644362,66.5543487241109
2020-05-05,9023.899999999994,9.107631892116155,0.701019976686115,67.52549941715287
2020-05-06,9160.860000000002,9.122695339724,0.9304888925183512,73.26222231295878
2020-05-07,10007.770000000008,9.211117070267958,1.0260972088214366,75.65243022053592
2020-05-08,9802.93000000001,9.19043659956501,1.4921741971740898,87.30435492935224
2020-05-09,9544.339999999995,9.163703587619326,1.7245073555124044,93.1126838878101
2020-05-10,8724.819999999998,9.073927116485326,1.300631038740368,82.5157759685092
2020-05-11,8575.090000000004,9.056616767605885,0.4354347927226819,60.88586981806705
2020-05-12,8825.829999999998,9.085437928370482,0.24790085342844156,56.197521335711045
2020-05-13,9324.06,9.140353435141378,0.5314751515527435,63.28687878881859
2020-05-14,9794.660000000002,9.189592618188636,0.863554696087084,71.5888674021771
2020-05-15,9315.860000000008,9.139473602982338,0.8588843317308382,71.47210829327095
2020-05-16,9385.969999999998,9.146971300099521,0.7804587751615908,69.51146937903977
2020-05-17,9681.500000000005,9.177972126943454,0.7994028509578474,69.98507127394619
2020-05-18,9733.379999999996,9.183316494097317,0.48215339587424183,62.05383489685604
2020-05-19,9786.780999999995,9.188787876553409,0.31250807192861185,57.81270179821529
2020-05-20,9506.75,9.159757351600105,0.1597570381703304,53.99392595425826
2020-05-21,9066.490000000002,9.11234047813202,0.04290589658034949,51.072647414508744
2020-05-22,9175.549999999996,9.124297616630198,0.12800487317007372,53.20012182925184
2020-05-23,9181.35,9.124929531625977,0.23461760253959568,55.86544006348989
2020-05-24,8714.500000000004,9.072743583961737,0.24350300770521152,56.08757519263029
2020-05-25,8901.4,9.09396384672014,-0.09580672842797797,47.60483178930055
2020-05-26,8848.841999999993,9.088041881983072,-0.452357920367791,38.69105199080523
2020-05-27,9213.13,9.128384919505418,-0.2984332963183898,42.53916759204026
2020-05-28,9580.699999999995,9.167505937189032,-0.3845199074662033,40.387002313344915
2020-05-29,9428.599999999991,9.151502902251687,-0.26475344425029046,43.38116389374274
2020-05-30,9708.010000000002,9.180706596924248,0.47792657632831165,61.948164408207795
2020-05-31,9455.830000000005,9.15438676148089,0.7217534609892448,68.04383652473112
2020-06-01,10214.060000000007,9.231520481480526,-1.2186659644144395,19.53335088963901
2020-06-02,9527.219999999996,9.161908243704248,-1.1193644185171743,22.015889537070642
2020-06-03,9679.599999999993,9.177775857102782,-1.4894235750339075,12.764410624152312
2020-06-04,9792.9,9.189412912293186,-1.774494434200751,5.637639144981227
2020-06-05,9625.210000000001,9.17214097709979,-1.444763328214161,13.880916794645975
2020-06-06,9670.080000000004,9.176791861422426,0.3826935937984952,59.56733984496238
2020-06-07,9749.8,9.185002050960989,0.38289486149098245,59.57237153727456
2020-06-08,9784.440000000002,9.188548647737674,-1.610964104062074,9.725897398448152
2020-06-09,9776.790000000008,9.187766488293713,-1.7092801803167819,7.267995492080454
2020-06-10,9898.99,9.200188010716246,-1.8276683323138978,4.3082916921525545
2020-06-11,9270.429999999993,9.134585043676111,-1.2298290407262265,19.25427398184434
2020-06-12,9467.01,9.155568402429168,-0.523025676157489,36.924358096062775
2020-06-13,9485.599999999995,9.15753013814386,0.014754529773424736,50.368863244335614
2020-06-14,9347.550000000005,9.142869555860766,0.02047768073895577,50.511942018473896
2020-06-15,9439.499999999993,9.152658291635097,-0.7225547894745468,31.93613026313633
2020-06-16,9531.009999999993,9.162305972144923,-0.526246283817562,36.84384290456095
2020-06-17,9468.480000000001,9.155723666433738,-0.4427379833926633,38.931550415183416
2020-06-18,9380.830000000007,9.146423524226329,-0.3176061577688101,42.05984605577975
2020-06-19,9314.700000000008,9.139349076397899,-0.2754224011089164,43.11443997227709
2020-06-20,9358.549999999996,9.144045642941228,-0.16577006158899107,45.85574846027522
2020-06-21,9303.790000000008,9.138177123006543,-0.07715877293329905,48.071030676667526
2020-06-22,9695.529999999993,9.179420233536852,-0.46025944242521843,38.49351393936954
2020-06-23,9626.449999999997,9.17226979716016,-0.43319678743900364,39.17008031402491
2020-06-24,9288.699999999995,9.136553886601586,-0.31078237821979904,42.23044054450502
2020-06-25,9248.129999999994,9.132176647906784,-0.309287920315184,42.267801992120404
2020-06-26,9166.549999999992,9.123316267632832,-0.3384669211521096,41.53832697119726
2020-06-27,9019.809999999992,9.10717854853326,-0.269960347001747,43.250991324956324
2020-06-28,9123.500000000002,9.11860878137659,-0.4183879149042453,39.540302127393865
2020-06-29,9192.159999999996,9.126106225817484,-0.323849432932688,41.9037641766828
2020-06-30,9155.279999999999,9.122086041021038,-0.3416409959881832,41.45897510029542
2020-07-01,9244.589999999997,9.131793794541434,-0.3856052047975278,40.35986988006181
2020-07-02,9092.15,9.11516668285658,-0.3450731646310605,41.373170884223484
2020-07-03,9067.609999999995,9.112464002321412,-0.43998499181432704,39.00037520464183
2020-07-04,9138.7,9.12027342238479,-0.22491197549498163,44.37720061262546
2020-07-05,9077.109999999995,9.113511138994566,-0.13579488747321972,46.6051278131695
2020-07-06,9363.909999999996,9.14461821728738,-0.5176457636456819,37.05885590885795
2020-07-07,9261.839999999998,9.133658012004851,-0.3456979671663432,41.35755082084142
2020-07-08,9440.000000000007,9.152711259139547,-0.4847260822578856,37.88184794355286
2020-07-09,9239.720000000007,9.131266861146281,-0.3477640502671406,41.305898743321485
2020-07-10,9295.699999999997,9.13730720662602,-0.4227690219395828,39.43077445151043
2020-07-11,9239.620000000003,9.131256038248926,0.0761241688659684,51.90310422164921
2020-07-12,9307.999999999996,9.138629524422182,0.025303960039547654,50.63259900098869
2020-07-13,9241.499999999996,9.131459489122735,-0.4496552415378107,38.75861896155473
2020-07-14,9261.569999999996,9.133628859705137,-0.5103367185906617,37.241582035233456
2020-07-15,9194.800000000001,9.126393385850262,-0.5714155304954437,35.71461173761391
2020-07-16,9134.680000000006,9.119833438094544,-0.4763480233445984,38.09129941638504
2020-07-17,9159.490000000005,9.122545779262268,-0.6246515689953674,34.383710775115816
2020-07-18,9178.599999999999,9.124629966537775,-0.04769684007134497,48.80757899821638
2020-07-19,9233.970000000007,9.13064435419876,-0.015967176537922734,49.60082058655193
2020-07-20,9163.800000000003,9.123016218804455,-0.5967853052769766,35.080367368075585
2020-07-21,9398.84,9.148341556387845,-1.359082360329286,16.022940991767847
2020-07-22,9562.480000000003,9.165602386629336,-1.3048197955510419,17.379505111223953
2020-07-23,9618.049999999992,9.171396820410079,-1.3546179185368654,16.134552036578363
2020-07-24,9555.990000000007,9.164923461982198,-1.4141157030717448,14.647107423206378
2020-07-25,9716.210000000003,9.181550903721341,0.3561921787069373,58.90480446767343
2020-07-26,9943.980000000007,9.204722621925452,0.5117684392947792,62.79421098236948
2020-07-27,11052.230000000005,9.31038749653976,-1.5628071703494466,10.929820741263836
2020-07-28,10915.800000000007,9.297966559930813,-1.1639477855801765,20.901305360495588
2020-07-29,11113.450000000003,9.315911365481993,-1.2412773930202405,18.968065174493987
2020-07-30,11121.499999999993,9.316635450793784,-1.4105497375792972,14.73625656051757
2020-07-31,11355.029999999999,9.337416096544095,-1.0691290784439296,23.27177303890176
2020-08-01,11813.609999999997,9.377007535641226,1.6393431899517938,90.98357974879485
2020-08-02,11074.069999999994,9.31236161847545,1.9848157195507905,99.62039298876977
2020-08-03,11236.5,9.326922687056047,-0.9435198349642965,26.412004125892587
2020-08-04,11202.640000000003,9.323904743792653,-0.9971370556470966,25.071573608822582
2020-08-05,11762.630000000006,9.372682835904826,-1.2001015060727338,19.997462348181656
2020-08-06,11769.139999999994,9.373236130464994,-1.0443530558593337,23.89117360351666
2020-08-07,11612.320000000005,9.359821882463747,0.05563695164455149,51.390923791113785
2020-08-08,11780.869999999992,9.374232308468319,1.0593806698964836,76.48451674741209
2020-08-09,11678.822999999993,9.36553248075658,1.1103103552504057,77.75775888126014
2020-08-10,11903.300000000003,9.384570951580423,0.08843429488400023,52.21085737210001
2020-08-11,11394.220000000005,9.34086148826187,0.02382871308122046,50.595717827030505
2020-08-12,11575.949999999992,9.35668494902072,-0.1656588776812987,45.85852805796753
2020-08-13,11799.329999999993,9.375798029180713,-0.1671629814010481,45.8209254649738
2020-08-14,11784.889999999998,9.374573481427646,-0.11178921292366378,47.20526967690841
2020-08-15,11862.800000000003,9.381162732377117,0.7130190601917997,67.82547650479499
2020-08-16,11922.420000000006,9.386175940147771,0.743384492638948,68.5846123159737
2020-08-17,12307.950000000003,9.418000674035241,-0.08803509815520238,47.799122546119946
2020-08-18,11954.599999999997,9.388871420528819,-1.0183301975400854,24.541745061497867
2020-08-19,11762.4,9.372663282263447,-0.20981026618998577,44.75474334525036
2020-08-20,11867.800000000008,9.38158412922962,-0.2719207920364839,43.201980199087906
2020-08-21,11532.679999999998,9.352940023374337,-0.10631765777989786,47.342058555502554
2020-08-22,11678.770000000004,9.36552794261774,0.08373072688990507,52.09326817224763
2020-08-23,11653.51,9.363362701169514,0.2192660169786482,55.4816504244662
2020-08-24,11759.729999999994,9.372436262005378,-0.11741183746147965,47.06470406346301
2020-08-25,11347.099999999991,9.336717483654244,-0.28325967202372787,42.9185081994068
2020-08-26,11466.460000000005,9.347181531275146,-0.36313660944103493,40.92158476397413
2020-08-27,11333.500000000004,9.335518220704412,-0.37063376573947265,40.73415585651318
2020-08-28,11538.4,9.3534358822693,-0.5591794901829892,36.02051274542527
2020-08-29,11474.699999999993,9.34789989079614,0.008202020068844594,50.20505050172112
2020-08-30,11733.519999999999,9.37020498188244,-0.030689692324082227,49.232757691897945
2020-08-31,11660.830000000005,9.363990640904504,-0.45716568748042447,38.57085781298939
2020-09-01,11927.800000000008,9.386627089033714,-0.3313258711184655,41.71685322203837
2020-09-02,11401.179999999993,9.341472137797853,-0.17806106852006376,45.5484732869984
2020-09-03,10175.570000000005,9.227745028397774,-0.5224961417849112,36.93759645537722
2020-09-04,10458.419999999996,9.255162674584229,-0.8708512217189703,28.22871945702574
2020-09-05,10168.900000000005,9.227089321934152,-0.962404780803635,25.939880479909128
2020-09-06,10262.990000000007,9.236299499271276,-1.2202100134084721,19.4947496647882
2020-09-07,10400.509999999998,9.249610122388656,-0.8125646806294107,29.685882984264733
2020-09-08,10128.70000000001,9.223128257319459,-0.575074533337534,35.62313666656165
2020-09-09,10229.67,9.233047600360853,-0.6308987115139159,34.2275322121521
2020-09-10,10348.400000000005,9.244587197371366,-0.5357058182504545,36.60735454373864
2020-09-11,10397.529999999999,9.249323556921873,-0.4703827407405388,38.24043148148653
2020-09-12,10446.459999999995,9.254018444021327,-0.625536584106254,34.36158539734365
2020-09-13,10341.929999999998,9.243961784416532,-0.538550811612202,36.53622970969495
2020-09-14,10685.300000000001,9.276624244102202,-0.4423967218253185,38.94008195436704
2020-09-15,10786.989999999996,9.28609605733319,-0.2877638942017227,42.80590264495693
2020-09-16,10956.60000000001,9.301697293396044,-0.14047119291388038,46.48822017715299
2020-09-17,10949.079999999993,9.301010713450074,-0.17202276909517114,45.69943077262072
2020-09-18,10942.989999999994,9.300454347591835,-0.20589576760026573,44.852605809993356
2020-09-19,11103.550000000003,9.315020155988789,-0.017130630876373686,49.571734228090655
2020-09-20,10924.170000000004,9.298733044537686,0.12251463652250134,53.06286591306253
2020-09-21,10419.900000000005,9.251472718332325,-0.03696286527700917,49.07592836807477
2020-09-22,10534.289999999997,9.262390929567564,-0.06817760060848306,48.29555998478792
2020-09-23,10235.819999999992,9.233648612130922,0.04627341478696271,51.15683536967407
2020-09-24,10745.4,9.282233035000749,0.027333121588063763,50.68332803970159
2020-09-25,10693.740000000009,9.27741380251441,0.3030241044208714,57.575602610521784
2020-09-26,10753.21999999999,9.282960523587912,-0.18919203103458596,45.27019922413535
2020-09-27,10783.590000000004,9.285780813141503,-0.12915736631962602,46.77106584200935
2020-09-28,10717.210000000003,9.279606139556941,0.18879195543344932,54.719798885836234
2020-09-29,10847.62000000001,9.291700980068105,-0.0048103787033866125,49.87974053241533
2020-09-30,10785.019999999995,9.285913413248982,0.013064697612259979,50.3266174403065
2020-10-01,10621.409999999996,9.270627054344573,-0.10151188142384855,47.46220296440379
2020-10-02,10576.300000000005,9.266370927801109,-0.12967624411883052,46.758093897029234
2020-10-03,10554.819999999996,9.264337906607874,-0.31161694586439664,42.209576353390084
2020-10-04,10676.450000000006,9.275795660254312,-0.31384842763130716,42.15378930921732
2020-10-05,10802.239999999993,9.287508799013775,-0.1584057122878071,46.039857192804824
2020-10-06,10604.67,9.269049749117173,-0.09907972612020337,47.52300684699492
2020-10-07,10673.700000000006,9.275538050821572,-0.15456302243235842,46.13592443919104
2020-10-08,10938.60000000001,9.300053097037475,-0.08546868513980532,47.863282871504865
2020-10-09,11060.389999999998,9.311125536660777,-0.15930209590417324,46.01744760239567
2020-10-10,11305.150000000001,9.333013653089326,0.21163400472536106,55.290850118134024
2020-10-11,11379.699999999995,9.339586345294173,0.41993635931963286,60.498408982990824
2020-10-12,11535.079999999989,9.35314810599776,0.09734853062882964,52.43371326572074
2020-10-13,11433.929999999998,9.34434052971317,0.26033028578489936,56.50825714462249
2020-10-14,11431.130000000008,9.344095614544438,0.13832256133371004,53.45806403334276
2020-10-15,11515.089999999991,9.351413628116555,0.3197304939921585,57.99326234980396
2020-10-16,11334.610000000002,9.335616155644809,0.21113436616855374,55.27835915421384
2020-10-17,11371.299999999994,9.338847916180578,0.19471257977407677,54.86781449435192
2020-10-18,11511.91,9.351137430607526,0.19601606456393825,54.900401614098456
2020-10-19,11755.849999999999,9.372106268015418,0.16849194673696044,54.21229866842401
2020-10-20,11927.410000000003,9.386594391773867,0.15292589608330867,53.82314740208272
2020-10-21,12811.850000000008,9.458125802886551,0.20641863952202152,55.16046598805053
2020-10-22,12990.920000000004,9.472005930867311,0.6777215884910706,66.94303971227676
2020-10-23,12945.469999999988,9.468501198981153,0.5535825508297725,63.83956377074431
2020-10-24,13130.179999999993,9.482668676266087,1.1757701156338203,79.39425289084551
2020-10-25,13051.519999999997,9.476659881063927,1.2109941213937674,80.27485303484418
2020-10-26,13072.710000000005,9.478282130190285,0.5737311252711798,64.34327813177948
2020-10-27,13630.08800000001,9.520034981016032,0.6561719271421219,66.40429817855305
2020-10-28,13287.689999999999,9.494593321701311,0.832300317971411,70.80750794928528
2020-10-29,13464.000000000004,9.507774735870642,0.9214065831557514,73.03516457889378
2020-10-30,13575.580000000009,9.516027869487951,0.9222357352882273,73.05589338220568
2020-10-31,13811.699999999993,9.533271338030728,1.0262416347713472,75.65604086928369
2020-11-01,13768.879999999992,9.53016625217653,1.1086951777485177,77.71737944371294
2020-11-02,13570.000000000005,9.515616752828915,0.9008961484255827,72.52240371063957
2020-11-03,14036.599999999997,9.5494234830109,0.5994235579657069,64.98558894914267
2020-11-04,14148.949999999993,9.557395695371063,0.6411399313376817,66.02849828344203
2020-11-05,15616.009999999993,9.65605194902152,0.535268868118162,63.38172170295405
2020-11-06,15604.599999999993,9.655321021566357,0.8376606413448426,70.94151603362107
2020-11-07,14852.42000000001,9.605918093916788,1.6878042507843498,92.19510626960874
2020-11-08,15487.500000000015,9.647788525937399,0.9389470755360931,73.47367688840232
2020-11-09,15349.919999999995,9.638865541275377,0.7596389520837307,68.99097380209327
2020-11-10,15319.62999999999,9.6368902915669,0.6318338514006009,65.79584628501503
2020-11-11,15713.640000000009,9.662284403965895,0.7597472570463925,68.99368142615981
2020-11-12,16318.969999999996,9.700083513781307,0.8476027756271621,71.19006939067906
2020-11-13,16344.46000000001,9.701644280986372,0.835975405237491,70.89938513093728
2020-11-14,16091.10999999999,9.686022224555353,1.2927717906261262,82.31929476565315
2020-11-15,15972.979999999996,9.678653823676232,0.9970706153530335,74.92676538382584
2020-11-16,16729.459999999985,9.72492651611386,0.6797982876852339,66.99495719213084
2020-11-17,17688.199999999986,9.780653029574216,0.8625228499104858,71.56307124776214
2020-11-18,17808.90000000001,9.787453611321828,0.9378603536147665,73.44650884036916
2020-11-19,17830.48999999999,9.788665192251862,0.9061675006594987,72.65418751648747
2020-11-20,18680.849999999995,9.835254213959585,0.947754355344714,73.69385888361785
2020-11-21,18709.000000000007,9.836759970485419,1.7322728303941521,93.3068207598538
2020-11-22,18397.520000000015,9.81997115190439,1.558912163619237,88.97280409048092
2020-11-23,18394.011999999988,9.819780455849077,0.848311529341944,71.2077882335486
2020-11-24,19182.42999999999,9.861750034885771,0.8028275243712061,70.07068810928016
2020-11-25,18719.849999999988,9.837339737178967,0.7572601148669426,68.93150287167357
2020-11-26,17175.150000000016,9.751218850676867,0.11954957806144717,52.98873945153618
2020-11-27,17149.34000000001,9.749714967888545,-0.202796191005881,44.93009522485297
2020-11-28,17751.31999999999,9.784215158335716,-0.2427028749542086,43.932428126144785
2020-11-29,18207.490000000005,9.809588326867699,0.15107653011349248,53.77691325283731
2020-11-30,19719.84000000001,9.889380514533448,0.4755041689798245,61.88760422449562
2020-12-01,18788.599999999984,9.841005581914802,0.44610531197830117,61.15263279945753
2020-12-02,19235.24000000001,9.86449929236356,0.15203550141736363,53.80088753543409
2020-12-03,19458.359999999997,9.876032076751828,0.10164384587853108,52.54109614696327
2020-12-04,18667.4,9.834533965991799,0.05947672114578654,51.486918028644666
2020-12-05,19162.579999999994,9.860714697991968,0.12994061302619211,53.2485153256548
2020-12-06,19381.410000000018,9.872069638216168,0.3184133457355833,57.96033364338958
2020-12-07,19187.300000000007,9.86200388082246,0.022864830365729505,50.57162075914323
2020-12-08,18338.199999999986,9.816741594865128,-0.022993487009035068,49.42516282477412
2020-12-09,18552.11,9.828338808197651,-0.22531536033372102,44.36711599165697
2020-12-10,18262.600000000002,9.812610531745538,-0.26724570789019375,43.31885730274516
2020-12-11,18040.499999999993,9.80037450941878,-0.3396503919324603,41.5087402016885
2020-12-12,18830.690000000006,9.84324326463358,-0.5854359361147514,35.36410159713122
2020-12-13,19176.230000000003,9.861426770201657,-0.15315357260253865,46.17116068493654
2020-12-14,19282.010000000006,9.866927815842592,-0.09080160581456798,47.7299598546358
2020-12-15,19454.319999999992,9.87582443235342,-0.11211587941895214,47.1971030145262
2020-12-16,21371.66,9.969821024285574,0.1113161808946,52.782904522365
2020-12-17,22837.88999999999,10.036176277716146,1.1919043154432851,79.79760788608212
2020-12-18,23149.3,10.049719821476222,1.2391638515194086,80.97909628798521
2020-12-19,23861.909999999993,10.080038742741431,1.3083242255004723,82.7081056375118
2020-12-20,23483.549999999977,10.064055455017856,1.5566354505033873,88.91588626258469
2020-12-21,22736.200000000015,10.03171364692029,0.5990033060438843,64.97508265109711
2020-12-22,23835.181999999993,10.078918003439435,0.7081065821686975,67.70266455421744
2020-12-23,23239.960000000003,10.05362848979397,0.6610308652853916,66.52577163213479
2020-12-24,23729.81999999998,10.07448776406602,0.47903137020565395,61.975784255141356
2020-12-25,24733.20000000002,10.115901749637253,-0.12462995276138605,46.88425118096535
2020-12-26,26483.29000000001,10.1842692470462,0.8981200190264255,72.45300047566063
2020-12-27,26271.799999999996,10.1762513995557,1.6077413370568279,90.19353342642069
2020-12-28,27066.53000000001,10.206053188207829,1.8827221133386132,97.06805283346533
2020-12-29,27374.599999999988,10.217370855139901,1.6430721876065968,91.07680469016492
2020-12-30,28906.100000000017,10.271807924492183,1.8212394233820615,95.53098558455153
2020-12-31,28936.200000000004,10.272848685413411,1.842244244717786,96.05610611794465
2021-01-01,29427.549999999977,10.289686589376178,0.28616650542475003,57.15416263561875
2021-01-02,32242.019999999993,10.381025849744665,1.1831660263053843,79.57915065763461
2021-01-03,33090.58,10.40700392871611,1.9286151791124384,98.21537947781096
2021-01-04,32025.69999999999,10.374293984449551,2.171054409721135,100.0
2021-01-05,34047.660000000025,10.435516586749202,2.3202822274789523,100.0
2021-01-06,36877.69000000003,10.515362040134004,2.557401536291962,100.0
2021-01-07,39517.40999999999,10.58449661327695,2.7325857152346433,100.0
2021-01-08,40574.60000000001,10.610897534047076,2.660009029716006,100.0
2021-01-09,40269.51000000001,10.603349885904573,2.365055589080446,100.0
2021-01-10,38219.10000000003,10.551090669636318,1.8070720093450268,95.17680023362567
2021-01-11,35389.3,10.474164793545134,1.0207685717716357,75.51921429429089
2021-01-12,34049.18999999999,10.43556152274845,0.5282856712365044,63.207141780912615
2021-01-13,37401.316999999995,10.529461196686372,1.202122241056201,80.05305602640502
2021-01-14,39136.89999999998,10.574821034951832,1.7164415431243663,92.91103857810916
2021-01-15,36765.700000000004,10.512320624296748,0.9432579876265276,73.58144969066319
2021-01-16,36024.939999999995,10.491966755356273,-0.13212474430008794,46.6968813924978
2021-01-17,35830.749999999985,10.486561742259662,-0.33392475919516,41.651881020121
2021-01-18,36642.50000000001,10.508964047901456,0.09928149079819482,52.48203726995487
2021-01-19,35928.06000000002,10.48927388477286,0.5359782094624788,63.39945523656196
2021-01-20,35513.73999999997,10.477674942835495,0.3125004379977862,57.81251094994465
2021-01-21,30865.20999999999,10.33738493862795,-0.15215072290751394,46.196231927312155
2021-01-22,33001.420000000006,10.40430586982587,-0.4159421884011727,39.601445289970684
2021-01-23,32128.069999999974,10.377485381833887,-1.2922735779336552,17.69316055165862
2021-01-24,32336.159999999974,10.383941387676682,-1.5200356385561555,11.999109036096112
2021-01-25,32271.500000000004,10.38193976676708,-0.18137033801450028,45.46574154963749
2021-01-26,32527.100000000017,10.389828867015108,-0.3533931505299774,41.16517123675057
2021-01-27,30429.719999999998,10.323175041402742,-0.20303839197887627,44.92404020052809
2021-01-28,33499.03999999997,10.419272060686128,-0.41642865555461545,39.58928361113461
2021-01-29,34272.38999999999,10.44209535273455,0.08623721555507126,52.15593038887678
2021-01-30,34358.16999999998,10.444595115075657,-0.7195668187179557,32.01082953205111
2021-01-31,33154.30999999997,10.408928002245736,-0.668341946540854,33.29145133647865
2021-02-01,33543.95999999999,10.420612096386257,0.09009986725560627,52.252496681390156
2021-02-02,35587.67000000003,10.479754508533086,0.34076452772557225,58.519113193139304
2021-02-03,37685.80000000001,10.537038644657793,0.5645141066277585,64.11285266569396
2021-02-04,36993.48999999998,10.518497230200111,0.8525431260593884,71.31357815148472
2021-02-05,38330.60000000002,10.554003811787176,0.5589603278462716,63.974008196156795
2021-02-06,39203.22000000001,10.576514165262157,0.1481670659496677,53.704176648741694
2021-02-07,38883.08,10.568314473543783,0.43252876677345914,60.81321916933648
2021-02-08,46467.21999999998,10.746502396747454,1.477165577815774,86.92913944539436
2021-02-09,46537.999999999985,10.748024462146892,1.927656668820954,98.19141672052385
2021-02-10,44872.424999999974,10.711578742528593,1.1400594542068554,78.50148635517138
2021-02-11,48022.40000000002,10.779422847701671,1.4431265581956523,86.07816395489131
2021-02-12,47432.00000000004,10.767052385387204,1.2013373714135716,80.03343428533928
2021-02-13,47257.18000000003,10.76335987904945,1.1856665958661972,79.64166489665493
2021-02-14,48705.03000000003,10.793537589158055,0.9555118157494671,73.88779539373668
2021-02-15,47920.36999999997,10.777295953961525,0.6987821916966344,67.46955479241585
2021-02-16,49173.49999999996,10.803110139487499,0.9691368335437659,74.22842083859415
2021-02-17,52196.10000000003,10.862763058435924,1.7135193267798887,92.83798316949722
2021-02-18,51591.77999999999,10.85111763645411,1.538187883782166,88.45469709455416
2021-02-19,55920.290000000045,10.931682562874217,1.589536581317394,89.73841453293485
2021-02-20,55951.50000000004,10.932240523032174,1.544234334743854,88.60585836859636
2021-02-21,57506.41000000003,10.959651698833072,1.2601739655389719,81.5043491384743
2021-02-22,54123.05000000004,10.899015436942152,0.9572386278342382,73.93096569585596
2021-02-23,48924.39999999999,10.798031528520196,0.3555088676700137,58.887721691750336
2021-02-24,49762.70000000002,10.815020986391177,0.042742413245621745,51.068560331140546
2021-02-25,47085.03000000001,10.759710395089549,0.031192261717021347,50.779806542925535
2021-02-26,46349.359999999964,10.74396276291593,-0.017526302940521276,49.56184242648697
2021-02-27,46203.83999999996,10.74081819049893,-1.3382458318500035,16.543854203749913
2021-02-28,45254.4,10.720055181969867,-1.3422347571436093,16.444131071409767
2021-03-01,49604.78999999998,10.811842680630832,0.02145449125190609,50.536362281297656
2021-03-02,48535.86000000001,10.790058185161076,0.13172092854298004,53.2930232135745
2021-03-03,50415.119999999995,10.828046409068458,0.21572537656536472,55.39313441413412
2021-03-04,48354.15999999998,10.786307536477066,0.45086369090770734,61.271592272692686
2021-03-05,48784.09999999998,10.795159719078345,0.4362537578399803,60.90634394599951
2021-03-06,48932.21999999997,10.798191354192014,-0.7757953457739633,30.605116355650917
2021-03-07,50967.48000000004,10.838943061264292,-0.7335672403835573,31.660818990411066
2021-03-08,52441.40000000001,10.867451634699,1.2788286524292825,81.97071631073206
2021-03-09,54936.61000000004,10.913935254068777,0.768447786979273,69.21119467448182
2021-03-10,56012.99000000002,10.933338907103446,0.8933636372827198,72.334090932068
2021-03-11,57832.80999999997,10.965311540668644,0.8030165236387976,70.07541309096995
2021-03-12,57262.62000000002,10.955403333805114,0.850889447758561,71.27223619396402
2021-03-13,61233.490000000005,11.02244954105116,0.31708680680198403,57.9271701700496
2021-03-14,59029.499999999956,10.985792597929507,0.9634956665872452,74.08739166468112
2021-03-15,55663.97000000002,10.927088358443605,0.8339669650325944,70.84917412581487
2021-03-16,56929.239999999954,10.949564372128282,0.4604284887183043,61.51071221795761
2021-03-17,58954.999999999956,10.984529720010773,0.3492925196417748,58.73231299104437
2021-03-18,57673.76999999998,10.962557756416624,0.5497322745362524,63.74330686340631
2021-03-19,58068.680000000044,10.96938172692124,0.5003345785295026,62.50836446323756
2021-03-20,58145.75999999999,10.97070824041307,-0.24470188476228916,43.882452880942765
2021-03-21,57392.00000000004,10.957660199772064,-0.29294045646518985,42.676488588370255
2021-03-22,54126.300000000025,10.899075483492103,0.1683110220463168,54.20777555115792
2021-03-23,54379.060000000034,10.903734432270236,0.07906672567562816,51.976668141890705
2021-03-24,52302.30000000005,10.864795626141502,0.09951204412709826,52.48780110317745
2021-03-25,51340.40999999997,10.84623344036909,-0.08371257877156575,47.907185530710855
2021-03-26,55009.49999999997,10.915261176571697,-0.15099334291982572,46.22516642700435
2021-03-27,55884.460000000014,10.93104162407284,-1.1400776572362827,21.498058569092933
2021-03-28,55795.59999999999,10.929450292213742,-0.9053104905380605,27.36723773654849
2021-03-29,57638.20000000004,10.961940821312174,0.3443944105920072,58.60986026480018
2021-03-30,58815.89999999998,10.982167505496285,0.5938145051846279,64.84536262961569
2021-03-31,58817.64000000003,10.982197088895717,0.552925577516426,63.82313943791065
2021-04-01,58755.79999999996,10.981145150537825,0.39447403109341544,59.86185077733539
2021-04-02,59010.52999999996,10.985471181539435,0.3497252139784997,58.74313034946249
2021-04-03,57122.89000000004,10.952960190971666,-0.5711844784395866,35.72038803901033
2021-04-04,58233.40000000001,10.972214352273074,-0.9608956387855543,25.977609030361144
2021-04-05,59174.60000000005,10.988247674748017,0.11269977501868829,52.81749437546721
2021-04-06,58048.98999999998,10.969042588180534,-0.01800979662953978,49.549755084261506
2021-04-07,55972.499999999985,10.932615777673652,-0.21036894477686693,44.74077638057833
2021-04-08,58100.51999999999,10.96992989288601,-0.4075234312344131,39.81191421913967
2021-04-09,58121.72999999996,10.970294883242596,-0.23333145940067265,44.166713514983186
2021-04-10,59808.49000000002,10.998902903105623,-0.9844276073226176,25.389309816934556
2021-04-11,60015.250000000044,11.00235397557603,-0.6575323578976502,33.56169105255874
2021-04-12,59869.73999999998,10.999926481167359,-0.0624277537260001,48.43930615685
2021-04-13,63618.98999999998,11.060667289666272,-0.06965167125185656,48.25870821870358
2021-04-14,62990.68999999996,11.05074221667568,0.023256442891673446,50.581411072291836
2021-04-15,63248.00999999995,11.05481894364422,-0.02403796639424194,49.39905084014396
2021-04-16,61340.39999999999,11.024193958677303,-0.15447716729762043,46.13807081755949
2021-04-17,60115.24000000003,11.00401866574904,-0.7189324629354913,32.026688426612715
2021-04-18,56188.85,10.936473617621669,-0.9985915952193658,25.035210119515856
2021-04-19,55646.69,10.926777876048858,-1.0667426458582703,23.331433853543242
2021-04-20,56527.53999999999,10.942483232005669,-0.9732214987623019,25.669462530942454
2021-04-21,53808.10000000002,10.893179292438033,-0.9649775320164135,25.875561699589667
2021-04-22,51717.099999999955,10.853543760161388,-1.5386675447019775,11.533311382450561
2021-04-23,51212.860000000015,10.843745951364225,-1.873137967572968,3.1715508106757992
2021-04-24,50104.17000000003,10.821859517142173,-2.553497348696345,0.0
2021-04-25,49145.560000000005,10.802541785787778,-2.572272460057988,0.0
2021-04-26,54080.25000000002,10.898224333487226,-1.9095070626059805,2.2623234348504884
2021-04-27,55097.20000000004,10.91685417715288,-0.9293598240889565,26.76600439777609
2021-04-28,54921.479999999996,10.913659807807228,-0.9015908958496937,27.46022760375766
2021-04-29,53596.07000000002,10.889231023475263,-0.9867969787156508,25.33007553210873
2021-04-30,57658.809999999954,10.96229833275535,-0.6469431559417825,33.82642110145544
2021-05-01,57888.20999999999,10.9662690158833,-0.7374089382035885,31.564776544910288
2021-05-02,56645.58999999995,10.944569417000542,-0.7103531352493431,32.24117161876642
2021-05-03,57229.88999999999,10.954831593332456,-0.5318634933088462,36.70341266727885
2021-05-04,53254.96000000004,10.882846224773802,-0.4921608146090117,37.69597963477471
2021-05-05,57544.39999999995,10.96031210272559,-0.6060627409343706,34.848431476640734
2021-05-06,56457.59000000004,10.94124501580966,-0.5116778223079086,37.208054442302284
2021-05-07,57409.08000000003,10.957957757950542,-0.7392650774849759,31.518373062875604
2021-05-08,58987.530000000035,10.985081344616841,-0.8176718657611847,29.55820335597038
2021-05-09,58330.059999999976,10.973872848377361,-0.5283678321081796,36.790804197295515
2021-05-10,55894.33999999998,10.9312184017807,-0.7094429964798273,32.26392508800432
2021-05-11,56770.220000000016,10.946767171443506,-0.8306019215549768,29.234951961125578
2021-05-12,49523.52000000001,10.810202987223198,-0.6545357348375725,33.63660662906069
2021-05-13,49714.96000000004,10.81406117282771,-1.5960156807361132,10.09960798159717
2021-05-14,49918.43000000002,10.818145552228225,-1.7557272974973406,6.106817562566485
2021-05-15,46794.48000000004,10.753520526231293,-2.0809496168352943,0.0
2021-05-16,46464.72999999997,10.746448809149204,-2.5828119133447136,0.0
2021-05-17,43602.28999999997,10.682864950893624,-2.112398075791994,0.0
2021-05-18,42899.189999999966,10.666608223618976,-2.404222981821441,0.0
2021-05-19,36760.66999999999,10.512183802636496,-2.366039951051551,0.0
2021-05-20,40635.499999999985,10.61239734777507,-2.6820199874576063,0.0
2021-05-21,37402.489999999976,10.529492558726544,-2.4423173208633795,0.0
2021-05-22,37495.570000000014,10.531978071646877,-3.4935860384688384,0.0
2021-05-23,34689.98000000001,10.454206163428605,-3.173121393068272,0.0
2021-05-24,38856.65000000004,10.567634512318852,-2.5039209328582173,0.0
2021-05-25,38380.98999999997,10.555317563913745,-2.1892827242044053,0.0
2021-05-26,39312.880000000005,10.579307479532805,-1.9811037576136012,0.47240605965996885
2021-05-27,38576.16,10.560389748068925,-1.755085051919251,6.122873702018728
2021-05-28,35698.31000000002,10.482858627711634,-1.9351242739259304,1.6218931518517388
2021-05-29,34645.13400000003,10.452912561855994,-2.700723165438251,0.0
2021-05-30,35687.26999999999,10.482549321543972,-2.743941537029717,0.0
2021-05-31,37297.950000000026,10.52669364433604,-1.7324905175541607,6.687737061145982
2021-06-01,36703.33999999997,10.510623038076055,-1.724208244417593,6.894793889560175
2021-06-02,37600.61,10.534775552650643,-1.3165487504099669,17.08628123975083
2021-06-03,39245.60999999999,10.57759486982144,-0.9397561493061813,26.50609626734547
2021-06-04,36867.58000000001,10.51508785305561,-0.9849770268102311,25.37557432974422
2021-06-05,35552.399999999994,10.478762943501176,-1.6249887612382563,9.375280969043592
2021-06-06,35811.22000000003,10.48601653110805,-1.8724591787274627,3.1885205318134324
2021-06-07,33592.69999999998,10.422064060441746,-1.2496465480845445,18.75883629788639
2021-06-08,33412.14999999997,10.416674885270723,-1.8219565487942773,4.451086280143068
2021-06-09,37385.00000000003,10.529024833434017,-1.1795536208517992,20.51115947870502
2021-06-10,36702.37999999997,10.510596882076221,-0.8110095517017911,29.72476120745522
2021-06-11,37357.79,10.528296736417513,-0.6205901835531346,34.48524541117164
2021-06-12,35571.80999999998,10.479308749225607,-0.8934317004634901,27.66420748841275
2021-06-13,39010.589999999975,10.571588426713426,-1.2086252138285978,19.784369654285054
2021-06-14,40551.60000000001,10.61033051622506,-0.2781484599934281,43.046288500164295
2021-06-15,40182.44999999999,10.601185612119744,-0.12914035454027326,46.77149113649317
2021-06-16,38345.499999999985,10.55439245962366,-0.01987204433026113,49.50319889174347
2021-06-17,38092.04,10.547760615402643,0.021006323037896363,50.52515807594741
2021-06-18,35862.899999999994,10.487458613939513,-0.01363832092911362,49.65904197677216
2021-06-19,35587.78000000002,10.479757599486497,-1.084722247155933,22.881943821101675
2021-06-20,35603.56999999998,10.480201192711204,-1.0617941834843185,23.455145412892037
2021-06-21,31619.300000000025,10.361522972631004,-0.42047269567127693,39.488182608218075
2021-06-22,32548.120000000017,10.390474888672232,-0.7689850903335268,30.775372741661833
2021-06-23,33698.500000000015,10.42520860496408,-0.6361068525674719,34.0973286858132
2021-06-24,34682.32999999998,10.453985614335428,-0.39359444354618306,40.16013891134542
2021-06-25,31604.110000000026,10.361042454408647,-0.4191666788815423,39.520833027961444
2021-06-26,32371.799999999977,10.385042952417834,-1.5031602473651373,12.420993815871567
2021-06-27,34692.639999999985,10.454282839691372,-1.359267919235983,16.018302019100428
2021-06-28,34503.569999999985,10.448818075926814,-0.19800141743029354,45.049964564242664
2021-06-29,35940.38,10.489616733459172,-0.05106098991801241,48.72347525204969
2021-06-30,35077.529999999984,10.465316033516876,0.11739593724259818,52.93489843106496
2021-07-01,33526.199999999975,10.420082501692727,-0.008856401872932759,49.778589953176684
2021-07-02,33821.92000000002,10.428864391982488,-0.253638741180715,43.65903147048213
2021-07-03,34698.71000000002,10.454457789451407,-0.6304320508448313,34.23919872887922
2021-07-04,35301.69999999999,10.471686400402024,-0.38323481668175885,40.419129582956025
2021-07-05,33714.63,10.4256871467647,0.4948561493049717,62.37140373262429
2021-07-06,34236.0,10.4410330010015,-0.0600783269755912,48.49804182561022
2021-07-07,33902.04,10.43123046854913,0.028585533464354884,50.71463833660887
2021-07-08,32898.640000000014,10.401186598513032,-0.15994408044750644,46.001397988812336
2021-07-09,33841.17000000001,10.429433387590562,-0.31573785941126103,42.10655351471848
2021-07-10,33532.1,10.420258467979234,-0.4083264364540608,39.79183908864848
2021-07-11,34264.02000000002,10.441851102998049,-0.4681005256485524,38.297486858786186
2021-07-12,33087.89999999998,10.40692293561982,-0.15102814061411093,46.224296484647226
2021-07-13,32750.509999999973,10.39667381346123,-0.11975724753266537,47.00606881168336
2021-07-14,32826.23000000001,10.398983169908412,-0.238681534536085,44.032961636597875
2021-07-15,31905.94,10.370547478335135,-0.2149295683349545,44.62676079162613
2021-07-16,31403.799999999996,10.354684183682403,-0.2528190252599954,43.67952436850012
2021-07-17,31543.39999999998,10.359119654326598,-0.847135705507258,28.821607362318545
2021-07-18,31804.14000000003,10.367351748973704,-0.8090449165610156,29.77387708597461
2021-07-19,30851.3,10.336934167829812,-0.22141417572343422,44.46464560691415
2021-07-20,29811.059999999998,10.30263474457733,-0.31683646242861635,42.07908843928459
2021-07-21,32170.07999999999,10.378792107018914,-0.36717605081032256,40.82059872974194
2021-07-22,32303.880000000012,10.382942625835467,-0.06165899825155526,48.45852504371112
2021-07-23,33664.09999999999,10.424187266625289,-0.02487233113258584,49.378191721685354
2021-07-24,34300.14999999999,10.442905006322311,0.0005805964666385255,50.01451491166596
2021-07-25,35445.969999999994,10.475764844256886,0.2021751697336956,55.05437924334239
2021-07-26,37281.39999999997,10.526249821742475,0.5658863725658683,64.1471593141467
2021-07-27,39519.75000000003,10.584555825930865,0.5689596467541596,64.22399116885398
2021-07-28,40055.12,10.598011784525394,0.7636672501064578,69.09168125266145
2021-07-29,40011.99999999998,10.59693468810507,0.5774273833656339,64.43568458414084
2021-07-30,42227.17000000001,10.650819131711343,0.6126126270946842,65.3153156773671
2021-07-31,41509.19999999997,10.633670368396901,1.5651513732675142,89.12878433168785
2021-08-01,39885.34,10.593764116816857,1.4454676039661065,86.13669009915266
2021-08-02,39171.87999999999,10.575714421423351,0.39433300127006793,59.858325031751704
2021-08-03,38210.53999999997,10.55086667276715,0.24955546761333702,56.23888669033342
2021-08-04,39742.30000000002,10.590171390626315,0.30743111888209157,57.685777972052286
2021-08-05,40901.00999999998,10.61891003610252,0.4478716097652762,61.196790244131904
2021-08-06,42890.999999999985,10.666417292697274,0.8099367350671206,70.24841837667802
2021-08-07,44659.66000000004,10.706825912288592,1.3147981633871066,82.86995408467767
2021-08-08,43867.49999999999,10.68892900598529,1.622909620354118,90.57274050885296
2021-08-09,46305.36000000003,10.743013000112535,1.1255008949732197,78.13752237433049
2021-08-10,45618.44999999998,10.728067518934997,1.2214773654791224,80.53693413697806
2021-08-11,45553.79999999998,10.726649324016352,1.0734008344859218,76.83502086214804
2021-08-12,44444.34999999999,10.701993123751642,0.9451347614131208,73.62836903532802
2021-08-13,47857.56000000001,10.775984378131813,0.7148309700199844,67.87077425049961
2021-08-14,47123.78,10.760533035821032,1.6295351886118548,90.73837971529638
2021-08-15,47038.000000000044,10.758711064661833,1.3464089832491384,83.66022458122846
2021-08-16,45925.41000000004,10.734773837642823,0.7954594125139068,69.88648531284767
2021-08-17,44693.920000000035,10.707592753453296,0.8111245007189941,70.27811251797486
2021-08-18,44721.40000000004,10.708207413242361,0.6319482266686869,65.79870566671717
2021-08-19,46793.529999999984,10.753500224485373,0.8452660750784381,71.13165187696096
2021-08-20,49367.06999999996,10.807038881709705,0.9716005164112734,74.29001291028183
2021-08-21,48861.400000000016,10.796742997696363,1.322649904384445,83.06624760961112
2021-08-22,49309.30000000002,10.805867983213941,1.1721114088825118,79.3027852220628
2021-08-23,49531.25,10.810359062493792,0.8455389104129059,71.13847276032264
2021-08-24,47706.29000000001,10.772818534010991,0.7156300856373442,67.89075214093361
2021-08-25,49011.81999999999,10.79981677249261,0.5478641481232804,63.69660370308201
2021-08-26,46862.94999999999,10.754982663558746,0.5546650774198527,63.86662693549632
2021-08-27,49102.10999999997,10.801657286382698,0.3229034209995625,58.072585524989066
2021-08-28,48928.67,10.798118802225614,0.6645245848859013,66.61311462214753
2021-08-29,48824.4,10.79598546688289,0.5675594017927894,64.18898504481973
2021-08-30,47007.800000000025,10.758068824369591,0.37594242226929825,59.39856055673246
2021-08-31,47126.63000000002,10.760593513011548,0.14471119194503726,53.61777979862593
2021-09-01,48837.650000000016,10.796256810768899,0.11238999485844291,52.80974987146108
2021-09-02,49304.010000000024,10.80576069546536,0.1577202579462678,53.943006448656696
2021-09-03,50043.60999999999,10.820650104264889,0.1718778915840704,54.29694728960176
2021-09-04,49957.960000000014,10.818937130739705,0.5140646772778429,62.851616931946076
2021-09-05,51815.05999999999,10.855436119583487,0.4736403873150983,61.841009682877456
2021-09-06,52714.62,10.872648115410659,0.24043913809132356,56.01097845228309
2021-09-07,46863.10000000004,10.754985864376449,0.2964660467394183,57.411651168485456
2021-09-08,46074.17999999998,10.73800798530966,-0.05880722557929058,48.529819360517735
2021-09-09,46423.19999999998,10.745554613255997,-0.1643015491283365,45.89246127179158
2021-09-10,44873.880000000005,10.711611167261848,-0.16009086708380857,45.997728322904784
2021-09-11,45185.38000000002,10.718528862171226,-0.6717951564034124,33.20512108991469
2021-09-12,46038.040000000045,10.737223290252818,-0.5755557591828825,35.61110602042794
2021-09-13,44970.19,10.713755104794743,-0.16221089479095738,45.94472763022607
2021-09-14,47141.36000000004,10.76090602630731,-0.173238917135212,45.6690270716197
2021-09-15,48172.189999999966,10.782537162572542,0.010797415469915828,50.269935386747896
2021-09-16,47767.48999999997,10.774100561566248,0.1791986549559217,54.47996637389805
2021-09-17,47310.19999999997,10.764481196052317,0.2290242675441285,55.725606688603214
2021-09-18,48338.70000000003,10.785987761053489,-0.16159155883888512,45.96021102902787
2021-09-19,47279.54999999998,10.763833134268188,0.02721718981882831,50.68042974547071
2021-09-20,43034.49999999998,10.66975739856598,0.017134963921963602,50.42837409804909
2021-09-21,40740.00000000003,10.614965689780798,-0.37735247200510186,40.56618819987246
2021-09-22,43611.31999999997,10.683072028665826,-0.35114870309899576,41.22128242252511
2021-09-23,44911.05999999998,10.71243936856432,-0.2169304286696895,44.57673928325776
2021-09-24,42869.86,10.66592429389973,-0.15237998670796413,46.1905003323009
2021-09-25,42718.32000000003,10.6623831470181,-0.8210370579786985,29.474073550532538
2021-09-26,43199.499999999985,10.673584200091147,-0.7914953830785915,30.212615423035217
2021-09-27,42184.41000000003,10.649806000487937,-0.20160727511547663,44.959818122113084
2021-09-28,41046.60000000003,10.62246328562816,-0.1726188427268913,45.684528931827714
2021-09-29,41534.61999999997,10.634282575320762,-0.06977629521947064,48.25559261951323
2021-09-30,43846.339999999975,10.688446527954218,0.019878249038949487,50.49695622597373
2021-10-01,48180.21,10.782703634814407,0.32506097859958233,58.12652446498956
2021-10-02,47681.520000000004,10.772299180425732,0.44031668947378966,61.00791723684475
2021-10-03,48248.46000000001,10.784119189159325,0.33318561633935745,58.32964040848394
2021-10-04,49270.16000000001,10.805073902944955,0.5317249729551412,63.29312432387852
2021-10-05,51509.400000000045,10.849519594268145,0.713265325189003,67.83163312972508
2021-10-06,55356.08000000003,10.921541778535904,1.0906095536927032,77.26523884231757
2021-10-07,53814.00000000002,10.893288935346058,1.1526290092345948,78.81572523086487
2021-10-08,53990.80189999996,10.89656897585254,0.9293982472720214,73.23495618180054
2021-10-09,54989.76999999998,10.914902446914462,0.9720226381115696,74.30056595278924
2021-10-10,54717.87999999997,10.909945808855856,1.0800960377132078,77.00240094283019
2021-10-11,57516.20000000002,10.959821926234861,1.0581959524273306,76.45489881068326
2021-10-12,56021.90000000002,10.933497964697358,1.0937364818622817,77.34341204655703
2021-10-13,57384.52999999998,10.957530033787597,0.8651939475020566,71.62984868755142
2021-10-14,57376.720000000016,10.957393925127016,0.8301778173215056,70.75444543303763
2021-10-15,61726.25000000005,11.030464565122141,0.9175553448017207,72.93888362004301
2021-10-16,60895.679999999986,11.016917515221323,1.5213259981938814,88.03314995484703
2021-10-17,61545.600000000006,11.027533642461048,1.289694238031526,82.24235595078815
2021-10-18,62073.43000000001,11.036073318071018,0.9563101436081117,73.9077535902028
2021-10-19,64335.28999999996,11.071863593264172,0.9395042396082561,73.4876059902064
2021-10-20,66046.35000000005,11.098112047257734,0.9742720627538971,74.35680156884743
2021-10-21,62235.12,11.038674749608683,0.8818218425799266,72.04554606449817
2021-10-22,60705.80000000002,11.013794524377362,0.4882529601963044,62.20632400490761
2021-10-23,61315.29000000004,11.023784519859573,0.4566908536635576,61.41727134158894
2021-10-24,60884.910000000054,11.016740639743416,0.4873763837608012,62.18440959402003
2021-10-25,63115.08000000003,11.052715005713688,0.48128584915192524,62.03214622879813
2021-10-26,60367.79000000001,11.008210963533848,0.5512142902975224,63.780357257438055
2021-10-27,58473.01000000004,10.97632055923584,0.18952380826209447,54.73809520655236
2021-10-28,60621.950000000004,11.01241231769588,0.0030492286740444554,50.076230716851114
2021-10-29,62307.85999999996,11.039842860541487,0.41328355550975027,60.33208888774375
2021-10-30,61923.359999999964,11.033652770357286,0.36376603019019244,59.094150754754814
2021-10-31,61374.35999999997,11.024747437343878,0.2513605796154753,56.28401449038688
2021-11-01,60967.82000000005,11.01810146297314,0.2412540113919298,56.03135028479824
2021-11-02,63298.14000000005,11.055611223814298,0.3520120432195013,58.80030108048753
2021-11-03,62966.87999999996,11.050364152851749,0.2774955674270806,56.93738918567701
2021-11-04,61475.21999999995,11.026389445768514,0.3464131403389638,58.660328508474095
2021-11-05,61036.64999999995,11.019229782407702,0.22697403480033262,55.67435087000832
2021-11-06,61570.07999999999,11.027931317238503,-0.12738644200473048,46.815338949881735
2021-11-07,63328.100000000006,11.05608442748139,-0.06810982485407237,48.29725437864819
2021-11-08,67585.50000000003,11.121148741981855,0.3605843463198722,59.0146086579968
2021-11-09,66964.75000000004,11.111921640520743,0.530391505286003,63.25978763215008
2021-11-10,64944.66000000003,11.081290801628667,0.7239953781034231,68.09988445258558
2021-11-11,64840.13999999995,11.079680135008292,0.6291027338287185,65.72756834571796
2021-11-12,64179.97000000004,11.069446447228401,0.5307838258199012,63.26959564549753
2021-11-13,64419.29999999997,11.073168556635528,-0.09133720099393806,47.71656997515154
2021-11-14,65537.77,11.090381896651055,-0.05184253961794319,48.70393650955142
2021-11-15,63592.78,11.060255220871523,0.532940553224974,63.32351383062436
2021-11-16,60138.03,11.004397699105436,1.128137471835465,78.20343679588663
2021-11-17,60381.689999999966,11.008441192269597,0.24032592291644905,56.008148072911226
2021-11-18,56926.39999999998,10.949514484393243,0.009655233298902352,50.24138083247256
2021-11-19,58151.22,10.970802137950288,0.011393505010141617,50.284837625253545
2021-11-20,59778.690000000046,10.998404521914315,-0.8613981174840067,28.465047062899828
2021-11-21,58720.34999999999,10.980541623761097,-0.5683001319082983,35.79249670229254
2021-11-22,56308.94999999998,10.938608771298039,1.072194188876799,76.80485472191998
2021-11-23,57595.12000000003,10.96119312087263,0.9237765238449962,73.0944130961249
2021-11-24,57191.240000000034,10.954156018786566,1.1268449141768422,78.17112285442104
2021-11-25,59045.299999999996,10.986060224892997,1.1438081228931356,78.59520307232839
2021-11-26,53787.66999999999,10.892799537727498,-0.11702493389905048,47.07437665252374
2021-11-27,54775.48000000004,10.910997927547134,-1.2499120903858916,18.75219774035271
2021-11-28,57334.37,10.956655548359363,-1.0527475094293075,23.681312264267312
2021-11-29,57867.00000000003,10.96590255289235,0.07375822017431755,51.84395550435794
2021-11-30,57016.46000000004,10.951095277059924,-0.05677511527005119,48.58062211824872
2021-12-01,57255.10000000004,10.955272000418267,-0.12305843426428453,46.92353914339289
2021-12-02,56549.72000000003,10.94287553016154,-0.0762495970445789,48.09376007388553
2021-12-03,53664.860000000044,10.890513690135553,-0.2581162710970749,43.54709322257313
2021-12-04,49273.62000000003,10.805144125540464,-1.0043329131639196,24.89167717090201
2021-12-05,49499.07000000002,10.8097091605015,-1.6119811218079132,9.70047195480217
2021-12-06,50554.82000000001,10.830813571040474,-0.6568278840993463,33.57930289751634
2021-12-07,50665.300000000025,10.832996537112297,-0.49064585671003197,37.733853582249196
2021-12-08,50544.93999999999,10.830618120526418,-0.6271224572349765,34.321938569125585
2021-12-09,47582.700000000004,10.770224528779082,-0.5947911212533809,35.130221968665474
2021-12-10,47185.099999999984,10.761833443770767,-0.7319593730350958,31.7010156741226
2021-12-11,49440.830000000016,10.808531880016545,-1.4148424447114736,14.628938882213161
2021-12-12,50114.69999999996,10.822069657209381,-1.0341741718533966,24.145645703665085
2021-12-13,46738.880000000034,10.752331645460862,-0.5294660096412351,36.76334975896912
2021-12-14,48423.19999999996,10.787734316701533,-0.5535093806920911,36.16226548269772
2021-12-15,48899.450000000004,10.797521427955948,-0.4153524108703321,39.61618972824169
2021-12-16,47658.04000000001,10.771806625174277,-0.5864580034003517,35.338549914991205
2021-12-17,46189.59999999997,10.740509943504062,-0.5118816465510952,37.20295883622262
2021-12-18,46871.56000000004,10.755166373913113,-1.1551709054643269,21.12072736339183
2021-12-19,46710.52999999999,10.751724900038504,-0.9881181260128558,25.297046849678605
2021-12-20,46948.55000000001,10.756807600240428,-0.4615263052809702,38.46184236797575
2021-12-21,48939.16,10.79833317297523,-0.39526357012041585,40.1184107469896
2021-12-22,48632.92,10.792055946834752,-0.39424175677523626,40.14395608061909
2021-12-23,50864.42,10.836918940430113,-0.3444234394567869,41.38941401358033
2021-12-24,50866.64,10.83696258491785,-0.09673915363141163,47.58152115921471
2021-12-25,50443.44000000004,10.828607987594749,-0.07678557793563583,48.080360551609104
2021-12-26,50817.02999999997,10.835986813607938,-0.09602090094298221,47.59947747642544
2021-12-27,50743.12999999997,10.834531518282633,-0.16035356751501245,45.99116081212469
2021-12-28,47571.87,10.769996899143495,-0.2612776293862567,43.468059265343584
2021-12-29,46485.179999999986,10.746888831099305,-0.5577374033805487,36.056564915486284
2021-12-30,47136.22000000001,10.760796986597018,-0.59904681188047,35.02382970298825
2021-12-31,46234.350000000035,10.741478307299312,-0.7058153123074149,32.35461719231463
2022-01-01,47747.74999999996,10.773687224379826,-0.66919689832503,33.27007754187425
2022-01-02,47322.72000000001,10.764745797420913,-0.4011402737998845,39.97149315500289
2022-01-03,46473.49999999996,10.74663753665189,-0.41853653179013367,39.536586705246656
2022-01-04,45828.35000000001,10.732658174236688,-0.418580103954941,39.53549740112648
2022-01-05,43449.070000000014,10.679344726551928,-0.5691385398965604,35.77153650258599
2022-01-06,43105.30000000003,10.671401238369256,-0.6577344797496371,33.55663800625908
2022-01-07,41585.389999999985,10.635504182640439,-0.9383572256376261,26.541069359059343
2022-01-08,41697.35000000003,10.638192856606889,-1.2297309950167354,19.256725124581614
2022-01-09,41889.080000000016,10.642780451417739,-1.0924766886474593,22.688082783813517
2022-01-10,41844.98000000004,10.641727116512506,-0.8175470205711535,29.561324485721162
2022-01-11,42774.81,10.663704656903656,-0.8810034352586373,27.974914118534066
2022-01-12,43940.60999999998,10.690594228409376,-1.0101622138556392,24.74594465360902
2022-01-13,42602.93999999997,10.659678543960606,-0.9742225624424279,25.644435938939303
2022-01-14,43099.819999999985,10.671274099749011,-0.8457078363140559,28.857304092148606
2022-01-15,43119.74999999997,10.671736407792416,-0.4663885889023328,38.34028527744168
2022-01-16,43125.90000000004,10.671879023681113,-0.4030560952792577,39.92359761801856
2022-01-17,42239.119999999995,10.651102084829793,-0.5483711351291348,36.290721621771624
2022-01-18,42382.449999999975,10.65448964043921,-0.611106526281626,34.72233684295935
2022-01-19,41695.10999999997,10.638139134723625,-0.657364754452434,33.56588113868915
2022-01-20,40699.099999999984,10.613961258164077,-0.5268922490054395,36.82769377486401
2022-01-21,36467.899999999994,10.504187700570947,-0.8070253606946641,29.824365982633395
2022-01-22,35076.90000000001,10.465298073140033,-1.5291383606553661,11.771540983615846
2022-01-23,36293.349999999984,10.499389807878293,-1.749888496805037,6.2527875798740755
2022-01-24,36704.299999999996,10.510649193391771,-0.9341118191964132,26.647204520089673
2022-01-25,37006.29,10.518843177177999,-0.8606119536903977,28.484701157740055
2022-01-26,36859.04999999998,10.514856457695803,-0.5689544580802016,35.77613854799496
2022-01-27,37206.95999999999,10.524251119535013,-0.30528012322152615,42.367996919461845
2022-01-28,37752.909999999996,10.538817837798906,-0.17614349598527415,45.59641260036815
2022-01-29,38210.19999999999,10.550857774659123,-0.6193009484389018,34.51747628902746
2022-01-30,37923.94999999999,10.543338117610654,-0.48099636185551387,37.97509095361215
2022-01-31,38510.599999999984,10.558688807056317,-0.32488649955025245,41.87783751124369
2022-02-01,38737.590000000026,10.564565725423412,-0.33313324484843804,41.67166887878905
2022-02-02,36941.85000000003,10.517100333711987,-0.5423625563952573,36.44093609011857
2022-02-03,37377.21000000003,10.528816439379636,-0.9456762887404283,26.358092781489294
2022-02-04,41627.139999999985,10.636507637372635,-0.6336641369969069,34.158396575077326
2022-02-05,41425.54999999999,10.631653119213263,0.43503240033661134,60.875810008415286
2022-02-06,42427.90000000003,10.655561443688484,0.5242190317144003,63.10547579286001
2022-02-07,43881.23000000004,10.689241944989925,-0.06059162640640503,48.48520933983988
2022-02-08,44099.03999999998,10.694193292490512,0.1582690655022066,53.956726637555164
2022-02-09,44438.60000000001,10.701863740107017,0.1274829267995368,53.187073169988416
2022-02-10,43549.47000000002,10.681652812286963,0.12538876749152736,53.134719187288184
2022-02-11,42399.190000000024,10.654884537263985,0.18222264098639532,54.55556602465988
2022-02-12,42257.640000000036,10.651540444840203,0.47887761512742927,61.97194037818573
2022-02-13,42096.02999999998,10.647708715936604,0.4230797635253546,60.57699408813386
2022-02-14,42561.47000000001,10.658704662892736,0.15868445642917578,53.967111410729395
2022-02-15,44605.809999999976,10.705619398582174,0.11713716318783564,52.928429079695896
2022-02-16,43917.49999999997,10.690068152887537,0.1291418202844795,53.22854550711199
2022-02-17,40548.88999999997,10.61026368555607,-0.03073781594895697,49.23155460127607
2022-02-18,40001.75999999997,10.596678732128101,-0.24511095755127085,43.87222606121823
2022-02-19,40113.969999999994,10.599479931677138,-0.1455967275367269,46.36008181158183
2022-02-20,38408.2,10.556026257445708,0.031189331096476966,50.77973327741192
2022-02-21,37041.50999999997,10.519794454667835,-0.18544237610182882,45.363940597454274
2022-02-22,38318.09999999999,10.55367764839208,-0.5883381013964674,35.291547465088314
2022-02-23,37316.19000000001,10.527182559717584,-0.40895459590796485,39.77613510230088
2022-02-24,38366.469999999994,10.554939180051315,-0.04064356601718818,48.98391084957029
2022-02-25,39258.12000000003,10.577913580794942,-0.1416156492419238,46.4596087689519
2022-02-26,39157.36999999997,10.575343934021365,0.011137305532556844,50.278432638313916
2022-02-27,37735.939999999966,10.538368234969193,0.568987567888102,64.22468919720255
2022-02-28,43205.600000000035,10.673725395460638,-0.028761876632937982,49.280953084176545
2022-03-01,44462.16999999996,10.702393994244348,0.8110540188811219,70.27635047202804
2022-03-02,43938.4,10.69054393198477,0.8171172022297223,70.42793005574306
2022-03-03,42477.15,10.656721563269679,0.7995663402594393,69.98915850648598
2022-03-04,39186.1,10.576077371059268,1.5246842692287377,88.11710673071845
2022-03-05,39414.249999999985,10.581882705024245,-0.17978349805341529,45.50541254866462
2022-03-06,38427.2,10.556520821159499,1.685327208142558,92.13318020356395
2022-03-07,38040.19000000001,10.54639851138923,1.4912752883958031,87.28188220989507
2022-03-08,38760.99,10.565169607474182,1.2277847295719215,80.69461823929804
2022-03-09,41974.94999999998,10.644828290759802,0.18784699169711824,54.69617479242795
2022-03-10,39455.519999999975,10.582929240439949,0.5369518801230608,63.42379700307652
2022-03-11,38751.419999999984,10.564922679271366,1.1216928911785065,78.04232227946267
2022-03-12,38824.660000000025,10.5668108907345,-0.0980164192725087,47.54958951818728
2022-03-13,37811.90999999999,10.540379411345679,-0.0386247266459193,49.03438183385202
2022-03-14,39698.14000000002,10.589059614192331,0.27412759066443165,56.85318976661079
2022-03-15,39317.75000000001,10.579431349836431,0.4864106822108602,62.160267055271504
2022-03-16,41140.30000000002,10.624743455353428,0.29982863011315347,57.495715752828836
2022-03-17,40962.61999999997,10.620415222511475,0.174639821490398,54.36599553725995
2022-03-18,41787.499999999985,10.640352530728354,0.30627696705798274,57.656924176449564
2022-03-19,42244.929999999986,10.651239625584743,0.7473262761768553,68.68315690442138
2022-03-20,41307.88000000001,10.628808559780781,0.658179737522316,66.4544934380579
2022-03-21,41038.22000000001,10.622259106584357,0.33073192174082156,58.26829804352054
2022-03-22,42390.97000000003,10.654690646840244,0.34041777051668004,58.510444262917005
2022-03-23,42912.56999999998,10.66692006899095,0.46302482801168826,61.57562070029221
2022-03-24,44034.30000000003,10.692724154667202,0.6081993007258919,65.2049825181473
2022-03-25,44345.15000000001,10.69975862437333,0.684801137182297,67.12002842955742
2022-03-26,44561.69000000002,10.704629800273361,1.0797782016620576,76.99445504155145
2022-03-27,46864.06999999998,10.75500656275025,1.0643245585065262,76.60811396266315
2022-03-28,47168.48999999999,10.761481363893964,1.079708127652918,76.99270319132295
2022-03-29,47463.89999999999,10.767724701076324,0.7506902512466717,68.7672562811668
2022-03-30,47092.20000000001,10.75986266119493,0.43741710297712516,60.935427574428125
2022-03-31,45551.00000000002,10.726587856343938,0.49622261950886437,62.4055654877216
2022-04-01,46310.22999999997,10.743118165992371,0.49465577981191494,62.366394495297875
2022-04-02,45849.19999999999,10.733113029331735,0.9771439075643602,74.42859768910901
2022-04-03,46445.36999999997,10.746032062201774,0.6392104481649272,65.98026120412318
2022-04-04,46620.12999999997,10.749787701088648,0.5913355179345973,64.78338794836493
2022-04-05,45529.25,10.72611025553776,0.7399773339493474,68.49943334873369
2022-04-06,43208.89999999998,10.673801771531819,0.5502568675028434,63.756421687571084
2022-04-07,43473.91000000003,10.679916267027789,0.3692942140712762,59.232355351781905
2022-04-08,42283.15000000004,10.6521439405202,0.3446959740675963,58.617399351689905
2022-04-09,42801.38999999999,10.664325857678048,-0.11750427846897239,47.062393038275694
2022-04-10,42187.04,10.649868343851736,0.5611410015463341,64.02852503865834
2022-04-11,39555.64,10.58546356732713,0.12434128258604597,53.10853206465115
2022-04-12,40106.00000000001,10.599281228036979,0.006428774534053587,50.16071936335133
2022-04-13,41167.25000000001,10.625398316322151,-0.036830083168759666,49.07924792078101
2022-04-14,39974.09999999999,10.595987023377415,0.14422202962701933,53.605550740675476
2022-04-15,40574.870000000024,10.610904188434345,0.5035217879584987,62.58804469896246
2022-04-16,40399.700000000026,10.606577638179097,-0.27501694782265834,43.124576304433546
2022-04-17,39693.10000000003,10.58893264804325,0.5603703122507955,64.00925780626989
2022-04-18,40823.97999999999,10.61702493283579,0.1838705068981549,54.59676267245387
2022-04-19,41522.31999999997,10.63398639296466,0.35561569148265654,58.89039228706642
2022-04-20,41390.01999999999,10.630795067951166,0.1485512777508679,53.7137819437717
2022-04-21,40495.640000000014,10.608949592978501,0.19461912778493815,54.86547819462345
2022-04-22,39732.109999999986,10.589914955880694,0.25131355843581,56.282838960895255
2022-04-23,39485.600000000006,10.583691327460144,-0.3056840907842856,42.35789773039286
2022-04-24,39476.39999999999,10.583458303979441,0.5647536500182099,64.11884125045525
2022-04-25,40451.35000000002,10.607855296466186,0.3704421631119477,59.26105407779869
2022-04-26,38140.80000000002,10.54903985428839,1.2955458096422254,82.38864524105564
2022-04-27,39270.70000000002,10.57823397272513,1.521869735639656,88.0467433909914
2022-04-28,39755.14,10.590494419898997,1.915371863555424,97.8842965888856
2022-04-29,38612.40000000002,10.561328747388586,1.2998915040837367,82.49728760209342
2022-04-30,37655.39999999999,10.536231649238292,-0.3537389712383227,41.15652571904193
2022-05-01,38492.289999999986,10.558213240480956,1.5545816689322354,88.86454172330589
2022-05-02,38522.440000000024,10.558996207623483,1.54261301343612,88.565325335903
2022-05-03,37738.40000000002,10.538433422687321,1.2173992826216133,80.43498206554034
2022-05-04,39689.39999999998,10.58883942850487,0.13126752059880642,53.281688014970165
2022-05-05,36548.20000000002,10.506387216359203,1.258789033382938,81.46972583457345
2022-05-06,36017.10000000001,10.491749104661459,0.9242372197314135,73.10593049328533
2022-05-07,35468.637000000024,10.476404120189756,-0.7078781230539891,32.30304692365027
2022-05-08,34044.92,10.4354361080832,0.5883749133833334,64.70937283458333
2022-05-09,30087.28999999998,10.31185810242426,-0.3466245853611451,41.33438536597137
2022-05-10,31017.89,10.342319413785171,-0.5267625715886541,36.83093571028365
2022-05-11,28986.830000000027,10.274596867885716,-0.5974634499856292,35.063413750359274
2022-05-12,29086.699999999997,10.278036304009293,-0.044228955878700404,48.89427610303249
2022-05-13,29240.949699999983,10.283325392816431,0.5545163746074733,63.86290936518684
2022-05-14,30054.2,10.310757697251757,-1.6572068240738456,8.56982939815386
2022-05-15,31299.437000000005,10.351355389146025,0.2375400135972341,55.938500339930854
2022-05-16,29848.83999999999,10.303901257094116,-0.38588298590779707,40.35292535230507
2022-05-17,30427.329999999984,10.323096496681917,-0.7705552724679356,30.73611818830161
2022-05-18,28678.62999999999,10.26390752509283,-0.5715098032529496,35.71225491867626
2022-05-19,30289.699999999983,10.318562999713404,-1.0660206284264977,23.349484289337557
2022-05-20,29216.921299999976,10.282503316988414,-0.757480362088724,31.0629909477819
2022-05-21,29417.099999999995,10.289331416897122,-1.1392099416419397,21.519751458951507
2022-05-22,30269.94830000002,10.317910694052628,-0.6701924805428969,33.245187986427574
2022-05-23,29097.10000000001,10.278393791836171,-1.0831792832141085,22.92051791964729
2022-05-24,29636.129999999994,10.296749504083817,-1.2233782579468928,19.41554355132768
2022-05-25,29518.239999999994,10.292763656340824,-1.023254416117118,24.41863959707205
2022-05-26,29174.810000000023,10.28106094470853,-1.0706489500607643,23.233776248480893
2022-05-27,28606.88999999998,10.261402876884917,-1.1312880546637771,21.71779863340557
2022-05-28,29017.692700000014,10.275661016040923,-0.9276278453914851,26.809303865212875
2022-05-29,29455.89999999999,10.290649508573017,-1.1035143266094383,22.412141834764043
2022-05-30,31727.275999999973,10.36493203153805,-1.1752966021051832,20.61758494737042
2022-05-31,31799.90000000001,10.367218424109236,-0.5043244023108127,37.39188994222968
2022-06-01,29847.900000000005,10.303869764587153,-0.30538722697783566,42.365319325554104
2022-06-02,30448.999999999985,10.323808431876278,-0.751273166628807,31.218170834279825
2022-06-03,29679.750000000022,10.29822027406525,-0.5627850610232081,35.930373474419795
2022-06-04,29852.100000000006,10.304010468104973,-0.36014594637808706,40.99635134054782
2022-06-05,29916.460000000006,10.30616410958056,-0.5224890021116442,36.937774947208894
2022-06-06,31365.995200000005,10.353479629662413,-0.3521427782253736,41.19643054436566
2022-06-07,31114.150000000016,10.345417978616355,-0.23913092851083154,44.02172678722921
2022-06-08,30195.509999999987,10.315448516812975,-0.22871991132787414,44.28200221680314
2022-06-09,30094.60000000001,10.31210103264915,-0.10275999572318532,47.431000106920365
2022-06-10,29077.59999999999,10.277723397292483,0.14295104607455122,53.57377615186378
2022-06-11,28402.82000000001,10.254243714994447,-0.4298285107293485,39.25428723176629
2022-06-12,26568.500000000004,10.187481582512136,0.3395828048108694,58.489570120271736
2022-06-13,22472.199999999983,10.020034268708875,0.6203137000740472,65.50784250185117
2022-06-14,22131.03,10.004735975116086,-0.42796338072797485,39.30091548180063
2022-06-15,22569.100000000006,10.024336993075,-1.68996995379012,7.7507511552469985
2022-06-16,20378.109999999993,9.922216564497873,-1.827377128615928,4.315571784601802
2022-06-17,20458.099999999995,9.926134171068355,-1.9659570412133422,0.8510739696664438
2022-06-18,18958.359999999986,9.850000274177559,-2.5798736088004492,0.0
2022-06-19,20562.720000000005,9.931235006538639,-1.6503554808685545,8.741112978286136
2022-06-20,20555.91,9.930903769818823,-1.1792140201222898,20.519649496942755
2022-06-21,20703.16999999998,9.93804210762533,-1.506706569613862,12.332335759653452
2022-06-22,19981.189999999988,9.902546609988503,-1.5516861111994227,11.207847220014433
2022-06-23,21120.399999999987,9.957994677034788,-1.479890767094097,13.002730822647573
2022-06-24,21234.330000000013,9.963374490566066,-0.9877580360145243,25.306049099636894
2022-06-25,21484.48000000001,9.975086092983922,-1.2357380230552362,19.106549423619096
2022-06-26,21033.80999999999,9.953886422044976,-0.6047151467547447,34.88212133113138
2022-06-27,20726.66,9.939176073297752,-1.033480933660732,24.1629766584817
2022-06-28,20282.139999999996,9.917495974820438,-0.8817325377982885,27.956686555042786
2022-06-29,20104.840000000015,9.90871586108036,-0.7032370112655504,32.41907471836124
2022-06-30,19995.599999999984,9.903267528332577,-0.9686150122913851,25.784624692715376
2022-07-01,19258.54000000001,9.86570987770205,-0.8217520233185468,29.456199417036334
2022-07-02,19229.799999999992,9.864216438112724,-1.425071358454546,14.37321603863635
2022-07-03,19300.979999999996,9.86791115080593,-0.419638048662245,39.50904878344387
2022-07-04,20217.63000000001,9.914310275022261,-0.35629216683481585,41.0926958291296
2022-07-05,20163.83000000001,9.91164568430009,-0.024597388527485203,49.38506528681287
2022-07-06,20552.90000000001,9.930757329189412,1.0103524864072018,75.25881216018004
2022-07-07,21621.079999999998,9.981424043692083,1.0593600132901158,76.48400033225289
2022-07-08,21588.67000000001,9.979923919017542,0.41800163234251747,60.45004080856293
2022-07-09,21590.41999999999,9.980004976770308,0.20416795641885357,55.10419891047134
2022-07-10,20861.070000000014,9.945640021582495,0.8844004283416785,72.11001070854196
2022-07-11,19952.4,9.901104715834334,1.2673231906993117,81.6830797674828
2022-07-12,19314.319999999996,9.86860206868204,1.042907805339619,76.07269513349047
2022-07-13,20226.299999999996,9.914739016746065,0.8330583762565429,70.82645940641356
2022-07-14,20583.190000000013,9.932230002235116,1.2242953463217634,80.60738365804409
2022-07-15,20838.189999999984,9.944542639888137,0.35648034826454134,58.91200870661353
2022-07-16,21196.099999999984,9.96157248147282,0.07193216693333755,51.79830417333344
2022-07-17,20802.13999999999,9.942811145012534,0.2593155722570567,56.48288930642642
2022-07-18,22443.730000000014,10.018766566857316,0.20165187965963005,55.04129699149075
2022-07-19,23406.760000000013,10.060780148514322,0.37605904184914557,59.40147604622864
2022-07-20,23233.959999999992,10.053370280457063,0.6695758659109927,66.73939664777481
2022-07-21,23165.500000000004,10.050419381904451,0.5048811041086267,62.62202760271567
2022-07-22,22694.489999999998,10.029877442727956,0.33185301348018253,58.29632533700456
2022-07-23,22457.429999999986,10.019376796099728,0.8152096837069026,70.38024209267256
2022-07-24,22593.300000000007,10.025408681130381,0.6797115845839277,66.9927896145982
2022-07-25,21319.80000000001,9.967391497372741,0.06314793231718396,51.578698307929606
2022-07-26,21272.200000000008,9.965156334909496,0.007555455061153553,50.18888637652884
2022-07-27,22969.480000000014,10.041921657203126,-0.08821777380613521,47.79455565484662
2022-07-28,23863.626000000015,10.080110653929637,0.27002595124055695,56.75064878101392
2022-07-29,23796.420000000016,10.077290428177252,0.26291086161493454,56.57277154037337
2022-07-30,23661.999999999993,10.071625664813608,1.263556095291569,81.58890238228922
2022-07-31,23319.10000000001,10.057028046237692,1.0506226655389854,76.26556663847464
2022-08-01,23280.80000000001,10.055384265516105,-0.1123733984317558,47.1906650392061
2022-08-02,22997.819999999992,10.043154707810436,0.14187091173112143,53.54677279327804
2022-08-03,22831.84749999998,10.035911660472166,0.2292619299363239,55.7315482484081
2022-08-04,22635.299999999996,10.027265913592698,-0.2001834025221448,44.99541493694638
2022-08-05,23323.700000000015,10.057225289971555,0.14079563149763638,53.51989078744091
2022-08-06,22967.808000000005,10.041848862309324,0.7321424617906627,68.30356154476657
2022-08-07,23184.34319999999,10.051232467763525,0.5912956192942457,64.78239048235615
2022-08-08,23822.79499999999,10.0783981743968,0.25159250576480136,56.28981264412003
2022-08-09,23165.20000000001,10.050406431528135,0.21741655946918895,55.43541398672972
2022-08-10,23969.369999999984,10.084532044229462,-0.20196298570058321,44.950925357485424
2022-08-11,23956.83,10.084008739636728,-0.047906653214144335,48.802333669646394
2022-08-12,24427.378000000015,10.103459831434929,0.12452888857627682,53.11322221440692
2022-08-13,24468.720000000023,10.105150846118823,1.110127268923218,77.75318172308046
2022-08-14,24328.869999999995,10.099418989980524,1.0815155844837026,77.03788961209257
2022-08-15,24105.000000000007,10.090174566839723,0.4115177603350384,60.28794400837596
2022-08-16,23869.860000000022,10.080371854213038,0.3310315044299141,58.275787610747855
2022-08-17,23339.47999999998,10.0579016262436,0.21574409098225766,55.39360227455644
2022-08-18,23201.100000000017,10.051954970323507,0.4211057949704163,60.52764487426041
2022-08-19,20841.19,9.944686595964509,0.368028094052131,59.20070235130328
2022-08-20,21144.910000000014,9.959154493572159,-0.6964024502655035,32.58993874336241
2022-08-21,21525.07560000001,9.976973841484886,-0.5158756976467149,37.10310755883213
2022-08-22,21404.668999999998,9.971364354782771,0.3741065518925419,59.35266379731354
2022-08-23,21534.800000000017,9.977425510238213,0.22979944131140165,55.744986032785036
2022-08-24,21377.804000000004,9.970108466487998,0.29371327945201114,57.34283198630028
2022-08-25,21572.640000000014,9.979181124105292,0.1785010477314182,54.462526193285456
2022-08-26,20246.749999999993,9.915749565827012,0.1851963966094072,54.629909915235174
2022-08-27,20046.710000000006,9.905820329494954,-0.7076212212848206,32.30946946787948
2022-08-28,19563.79999999999,9.881436198748682,-0.738324846026666,31.54187884933335
2022-08-29,20292.200000000004,9.917991854738936,-0.15504772303979078,46.12380692400523
2022-08-30,19819.100000000006,9.894401398174871,-0.09553890268688459,47.611527432827884
2022-08-31,20058.299999999996,9.90639831216209,-0.15058248562011914,46.23543785949702
2022-09-01,20139.68999999998,9.91044777389987,0.16700194834175544,54.17504870854388
2022-09-02,19963.71689999998,9.90167174996401,0.12471074926414767,53.11776873160369
2022-09-03,19845.399999999994,9.895727521224664,-0.3960638800425527,40.09840299893618
2022-09-04,20014.699999999997,9.90422228255591,-0.4216415901652816,39.45896024586796
2022-09-05,19800.499999999993,9.89346246888904,0.4311815865175719,60.7795396629393
2022-09-06,18799.639999999996,9.841592999698527,0.15180857105504042,53.795214276376015
2022-09-07,19303.200000000008,9.86802616425797,-0.11470220376092481,47.132444905976875
2022-09-08,19330.69999999999,9.869449784686893,-0.03703347144813377,49.07416321379666
2022-09-09,21376.500000000015,9.970047466781377,0.0036759379714198515,50.0918984492855
2022-09-10,21662.345799999985,9.983330815706546,0.7819823574919513,69.54955893729878
2022-09-11,21842.635900000005,9.991619113968163,0.9491642528506615,73.72910632126654
2022-09-12,22409.43000000001,10.017237131397868,0.342412006719684,58.5603001679921
2022-09-13,20184.869999999988,9.912688592840242,0.6392828171223655,65.98207042805913
2022-09-14,20237.80000000001,9.915307421841428,0.11736249821626159,52.93406245540654
2022-09-15,19709.58109999999,9.888860146749934,0.12819452148279983,53.20486303706999
2022-09-16,19810.939999999988,9.893989589349276,0.01074433161462122,50.268608290365535
2022-09-17,20123.426699999985,9.909639922833314,-0.10181570408119073,47.454607397970236
2022-09-18,19423.465299999985,9.874237165679668,0.14214583136453043,53.55364578411326
2022-09-19,19550.140200000016,9.880737736743297,-0.04041076184255358,48.98973095393616
2022-09-20,18886.348499999986,9.846194638474959,0.07354001718023595,51.8385004295059
2022-09-21,18470.619499999986,9.8239366135079,0.0866716882392443,52.1667922059811
2022-09-22,19407.09999999998,9.873394257478743,0.2875006918286544,57.18751729571636
2022-09-23,19295.700000000015,9.867637552142371,1.9045241574067253,97.61310393516813
2022-09-24,18932.700000000004,9.84864586477742,-0.040646995501482,48.983825112462945
2022-09-25,18814.300000000014,9.842372497977214,-0.2408689108580163,43.978277228549594
2022-09-26,19237.600000000002,9.864621976314261,2.2243868695351474,100.0
2022-09-27,19083.289999999994,9.85656836200344,2.0599454567344884,100.0
2022-09-28,19405.820000000014,9.873328300060418,0.5940355702969952,64.85088925742488
2022-09-29,19604.737499999996,9.883526525195323,0.4887654882491171,62.21913720622793
2022-09-30,19430.999999999996,9.874625007851026,0.4347756004861883,60.86939001215471
2022-10-01,19321.059999999998,9.868950971685887,0.23373522735315375,55.84338068382885
2022-10-02,19064.889999999996,9.855603702539902,0.17852626523631782,54.463156630907946
2022-10-03,19643.280000000002,9.885490574074469,0.20850827961796328,55.21270699044908
2022-10-04,20351.290000000015,9.92089957952503,-0.11721465902034063,47.069633524491486
2022-10-05,20171.699999999993,9.912035910986084,0.3271827314341843,58.17956828585461
2022-10-06,19975.619999999988,9.90226780895128,0.6337721734242733,65.84430433560684
2022-10-07,19538.780000000002,9.880156487618905,0.6407812015995927,66.01953003998982
2022-10-08,19425.42999999999,9.874338311412977,0.3444293387234184,58.61073346808546
2022-10-09,19453.220000000005,9.875767888043486,0.2910304987406671,57.275762468516675
2022-10-10,19142.40000000001,9.859661048995575,0.5819272181691677,64.54818045422918
2022-10-11,19067.639999999992,9.855747936347875,0.48189970931744847,62.04749273293621
2022-10-12,19161.669999999987,9.860667208478139,0.4846346728673215,62.11586682168304
2022-10-13,19388.29999999999,9.872425070334309,0.21499188345928333,55.37479708648208
2022-10-14,19187.59000000002,9.8620189948723,0.5149591236156528,62.873978090391326
2022-10-15,19075.319999999985,9.85615063189661,0.2954749939234412,57.38687484808603
2022-10-16,19276.62999999999,9.866648760355421,0.2522235171882684,56.30558792970671
2022-10-17,19560.16999999998,9.881250634757583,0.13004539719010821,53.25113492975271
2022-10-18,19338.400000000005,9.869848035491891,0.17377594906450086,54.34439872661252
2022-10-19,19133.74000000001,9.859208547769079,0.38966216483983745,59.74155412099593
2022-10-20,19048.190000000002,9.854727362917455,0.27164207993207085,56.79105199830177
2022-10-21,19176.02999999999,9.861416340568566,-0.01136780787069582,49.71580480323261
2022-10-22,19214.90000000002,9.863441298717904,0.4434747728719711,61.08686932179928
2022-10-23,19582.219999999994,9.882377290658383,0.48611300975326077,62.15282524383152
2022-10-24,19336.23999999999,9.869736334387381,0.13272255182103304,53.31806379552583
2022-10-25,20096.320000000014,9.908291992708026,-0.10206785283798188,47.448303679050454
2022-10-26,20800.399999999998,9.942727496273731,-1.2247358324502071,19.381604188744824
2022-10-27,20303.060000000016,9.918526892586167,0.19103510073361926,54.77587751834048
2022-10-28,20608.21,9.933444819069551,0.11164103051647407,52.79102576291185
2022-10-29,20829.799999999996,9.944139932672677,1.29504600814606,82.3761502036515
2022-10-30,20640.999999999993,9.935034668034257,1.3805551566365695,84.51387891591425
2022-10-31,20500.169999999984,9.928188457775041,0.34352309871979436,58.58807746799486
2022-11-01,20496.739999999998,9.928021128090537,0.2949504944384377,57.373762360960946
2022-11-02,20161.480000000007,9.911529132189138,0.20426983815257826,55.10674595381446
2022-11-03,20213.960000000014,9.914128733806095,0.6130268365746154,65.32567091436539
2022-11-04,21150.540000000008,9.959420716063384,0.07672188862666555,51.91804721566664
2022-11-05,21311.10000000001,9.966983342718686,1.4227515443642487,85.56878860910622
2022-11-06,20919.62000000001,9.948442753577938,1.4442427851885158,86.1060696297129
2022-11-07,20603.240000000016,9.933203623963625,-0.8916779650982476,27.70805087254381
2022-11-08,18559.53000000001,9.82873868274369,-1.389327949525923,15.266801261851926
2022-11-09,15930.999999999996,9.676022175572895,-1.147280590969775,21.317985225755624
2022-11-10,17567.950000000015,9.77383149822142,-2.4754850824001453,0.0
2022-11-11,17052.099999999988,9.744028642282636,-3.3364021525430427,0.0
2022-11-12,16828.41000000001,9.73082380856859,-1.0516512623284044,23.708718441789888
2022-11-13,16309.539999999997,9.699505491661231,-1.0274720599514406,24.313198501213982
2022-11-14,16595.710000000006,9.716899507209943,-3.016632664282372,0.0
2022-11-15,16886.36999999999,9.73426206663217,-2.813107774220129,0.0
2022-11-16,16653.55999999999,9.720379286367487,-2.6691811281743036,0.0
2022-11-17,16688.679999999997,9.722485924253144,-2.288196184319928,0.0
2022-11-18,16688.929999999993,9.722500904355075,-2.014834306628951,0.0
2022-11-19,16688.019999999993,9.722446375705799,-0.35226823739808727,41.19329406504782
2022-11-20,16260.65999999999,9.696503972683937,-0.26544019358820337,43.36399516029491
2022-11-21,15764.450000000012,9.665512683961765,-1.5565096774677674,11.087258063305816
2022-11-22,16204.570000000002,9.693048580203532,-1.7827886885821584,5.430282785446039
2022-11-23,16595.29000000001,9.716874199144502,-2.084131422748951,0.0
2022-11-24,16602.4,9.71730254220745,-2.1423056026302754,0.0
2022-11-25,16515.85,9.712075804862534,-1.8415183688931263,3.9620407776718434
2022-11-26,16457.88999999999,9.708560276463652,-0.0008996162639502267,49.977509593401244
2022-11-27,16424.81000000001,9.70654827555379,-0.014271273755310345,49.64321815611724
2022-11-28,16214.400000000003,9.69365501528159,-1.4386203133424285,14.03449216643929
2022-11-29,16442.930000000004,9.707650876574471,-0.8455057793052418,28.862355517368954
2022-11-30,17175.660000000014,9.751248544299814,-1.492023169499713,12.699420762507174
2022-12-01,16978.219999999987,9.739686625159536,-1.8443298782822382,3.891753042944046
2022-12-02,17102.800000000003,9.746997471776439,-1.8091784845000294,4.770537887499265
2022-12-03,16893.59999999999,9.734690130962031,0.6419144494596767,66.04786123649191
2022-12-04,17114.030000000002,9.747653873927264,0.5072674207608403,62.681685519021
2022-12-05,16974.5,9.739467496912086,-1.3589982009321548,16.02504497669613
2022-12-06,17094.180000000008,9.746493333681054,-1.1551834742179734,21.120413144550664
2022-12-07,16845.1,9.7318150923027,-1.2904573228130243,17.73856692967439
2022-12-08,17235.260000000013,9.754712564418845,-1.3340792524454654,16.648018688863363
2022-12-09,17139.199999999986,9.749123516616743,-1.1921128735755973,20.19717816061007
2022-12-10,17136.659999999985,9.748975307351992,0.7290915072853936,68.22728768213484
2022-12-11,17093.79999999999,9.746471103645817,0.7071653770633695,67.67913442658424
2022-12-12,17216.82000000001,9.753642091938758,-0.3784010793825093,40.53997301543727
2022-12-13,17782.069999999992,9.785945925238401,-1.336940436420995,16.57648908947513
2022-12-14,17813.88,9.787733207694286,-1.2404021571190023,18.989946072024942
2022-12-15,17364.360000000008,9.762175108754672,-0.16865254622355585,45.7836863444111
2022-12-16,16640.959999999985,9.719622405018754,-0.3401163073222657,41.49709231694336
2022-12-17,16790.099999999984,9.728544705979996,0.20338528513266635,55.084632128316656
2022-12-18,16753.41000000001,9.726357098622744,0.3549079621783485,58.87269905445871
2022-12-19,16448.479999999985,9.707988350708456,-0.48350200763290635,37.91244980917734
2022-12-20,16906.09999999999,9.73542978253112,-1.2072029036671823,19.819927408320442
2022-12-21,16827.80000000001,9.730787559686137,-0.43841999213799593,39.0395001965501
2022-12-22,16823.910000000007,9.730556367867514,-0.36394928691668443,40.90126782708289
2022-12-23,16782.240000000016,9.728076463364582,-0.34684514398841165,41.32887140028971
2022-12-24,16842.17,9.731641139352082,0.4514836847551806,61.287092118879514
2022-12-25,16838.749999999996,9.731438057012777,0.5033340850693915,62.58335212673478
2022-12-26,16922.279999999988,9.736386375855059,0.5016161696699445,62.54040424174862
2022-12-27,16706.699999999997,9.723565115551397,-0.3799942664821437,40.50014333794641
2022-12-28,16547.699999999993,9.714002398337925,-0.3357395669819372,41.60651082545157
2022-12-29,16633.79,9.719191447604441,-0.4855054736071534,37.862363159821165
2022-12-30,16608.40000000001,9.717663870454002,-0.46182046374218116,38.45448840644547
2022-12-31,16532.990000000013,9.713113057700259,0.3873452985537984,59.68363246384496
2023-01-01,16616.55999999999,9.718155067443497,0.36650437157323357,59.16260928933084
2023-01-02,16675.279999999988,9.721682662247044,-0.6327920612953225,34.18019846761694
2023-01-03,16677.799999999992,9.721833772729482,-0.1279741571732603,46.80064607066849
2023-01-04,16852.80000000001,9.732272094082278,-0.14714273222495586,46.3214316943761
2023-01-05,16834.100000000002,9.731161870112675,0.10966603891118243,52.74165097277957
2023-01-06,16956.530000000002,9.738408289356048,-0.14370221956240511,46.40744451093987
2023-01-07,16950.799999999992,9.73807030933494,0.7213943843329637,68.0348596083241
2023-01-08,17133.739999999994,9.748804897902026,0.6952394713195587,67.38098678298896
2023-01-09,17186.570000000007,9.751883543854069,-0.20739496427163848,44.81512589320904
2023-01-10,17452.219999999994,9.767222140169087,-0.046467295234556026,48.8383176191361
2023-01-11,17949.650000000012,9.795325895119083,0.03768809541770409,50.942202385442606
2023-01-12,18857.169999999987,9.844648491906097,-0.6951584043097772,32.621039892255574
2023-01-13,19944.850000000013,9.900726243629352,1.1319973375913954,78.29993343978488
2023-01-14,20967.49999999999,9.950728898858566,2.6559628017965955,100.0
2023-01-15,20886.0,9.946834357039494,3.2900035151479847,100.0
2023-01-16,21203.36,9.961914938667839,1.3767599961759387,84.41899990439848
2023-01-17,21142.67000000001,9.959048552300414,2.0445438598992265,100.0
2023-01-18,20680.489999999994,9.936946022732373,1.681024959194687,92.02562397986718
2023-01-19,21090.549999999992,9.956580351843066,1.372429047672185,84.31072619180462
2023-01-20,22681.140000000003,10.029289021128733,1.7877274460153179,94.69318615038294
2023-01-21,22800.75999999998,10.034549147720321,3.1394604942435564,100.0
2023-01-22,22726.23000000001,10.031275042993494,2.9826842437001715,100.0
2023-01-23,22931.80000000001,10.040279872552949,2.059623775232992,100.0
2023-01-24,22645.11999999998,10.027699655159315,1.9760354097128006,99.40088524282001
2023-01-25,23073.889999999996,10.04645695420535,1.6933159666001263,92.33289916500316
2023-01-26,23017.36999999998,10.044004427269435,1.7607400704441178,94.01850176110294
2023-01-27,23091.330000000013,10.047212501382626,1.6195939963986739,90.48984990996685
2023-01-28,23040.46000000001,10.045007079888302,2.060318103550304,100.0
2023-01-29,23757.669999999987,10.075660704694931,1.8834811843061399,97.08702960765349
2023-01-30,22842.879999999994,10.036394750391622,1.4481325444325819,86.20331361081455
2023-01-31,23140.41999999999,10.049336150971888,0.732903895170829,68.32259737927072
2023-02-01,23739.72,10.07490487365434,0.6259934896904727,65.64983724226182
2023-02-02,23505.59000000001,10.064993544185537,0.8337653170010197,70.84413292502549
2023-02-03,23440.570000000018,10.06222356080143,0.9124153074337661,72.81038268584416
2023-02-04,23338.960000000003,10.057879346150264,1.409255174970194,85.23137937425484
2023-02-05,22943.219999999987,10.040777747005576,1.2728381578407635,81.82095394601909
2023-02-06,22775.44999999999,10.033438480440097,0.7987264643521387,69.96816160880347
2023-02-07,23256.28999999999,10.054330912061204,0.6986218949303131,67.46554737325783
2023-02-08,22975.859999999982,10.042199378514622,0.6870379965851757,67.1759499146294
2023-02-09,21811.53,9.990194008041927,0.430028647516711,60.750716187917774
2023-02-10,21635.460000000017,9.98208891427719,0.27266951956746216,56.81673798918655
2023-02-11,21874.660000000003,9.993084168247881,0.12292629167249737,53.073157291812436
2023-02-12,21800.69,9.989696899652433,0.2580707060314097,56.45176765078524
2023-02-13,21800.000000000007,9.98966524877718,0.18736501291751073,54.684125322937774
2023-02-14,22217.40000000001,10.008631044646048,0.24869525195298015,56.2173812988245
2023-02-15,24336.33999999999,10.099725985473142,0.7206899277614641,68.01724819403661
2023-02-16,23533.260000000002,10.06617001866106,1.0729733615772872,76.82433403943219
2023-02-17,24589.900000000012,10.110091068508192,0.9361757430193981,73.40439357548495
2023-02-18,24643.619999999977,10.112273322440833,1.489627833461042,87.24069583652604
2023-02-19,24288.58999999999,10.097761971731671,1.4080473795751118,85.2011844893778
2023-02-20,24852.41999999999,10.120710411089066,0.6392573130482088,65.98143282620522
2023-02-21,24461.769999999982,10.104866769664785,0.972005115122438,74.30012787806095
2023-02-22,24196.530000000017,10.093964513433923,0.8361148645426794,70.90287161356699
2023-02-23,23955.29000000002,10.08394445527609,0.7644332202291103,69.11083050572776
2023-02-24,23193.800000000003,10.05164028055975,0.7308703635271371,68.27175908817843
2023-02-25,23166.659999999996,10.050469455114948,0.30679494880729796,57.66987372018245
2023-02-26,23568.609999999982,10.067671020920077,0.2920002961594749,57.300007403986875
2023-02-27,23501.260000000002,10.064809315716186,0.5192656556663823,62.98164139165956
2023-02-28,23144.77000000002,10.049524116064516,0.515952498357326,62.89881245893315
2023-03-01,23657.820000000007,10.071448994656754,0.36639063396016197,59.15976584900405
2023-03-02,23475.28000000001,10.063703231587866,0.5457759623469262,63.64439905867315
2023-03-03,22369.399999999998,10.015449232488349,0.22122418318856116,55.53060457971403
2023-03-04,22357.66,10.01492427062993,-0.15602444738669613,46.099388815332595
2023-03-05,22439.41999999999,10.018574512600283,-0.14324423087084717,46.418894228228815
2023-03-06,22421.51999999999,10.017776490938234,0.030087461025150728,50.75218652562877
2023-03-07,22205.09999999999,10.008077271206266,0.25627583867475784,56.406895966868944
2023-03-08,21709.20000000001,9.985491412815216,0.22773390819457814,55.69334770486445
2023-03-09,20373.12000000001,9.921971663913281,-0.20262537955755136,44.934365511061216
2023-03-10,20236.099999999995,9.915223417087697,-0.5732470264630716,35.668824338423214
2023-03-11,20630.85,9.93454280734933,-0.9519723438863003,26.20069140284249
2023-03-12,22225.74999999999,10.009006805594506,-0.7100720738426717,32.2481981539332
2023-03-13,24232.10999999998,10.095433892148733,0.16523500092806867,54.13087502320172
2023-03-14,24770.1,10.11739255961696,0.6054394025738293,65.13598506434573
2023-03-15,24389.34999999999,10.101901840588338,0.790090802443118,69.75227006107795
2023-03-16,25064.399999999983,10.129203791649271,0.7064975417403899,67.66243854350975
2023-03-17,27461.860000000022,10.220553411915168,0.8465454531507633,71.16363632876909
2023-03-18,26988.399999999994,10.203162423039585,2.3578678479791866,100.0
2023-03-19,28068.490000000016,10.242402873822762,1.9626722482908008,99.06680620727002
2023-03-20,27831.699999999986,10.233930937814213,1.7755147210578326,94.38786802644582
2023-03-21,28215.8,10.247637383713846,1.6315874047677479,90.78968511919369
2023-03-22,27313.64999999999,10.215141856214702,1.2111712300157471,80.27928075039368
2023-03-23,28367.120000000003,10.252986006964248,0.7548449097416615,68.87112274354153
2023-03-24,27497.48999999998,10.22185000676178,0.9180053920386665,72.95013480096667
2023-03-25,27496.430000000008,10.221811457045735,1.3142535755524343,82.85633938881085
2023-03-26,28001.300000000003,10.240006216650997,1.2428512050251013,81.07128012562754
2023-03-27,27156.44000000002,10.209369497971084,0.5925236251336656,64.81309062834164
2023-03-28,27282.33000000001,10.21399451886731,0.38636134256748006,59.659033564187006
2023-03-29,28368.05000000001,10.253018790861788,0.5397134566892745,63.49283641723187
2023-03-30,28049.499999999996,10.241726085480026,0.5067489777885744,62.668724444714364
2023-03-31,28482.940000000002,10.257060590535106,0.6225844401738594,65.56461100434649
2023-04-01,28485.700000000026,10.257157485949923,1.3926816358987122,84.8170408974678
2023-04-02,28196.800000000003,10.246963775310105,1.29225979838572,82.30649495964299
2023-04-03,27814.60000000002,10.233316341676169,0.40312815609357333,60.07820390233933
2023-04-04,28193.730000000007,10.246854891779376,0.2496545665948805,56.24136416487201
2023-04-05,28183.819999999992,10.246503333398351,0.33012455989969186,58.2531139974923
2023-04-06,28061.88000000001,10.242167350699342,0.28555499956244085,57.138874989061016
2023-04-07,27940.319999999985,10.237826085859181,0.30010012760178933,57.50250319004473
2023-04-08,27967.2,10.238787673927163,0.7054405392194933,67.63601348048734
2023-04-09,28349.489999999998,10.252364319576097,0.6756331689869745,66.89082922467436
2023-04-10,29675.24000000002,10.298068307061003,0.5596810570660496,63.992026426651236
2023-04-11,30242.299999999992,10.316996885602249,0.7174299953690678,67.9357498842267
2023-04-12,29921.170000000016,10.306321535601937,0.5440921892159706,63.60230473039926
2023-04-13,30421.98,10.322920652452499,0.42808722252075143,60.70218056301878
2023-04-14,30502.069999999992,10.325549829144975,0.5622774276156934,64.05693569039234
2023-04-15,30333.21000000002,10.319998430888546,1.1818363687912845,79.5459092197821
2023-04-16,30341.299999999992,10.32026509971036,1.0577780452911774,76.44445113227944
2023-04-17,29458.739999999987,10.29074591924453,0.4818986499577922,62.04746624894481
2023-04-18,30408.6,10.322480742123984,0.35418350304057783,58.85458757601445
2023-04-19,28824.119999999988,10.268967815616598,0.37311564791811747,59.327891197952944
2023-04-20,28262.30000000002,10.249284040046371,0.0037599270942163163,50.0939981773554
2023-04-21,27272.480000000003,10.213633414132198,-0.14573610612506196,46.35659734687345
2023-04-22,27829.79999999999,10.233862668004713,-0.32317515562340354,41.92062110941491
2023-04-23,27601.260000000006,10.225616702837126,-0.10069339014567408,47.482665246358145
2023-04-24,27528.80999999998,10.222988371630297,-0.2745146200524457,43.13713449868886
2023-04-25,28318.569999999992,10.25127305218249,-0.12833926803246312,46.791518299188425
2023-04-26,28440.289999999997,10.255562080770956,-0.06610034303752617,48.34749142406184
2023-04-27,29492.56999999998,10.291893646197964,0.15645358384623329,53.91133959615583
2023-04-28,29353.29999999999,10.287160255051619,0.26558362511151695,56.639590627787925
2023-04-29,29258.119999999977,10.28391242097196,0.4520241751196213,61.30060437799053
2023-04-30,29268.629999999997,10.284271572987508,0.37337934359625863,59.33448358990646
2023-05-01,28091.309999999983,10.24321555482433,0.15440186758101096,53.86004668952528
2023-05-02,28693.009999999984,10.26440881807665,0.05509845146726452,51.377461286681616
2023-05-03,29053.30000000002,10.276887353074507,-0.05171274739635038,48.70718131509124
2023-05-04,28865.890000000007,10.270415900208684,0.0684345254394217,51.71086313598554
2023-05-05,29545.619999999977,10.293690788497823,0.08404946971256015,52.101236742814
2023-05-06,28911.330000000016,10.271988838794817,0.40662629790280186,60.16565744757004
2023-05-07,28476.50000000002,10.25683446471549,0.13938864283970942,53.48471607099273
2023-05-08,27708.909999999985,10.229509301103553,-0.18095617926667737,45.47609551833307
2023-05-09,27643.299999999992,10.227138662940165,-0.20539464181652092,44.86513395458698
2023-05-10,27632.299999999996,10.22674065730494,-0.22961977098310862,44.25950572542228
2023-05-11,27000.099999999977,10.20359584868331,-0.19134048366945375,45.21648790826366
2023-05-12,26816.879999999997,10.196786818972486,-0.17067946909679743,45.73301327258007
2023-05-13,26794.300000000017,10.19594445731079,-0.6421675937169815,33.945810157075464
2023-05-14,26938.100000000002,10.20129692037995,-0.5837065602853925,35.407335992865185
2023-05-15,27184.720000000016,10.210410329729296,-0.09541005769417003,47.61474855764575
2023-05-16,27045.790000000023,10.205286634453875,-0.08095183603688093,47.97620409907798
2023-05-17,27421.470000000016,10.219081562182597,0.008990054734271622,50.22475136835679
2023-05-18,26825.95,10.197124981596883,0.12727742204573322,53.18193555114333
2023-05-19,26898.339999999997,10.199819853648613,-0.02662403454547242,49.33439913636319
2023-05-20,27127.17000000002,10.208291087642932,-0.44045184998928666,38.98870375026783
2023-05-21,26760.69999999999,10.19468967234548,-0.33355263255369133,41.66118418615772
2023-05-22,26862.790000000005,10.198497336611432,-0.018907294184349905,49.52731764539125
2023-05-23,27229.70000000002,10.212063568346741,0.08104384750493505,52.026096187623374
2023-05-24,26329.30000000002,10.178437666493199,0.11964394380018879,52.991098595004715
2023-05-25,26487.00000000001,10.184409325569693,0.08013183728740901,52.003295932185225
2023-05-26,26749.370000000003,10.194266200644945,0.11830964386831476,52.95774109670786
2023-05-27,26881.759999999977,10.199203268684089,-0.3786956685688457,40.532608285778856
2023-05-28,28084.07999999999,10.242958146730148,-0.30432586534657646,42.39185336633559
2023-05-29,27753.099999999984,10.231102824647003,0.4870432020305595,62.176080050763986
2023-05-30,27707.509999999973,10.229458774562852,0.39301778168901463,59.82544454222537
2023-05-31,27231.200000000008,10.212118653738292,0.2829174398171737,57.07293599542934
2023-06-01,26841.829999999998,10.197716770579525,0.018650335415780952,50.466258385394525
2023-06-02,27258.90000000001,10.21313535227201,0.10482524026414974,52.620631006603745
2023-06-03,27085.700000000008,10.206761192321446,-0.13545324119659413,46.61366897008515
2023-06-04,27134.100000000017,10.208546518451598,-0.20243460879028496,44.939134780242874
2023-06-05,25749.219999999994,10.156159614370956,-0.051859104338557706,48.703522391536055
2023-06-06,27257.24999999998,10.213074819750894,-0.03203350844102688,49.19916228897433
2023-06-07,26359.57999999999,10.179587055257338,0.07527353197749871,51.88183829943747
2023-06-08,26514.64999999999,10.18545268940868,-0.18918820418056667,45.27029489548583
2023-06-09,26490.750000000004,10.184550894436104,-0.11542791721803197,47.114302069549204
2023-06-10,25863.899999999994,10.160603453019817,-0.3458855471881153,41.352861320297116
2023-06-11,25949.98999999998,10.163926503237505,-0.5801824082888482,35.4954397927788
2023-06-12,25918.800000000014,10.162723853098209,-0.2244045218064575,44.389886954838566
2023-06-13,25943.19999999999,10.163664811865718,-0.27456106269868136,43.135973432532964
2023-06-14,25135.900000000012,10.132052382129755,-0.34712189952992195,41.32195251175195
2023-06-15,25577.66,10.149474593231526,-0.6673827880085471,33.31543029978632
2023-06-16,26337.5,10.178749058112444,-0.411530966676441,39.71172583308898
2023-06-17,26514.500000000022,10.185447032142818,-0.21853814937210875,44.53654626569728
2023-06-18,26344.35999999998,10.179009489313573,-0.13531140069420902,46.617214982644775
2023-06-19,26845.830000000016,10.19786578061302,-0.407678261313572,39.8080434671607
2023-06-20,28334.599999999984,10.251838951687418,0.058603727281107486,51.46509318202769
2023-06-21,30004.08,10.309088651397131,0.42832706393112296,60.70817659827807
2023-06-22,29901.249999999996,10.305655564524997,0.7509876396286973,68.77469099071743
2023-06-23,30716.799999999996,10.332565015169218,0.8599458810952875,71.49864702738219
2023-06-24,30556.34000000001,10.327327471710223,1.5013741730229444,87.53435432557362
2023-06-25,30495.479999999978,10.325333754891972,1.3357584529047348,83.39396132261837
2023-06-26,30273.300000000025,10.31802141490417,0.6917419878548975,67.29354969637244
2023-06-27,30712.69999999998,10.332431528814743,0.6025487026301907,65.06371756575476
2023-06-28,30083.99999999998,10.311748747946293,0.6417995388844411,66.04498847211102
2023-06-29,30459.73999999998,10.324161090628087,0.6517959013164848,66.29489753291212
2023-06-30,30475.860000000026,10.324690173803639,0.5308820116095135,63.272050290237836
2023-07-01,30596.400000000005,10.32863763396069,0.7596135443511948,68.99033860877987
2023-07-02,30622.689999999977,10.329496516430721,0.7201589411427336,68.00397352856834
2023-07-03,31177.380000000005,10.347448110857979,0.5778996872038645,64.44749218009662
2023-07-04,30780.480000000018,10.334636001813188,0.34122292287081263,58.53057307177032
2023-07-05,30514.519999999975,10.32595791488601,0.5090707661334135,62.72676915333534
2023-07-06,29914.299999999985,10.306091905918064,0.3624941604925212,59.06235401231304
2023-07-07,30361.190000000002,10.320920427052346,0.058468098523539014,51.46170246308848
2023-07-08,30300.780000000002,10.318928733740384,0.27312824958972953,56.82820623974324
2023-07-09,30177.39999999998,10.314848578842676,0.20645072565501207,55.161268141375295
2023-07-10,30435.09999999999,10.323351826613443,0.062494797049773156,51.56236992624434
2023-07-11,30641.899999999983,10.330123632375823,0.002760687538036044,50.06901718845091
2023-07-12,30396.999999999978,10.322099198314179,-0.26413574162965026,43.39660645925875
2023-07-13,31487.569999999992,10.3573481437628,-0.28697559880155893,42.82561002996103
2023-07-14,30339.620000000024,10.320209728104247,-0.2577416048870795,43.55645987782301
2023-07-15,30316.800000000014,10.319457293289378,-0.0036289130378309997,49.909277174054225
2023-07-16,30256.699999999993,10.317472926537535,-0.031255211568878116,49.21861971077804
2023-07-17,30158.200000000004,10.314212138643256,-0.4851545400096628,37.87113649975843
2023-07-18,29870.899999999998,10.304640041322024,-0.48020067062798993,37.99498323430025
2023-07-19,29925.69999999998,10.306472921965455,-0.4024300597564711,39.93924850608822
2023-07-20,29824.030000000024,10.3030697233861,-0.2827595469288816,42.931011326777956
2023-07-21,29948.999999999975,10.307251214004534,-0.23409541984898352,44.147614503775415
2023-07-22,29835.90999999999,10.303467980580358,-0.23368168450860877,44.15795788728478
2023-07-23,30090.629999999983,10.311969106593345,-0.3256324253946997,41.85918936513251
2023-07-24,29191.600000000002,10.28163627563819,-0.17559148222366983,45.61021294440826
2023-07-25,29233.909999999996,10.283084615837398,-0.29169404403820703,42.70764889904483
2023-07-26,29361.999999999993,10.287456600299405,-0.3545339405722769,41.13665148569308
2023-07-27,29229.53000000002,10.282934778605508,-0.16453562879267847,45.88660928018304
2023-07-28,29324.900000000016,10.286192263456186,-0.18599321791849133,45.35016955203772
2023-07-29,29364.51999999998,10.287542421832898,-0.3810944944119364,40.47263763970159
2023-07-30,29290.17000000001,10.285007243833615,-0.3486725230986948,41.283186922532636
2023-07-31,29239.440000000006,10.28327376183353,-0.11505220254536723,47.123694936365816
2023-08-01,29706.18000000002,10.299110383953064,-0.005933736679815301,49.85165658300462
2023-08-02,29172.970000000005,10.280997874613982,0.07496718930941079,51.87417973273527
2023-08-03,29182.930000000004,10.281339228276481,0.016880648485655955,50.42201621214139
2023-08-04,29085.2,10.277984732717988,-0.12431412941027488,46.892146764743124
2023-08-05,29055.810000000016,10.276973742282724,-0.4303267931129771,39.241830172175575
2023-08-06,29054.500000000007,10.276928655619093,-0.4177668781256708,39.55582804685823
2023-08-07,29187.959999999995,10.281511574458369,-0.11219202892986707,47.19519927675332
2023-08-08,29784.89999999998,10.30175683266249,0.09677083580304534,52.41927089507613
2023-08-09,29571.629999999983,10.294570734763196,0.11574423999244303,52.89360599981108
2023-08-10,29432.899999999998,10.289868375278758,0.07660202242182579,51.91505056054564
2023-08-11,29409.269999999975,10.289065209750692,0.10823740788809287,52.70593519720232
2023-08-12,29425.789999999983,10.289626779686515,-0.23301693776677387,44.174576555830654
2023-08-13,29284.700000000023,10.284820474319115,-0.22343023034861723,44.414244241284564
2023-08-14,29414.30999999999,10.289236569603743,0.14293116810578246,53.573279202644564
2023-08-15,29178.89000000002,10.281200781599992,0.13336483537446242,53.33412088436156
2023-08-16,28714.859999999993,10.265170037785902,0.11529898659249462,52.882474664812364
2023-08-17,26640.879999999997,10.19020215714178,-0.06806228797826074,48.298442800543484
2023-08-18,26056.699999999983,10.168030211808592,-0.6432571595467419,33.91857101133146
2023-08-19,26104.24999999999,10.169853415303606,-1.7087802882730796,7.280492793173011
2023-08-20,26196.999999999993,10.173400179376332,-1.5946599268233614,10.133501829415964
2023-08-21,26133.01999999998,10.170954927802592,-0.6369502953352514,34.076242616618714
2023-08-22,26053.420000000002,10.167904324552746,-0.5875701635666246,35.310745910834385
2023-08-23,26435.469999999998,10.182461947970548,-0.5139983120454347,37.15004219886413
2023-08-24,26171.299999999977,10.17241866949103,-0.3467486837529952,41.33128290617512
2023-08-25,26057.609999999982,10.168065135037935,-0.36766023353213684,40.80849416169658
2023-08-26,26017.410000000014,10.166521208295885,-1.1843812119439259,20.39046970140185
2023-08-27,26098.99999999998,10.169652278400532,-1.1456586350518,21.358534123705
2023-08-28,26122.70000000001,10.170559947114004,-0.3253982089105364,41.86504477723659
2023-08-29,27731.79999999999,10.230335048151188,-0.20794518039732582,44.80137049006686
2023-08-30,27319.710000000017,10.215363698694274,-0.09438264454150243,47.64043388646244
2023-08-31,25945.420000000002,10.163750379761005,-0.17110441045627608,45.7223897385931
2023-09-01,25802.620000000003,10.158231316141414,-0.3239975021754611,41.90006244561347
2023-09-02,25877.50000000002,10.161129144257906,-1.0530113068460516,23.67471732884871
2023-09-03,25977.61999999999,10.16499067709829,-0.9698647982435794,25.75338004391051
2023-09-04,25823.87000000001,10.159054536980177,-0.10177605945826451,47.455598513543386
2023-09-05,25791.64999999999,10.157806075115024,-0.18079330121333792,45.480167469666554
2023-09-06,25755.349999999995,10.156397651501601,-0.16082168019186993,45.979457995203255
2023-09-07,26289.440000000017,10.176922616622203,-0.07338372419344784,48.165406895163805
2023-09-08,25914.110000000004,10.162542886989502,0.01377036406010849,50.34425910150271
2023-09-09,25899.100000000002,10.161963498049118,-0.7249761695885721,31.875595760285698
2023-09-10,25839.509999999984,10.159659994868443,-0.6950499341569732,32.623751646075675
2023-09-11,25164.69999999999,10.133197497820108,-0.2459957616059654,43.850105959850865
2023-09-12,25848.399999999987,10.160003982469709,-0.2010631372691929,44.973421568270176
2023-09-13,26234.52000000002,10.174831379784196,-0.042545989818473275,48.93635025453817
2023-09-14,26546.029999999995,10.186635486299274,0.2235168797265579,55.587921993163945
2023-09-15,26615.720000000016,10.189257297655,0.2159103078504149,55.39775769626038
2023-09-16,26577.659999999978,10.187826292274448,-0.12597719458500126,46.850570135374966
2023-09-17,26538.910000000018,10.186367236959907,-0.19566774480609125,45.10830637984772
2023-09-18,26777.87,10.195331079114045,0.20951176510101396,55.237794127525355
2023-09-19,27224.28999999999,10.211864868489565,0.2879216013451312,57.19804003362828
2023-09-20,27132.100000000013,10.208472807743979,0.31740943374283875,57.935235843570965
2023-09-21,26575.57000000002,10.187747651710138,0.3033387944668048,57.583469861670125
2023-09-22,26586.369999999984,10.188153957429927,0.21236886098023833,55.30922152450596
2023-09-23,26587.600000000013,10.188200220667381,-0.2621589499581824,43.44602625104544
2023-09-24,26263.369999999988,10.175930471686907,-0.253182221562521,43.67044446093698
2023-09-25,26303.970000000012,10.177475157344308,0.23265778900161493,55.81644472504037
2023-09-26,26216.299999999992,10.174136633706523,0.2430005012973265,56.07501253243316
2023-09-27,26367.809999999994,10.179899226979353,0.3103507673603865,57.758769184009665
2023-09-28,27040.649999999998,10.20509656832952,0.3324491738147017,58.31122934536754
2023-09-29,26915.069999999985,10.200441631771909,0.4073520267315736,60.183800668289344
2023-09-30,26974.499999999978,10.20264725427336,-0.05009837817635789,48.74754054559105
2023-10-01,28009.460000000006,10.240297589239326,-0.027765704436004585,49.305857389099884
2023-10-02,27512.290000000015,10.222388092911448,0.8094110851026061,70.23527712756515
2023-10-03,27437.18999999999,10.219654671348232,0.6122650319447609,65.30662579861902
2023-10-04,27800.64,10.23281432099647,0.5401573114409295,63.50393278602324
2023-10-05,27427.509999999977,10.219301803289154,0.4465239311296411,61.16309827824102
2023-10-06,27953.55000000001,10.2382994830402,0.35066449968388497,58.766612492097124
2023-10-07,27990.419999999987,10.239617587755976,0.31351692628930466,57.837923157232616
2023-10-08,27941.900000000023,10.237882633362142,0.28918800170767467,57.22970004269187
2023-10-09,27610.469999999983,10.225950327597133,0.34874412313336606,58.718603078334155
2023-10-10,27406.990000000023,10.218553369330321,0.17078530331795805,54.269632582948944
2023-10-11,26882.60000000001,10.199234516149886,0.042863476232096576,51.07158690580241
2023-10-12,26758.540000000005,10.194608953710418,0.09143545277674382,52.285886319418594
2023-10-13,26881.330000000016,10.1991872725797,0.07757291251461496,51.93932281286537
2023-10-14,26859.769999999993,10.198384907121728,-0.38793407233716526,40.30164819157087
2023-10-15,27199.719999999987,10.210961958113456,-0.37569518135230545,40.607620466192365
2023-10-16,28534.499999999978,10.258869160476305,0.2592241840345056,56.48060460086264
2023-10-17,28418.520000000026,10.254796324292276,0.4879235147696859,62.198087869242144
2023-10-18,28334.999999999978,10.251853068603719,0.46271423379491233,61.56785584487281
2023-10-19,28735.520000000022,10.265889267176226,0.40867418957824064,60.21685473945602
2023-10-20,29693.63999999999,10.298688160445103,0.5148929705134413,62.87232426283603
2023-10-21,29933.819999999996,10.306744223841909,0.9404778585037656,73.51194646259414
2023-10-22,30013.19999999999,10.309392563872677,0.9673469079414673,74.18367269853668
2023-10-23,33104.12000000003,10.40741302491834,0.7134451550369629,67.83612887592408
2023-10-24,33932.700000000004,10.432134430209123,2.0012720486974156,100.0
2023-10-25,34523.60000000001,10.449398427129456,2.183892766750324,100.0
2023-10-26,34164.99999999997,10.438957007214878,2.0090742714268357,100.0
2023-10-27,33916.25999999997,10.431649824392858,1.7106179351003603,92.765448377509
2023-10-28,34102.46000000001,10.437124801432052,1.8316672316347418,95.79168079086855
2023-10-29,34544.840000000026,10.45001346927228,1.7565564453946472,93.91391113486618
2023-10-30,34511.03999999999,10.44903455183037,1.239585258152582,80.98963145381455
2023-10-31,34673.73000000002,10.453737618701188,1.2523688785330858,81.30922196332715
2023-11-01,35450.73,10.475899124131892,1.2249008045233956,80.62252011308489
2023-11-02,34960.50000000001,10.461974131726695,1.1039276800045672,77.59819200011418
2023-11-03,34748.63999999998,10.45589571353643,0.6494904722743949,66.23726180685988
2023-11-04,35100.82999999998,10.465980055898024,1.11029616690224,77.757404172556
2023-11-05,35052.899999999994,10.464613627984424,1.1707876489043603,79.26969122260901
2023-11-06,35070.00000000001,10.465101343134224,0.6428926468896456,66.07231617224114
2023-11-07,35433.99,10.47542680794552,0.7164407915602927,67.91101978900733
2023-11-08,35656.90000000002,10.481697955501467,0.6996665399261687,67.49166349815422
2023-11-09,36717.59999999997,10.511011483121278,0.84685443685649,71.17136092141226
2023-11-10,37312.19000000002,10.52707536189274,0.9510175746026212,73.77543936506554
2023-11-11,37150.25999999998,10.52272604877552,1.437350656057237,85.93376640143093
2023-11-12,37104.59999999998,10.521496230127827,1.1464275519288984,78.66068879822245
2023-11-13,36512.299999999974,10.505404469104821,0.7236415453986421,68.09103863496605
2023-11-14,35564.760000000024,10.47911053893734,0.1013365131635267,52.533412829088164
2023-11-15,37896.720000000016,10.54261984378979,0.2470537244229951,56.17634311057488
2023-11-16,36172.00000000003,10.496040617860372,0.3457090818207746,58.64272704551936
2023-11-17,36643.310000000005,10.508986153135744,0.03278646116506841,50.81966152912671
2023-11-18,36613.18999999998,10.508163836980938,0.4425073532854708,61.06268383213676
2023-11-19,37409.89000000003,10.5296903869476,0.3829721226345068,59.574303065862665
2023-11-20,37494.37999999998,10.531946334060704,0.14447788530106218,53.61194713252655
2023-11-21,35762.59999999998,10.484657933579552,0.0810876935166085,52.02719233791522
2023-11-22,37435.54,10.530375799564085,0.00030348036708686504,50.007587009177165
2023-11-23,37312.08999999999,10.52707268179988,-0.19852599206047966,45.03685019848801
2023-11-24,37757.20000000001,10.538931464967629,0.1263436907810281,53.158592269525705
2023-11-25,37817.33,10.540522742152898,0.4373568120409471,60.93392030102368
2023-11-26,37481.520000000026,10.531603290492676,0.404429975020683,60.11074937551708
2023-11-27,37260.25000000003,10.52568235374123,-0.09585363082568332,47.603659229357916
2023-11-28,37849.609999999986,10.541375954981598,-0.0810761699550236,47.97309575112441
2023-11-29,37875.20000000002,10.542051823325782,-0.08503474740454353,47.87413131488641
2023-11-30,37751.09999999998,10.538769893325483,0.07016567219781773,51.75414180494544
2023-12-01,38722.890000000014,10.564186177034957,0.0911948746618566,52.279871866546415
2023-12-02,39498.69,10.584022785782295,0.430624897188706,60.765622429717645
2023-12-03,40004.80000000003,10.59675472589665,0.6621000111239387,66.55250027809846
2023-12-04,42008.23000000002,10.645620830450298,0.6817149111322832,67.04287277830709
2023-12-05,44106.43000000003,10.694360855795086,1.5377411408077002,88.4435285201925
2023-12-06,43783.58000000002,10.687014140232524,1.5905747554829595,89.76436888707399
2023-12-07,43293.90000000002,10.675767026468248,0.9330007133127038,73.3250178328176
2023-12-08,44206.13000000001,10.696618746232334,1.0132045332999386,75.33011333249846
2023-12-09,43736.37,10.68593530038906,1.5035738755681294,87.58934688920323
2023-12-10,43806.80000000001,10.687544335455879,1.1747047009066585,79.36761752266645
2023-12-11,41241.98000000003,10.62721194861756,0.5273112781318656,63.18278195329664
2023-12-12,41498.12999999999,10.633403644962582,0.15733227240872116,53.93330681021803
2023-12-13,42906.979999999974,10.666789795643957,0.106340485747351,52.65851214368378
2023-12-14,43040.68000000004,10.669900993967365,0.04412221946220659,51.103055486555164
2023-12-15,41954.86,10.64434955739001,0.08703862291770463,52.175965572942616
2023-12-16,42249.95999999998,10.651358686039309,0.0122789741534346,50.30697435383586
2023-12-17,41361.989999999976,10.630117622144786,0.045517483242484454,51.13793708106211
2023-12-18,42671.34000000002,10.661282779485536,-0.19681513045707108,45.07962173857322
2023-12-19,42287.35000000003,10.652243265935171,-0.13672121674700374,46.581969581324906
2023-12-20,43696.60999999997,10.685025803703924,-0.02677460121001407,49.330634969749646
2023-12-21,43897.259999999995,10.689607182536804,0.006403780758722832,50.160094518968066
2023-12-22,44026.93000000002,10.692556771131514,0.0354987090369282,50.88746772592321
2023-12-23,43739.50000000002,10.686006862981152,0.25254704520488613,56.31367613012215
2023-12-24,43046.54,10.670037134965042,0.19235407400091795,54.80885185002295
2023-12-25,43602.7,10.682874354025257,-0.12848975604744767,46.78775609881381
2023-12-26,42528.28,10.657924545388965,-0.2947603166386537,42.63099208403366
2023-12-27,43487.39999999998,10.6802265199462,-0.4291622501059826,39.27094374735044
2023-12-28,42602.520000000026,10.659668685437456,-0.36952084135587215,40.76197896610319
2023-12-29,42084.48,10.647434305623042,-0.48141075113871085,37.964731221532226
2023-12-30,42153.66999999997,10.649077029627767,-0.7827695109003909,30.430762227490227
2023-12-31,42309.2,10.652759835475793,-0.629670175694864,34.2582456076284
2024-01-01,44234.05000000002,10.697250133480246,-0.5787427296618216,35.53143175845446
2024-01-02,44995.30000000004,10.714313318853312,0.11328076204229127,52.83201905105728
2024-01-03,42883.899999999965,10.666251743101384,0.0935668307763929,52.339170769409826
2024-01-04,44206.50000000003,10.69662711607723,-0.07772810710695865,48.056797322326034
2024-01-05,44199.85000000001,10.696476674394873,0.039443370807790555,50.986084270194766
2024-01-06,44040.00000000001,10.692853590836616,-0.3048327984536679,42.379180038658305
2024-01-07,43980.98000000004,10.691512546716337,-0.3654603514593708,40.86349121351573
2024-01-08,47018.6,10.758298547086774,0.14821781069148066,53.70544526728702
2024-01-09,46147.13999999999,10.739590266179679,0.501392405691579,62.53481014228947
2024-01-10,46680.100000000035,10.751073228643271,0.244579210415958,56.11448026039895
2024-01-11,46364.31000000003,10.744285261208352,0.25315757484032014,56.328939371008005
2024-01-12,42794.39999999999,10.664162531887946,-0.046201848861660795,48.844953778458475
2024-01-13,42860.74999999998,10.665711767707876,-1.1806054534822177,20.48486366294456
2024-01-14,41718.18000000002,10.638692284002074,-0.9746005517111548,25.634986207221132
2024-01-15,42532.75999999998,10.658029881510041,-0.6401252466564233,33.99686883358942
2024-01-16,43152.020000000026,10.672484508857343,-0.27068377042286634,43.23290573942834
2024-01-17,42752.309999999976,10.663178507992782,-0.261144768527473,43.47138078681317
2024-01-18,41305.890000000036,10.628760383792677,-0.44687611236078206,38.82809719098045
2024-01-19,41644.90000000002,10.63693419111791,-0.6023514415062815,34.941213962342964
2024-01-20,41679.17000000002,10.637756762601331,-1.3193985304218498,17.015036739453755
2024-01-21,41566.49999999998,10.635049833368884,-1.2259856938593785,19.350357653515537
2024-01-22,39543.999999999985,10.585169254986795,-0.6352271091126259,34.11932227218435
2024-01-23,39898.19999999999,10.594086489078387,-0.8467505399251253,28.83123650187187
2024-01-24,40081.81999999999,10.598678143909417,-0.874677124712426,28.133071882189352
2024-01-25,39953.63999999996,10.595475060936167,-0.6795363938868187,33.01159015282953
2024-01-26,41835.70999999996,10.641505560021086,-0.47273627874936713,38.18159303126582
2024-01-27,42147.60999999997,10.648933259568512,-0.8219793489639854,29.450516275900362
2024-01-28,42055.61,10.646748069106467,-0.7119949117108642,32.2001272072284
2024-01-29,43291.13000000002,10.675703043121452,-0.05526276898049117,48.61843077548772
2024-01-30,42964.30000000001,10.668124817283635,0.08398731285802156,52.09968282145054
2024-01-31,42560.84000000001,10.658689860662863,-0.04959118007986046,48.760220498003484
2024-02-01,43096.73999999996,10.671202635180093,-0.1733027347461553,45.66743163134612
2024-02-02,43194.60999999999,10.673470997929444,0.06593041829411424,51.648260457352855
2024-02-03,43023.56999999996,10.669503384036982,-0.3705995115368625,40.735012211578436
2024-02-04,42581.320000000014,10.65917093843667,-0.42310982941303404,39.42225426467415
2024-02-05,42670.47000000004,10.661262390885856,0.05626782964394091,51.40669574109852
2024-02-06,43117.34,10.671680515368388,0.03244194970044352,50.81104874251109
2024-02-07,44365.77999999999,10.700223730541687,0.1698869675971032,54.247174189927584
2024-02-08,45343.200000000026,10.722015499427219,0.4052511883723286,60.13127970930822
2024-02-09,47183.99000000002,10.761809919118786,0.6714992738432746,66.78748184608186
2024-02-10,47781.39,10.774391512126801,1.0230322372855913,75.57580593213979
2024-02-11,48340.459999999985,10.786024170141035,1.1071868069990145,77.67967017497537
2024-02-12,49966.78000000003,10.819113663598793,1.1269913431069598,78.174783577674
2024-02-13,49740.28,10.814570346613767,1.3598522584382156,83.9963064609554
2024-02-14,51884.499999999956,10.856775373296404,1.3449870538749653,83.62467634687414
2024-02-15,51960.259999999995,10.858234474621131,1.3494039954983765,83.73509988745941
2024-02-16,52178.29999999999,10.862421978627607,1.2180847542334945,80.45211885583737
2024-02-17,51725.849999999984,10.853712935538171,1.5432220268814802,88.580550672037
2024-02-18,52169.28000000001,10.862249094886126,1.2940655888763677,82.3516397219092
2024-02-19,51812.94000000003,10.855395204000821,0.9423482940032748,73.55870735008187
2024-02-20,52182.70000000003,10.862506301315252,0.9466164874478601,73.6654121861965
2024-02-21,51877.6,10.856642376758938,0.789107579706171,69.72768949265428
2024-02-22,51284.33000000002,10.845140526407368,0.7208073143078083,68.0201828576952
2024-02-23,50752.19999999998,10.834710245718155,0.5441488966960616,63.60372241740154
2024-02-24,51586.11999999999,10.851007923036688,0.2543191491693524,56.35797872923381
2024-02-25,51746.49999999999,10.85411207599017,0.4566428023943195,61.41607005985799
2024-02-26,54560.74999999999,10.907070038757174,0.7854385857886049,69.63596464471512
2024-02-27,57105.60999999996,10.95265763950453,1.5500481573168665,88.75120393292167
2024-02-28,62537.66000000006,11.04352421425811,2.0003339892004024,100.0
2024-02-29,61211.489999999976,11.022090195976551,2.4114056276718934,100.0
2024-03-01,62467.94,11.042408744115503,2.2101464958669874,100.0
2024-03-02,62064.390000000014,11.035927673496046,2.317838439854989,100.0
2024-03-03,63197.15000000003,11.054014484181433,1.9128764471752526,97.82191117938132
2024-03-04,68132.05000000005,11.129203012849747,2.5090427098555317,100.0
2024-03-05,63832.67999999996,11.064020563895404,2.237146504666216,100.0
2024-03-06,66142.12000000004,11.099561039242532,1.9353087091401098,98.38271772850274
2024-03-07,66971.68000000004,11.112025122448792,1.8338177150255777,95.84544287563943
2024-03-08,68323.3,11.13200612940367,1.8210390660167952,95.52597665041989
2024-03-09,68500.54000000002,11.134596907430923,1.7908329590356618,94.77082397589155
2024-03-10,68985.47999999997,11.141651326652282,1.5853077507842113,89.63269376960528
2024-03-11,72147.04000000002,11.186461537719417,1.949619885970401,98.74049714926004
2024-03-12,71497.40000000001,11.177416364384563,1.9072809930207808,97.68202482551952
2024-03-13,73171.59999999999,11.200562646524334,1.8052727008896436,95.13181752224109
2024-03-14,71400.26000000005,11.176056789777629,1.0754309637364379,76.88577409341096
2024-03-15,69554.80000000005,11.14987021006721,0.8158272942635403,70.39568235658851
2024-03-16,65286.8,11.086545150879685,0.20394081177612208,55.09852029440305
2024-03-17,68364.14000000004,11.132603697127747,-0.42234137047153436,39.44146573821164
2024-03-18,67646.84999999999,11.12205606932193,0.38227477251566727,59.55686931289168
2024-03-19,61924.839999999975,11.033676670583532,0.22522565688403726,55.630641422100936
2024-03-20,67892.70000000003,11.125683796721406,-0.28091967894973596,42.977008026256605
2024-03-21,65504.29999999995,11.089871068323513,0.2372767161749625,55.93191790437406
2024-03-22,63846.46999999999,11.064236574106213,0.0517039999131991,51.29259999782998
2024-03-23,64030.85999999998,11.067120433626773,-1.303745951300912,17.4063512174772
2024-03-24,67238.50000000001,11.116001279123811,-1.0061054415992403,24.847363960018992
2024-03-25,69911.24999999999,11.15498185947778,0.5087359213288779,62.718398033221945
2024-03-26,70035.10000000006,11.156751823929628,0.5793789752853954,64.48447438213488
2024-03-27,69471.99999999996,11.148679072678018,0.4836910850619421,62.09227712654856
2024-03-28,70836.57999999996,11.168130812922211,0.5354199517785031,63.38549879446258
2024-03-29,69938.7,11.155374423084025,0.4143884976547701,60.359712441369254
2024-03-30,69661.67999999998,11.151405660769575,-0.20452335800507335,44.886916049873165
2024-03-31,71324.54000000004,11.174995726709344,-0.269071678618343,43.27320803454142
2024-04-01,69701.99999999996,11.15198429074153,0.5841094249806336,64.60273562451584
2024-04-02,65496.87,11.089757634222002,0.15184222100508543,53.79605552512714
2024-04-03,66007.71999999999,11.09752698386511,-0.33894060633875595,41.5264848415311
2024-04-04,68561.70000000004,11.135489348763551,-0.20646263330428213,44.83843416739295
2024-04-05,67876.86999999994,11.125450607501291,-0.10724535190265304,47.318866202433675
2024-04-06,68954.35,11.141199970426477,-0.8109962166850677,29.725094582873307
2024-04-07,69371.14999999995,11.147226354013307,-0.5031960440405434,37.42009889898642
2024-04-08,71658.34000000001,11.179664825645057,0.1754829805456665,54.387074513641664
2024-04-09,69151.57000000002,11.144056041101255,0.19611118421947274,54.90277960548682
2024-04-10,70669.36,11.165767377467297,0.3017650211202593,57.54412552800648
2024-04-11,70081.40000000004,11.157412702579682,0.3834385924567436,59.58596481141859
2024-04-12,67182.18,11.115163312773758,0.3013442655424203,57.53360663856051
2024-04-13,64043.98,11.067325313836593,-1.0707680917779008,23.23079770555248
2024-04-14,65809.93999999994,11.094526169734204,-1.5713379833202894,10.716550416992765
2024-04-15,63471.22000000003,11.058341853795316,-0.19769056768668594,45.05773580783285
2024-04-16,63834.07999999999,11.064042495994254,-0.3768296163021669,40.57925959244583
2024-04-17,61297.70000000005,11.023497600828879,-0.5204209415208296,36.98947646197926
2024-04-18,63545.61000000005,11.059513194766517,-0.4750820039388872,38.12294990152782
2024-04-19,63867.52000000005,11.064566216930631,-0.29524522646499923,42.61886933837502
2024-04-20,64988.35999999997,11.08196345591851,-1.269335382210412,18.2666154447397
2024-04-21,64972.409999999945,11.081717997230013,-1.1023515257748968,22.44121185562758
2024-04-22,66879.23,11.110643734534412,-0.06629471309911998,48.342632172522
2024-04-23,66434.08000000006,11.103965456807298,-0.05947809165895327,48.513047708526166
2024-04-24,64287.91,11.071126867663457,-0.1957436770599251,45.106408073501875
2024-04-25,64503.79000000002,11.074479260747504,-0.4388518559285474,39.02870360178631
2024-04-26,63761.499999999985,11.062904838908826,-0.34775860835710565,41.30603479107236
2024-04-27,63444.02999999997,11.057913378881292,-1.1908457367480332,20.22885658129917
2024-04-28,63140.489999999954,11.05311752261402,-1.2085082220601473,19.78729444849632
2024-04-29,63876.77000000001,11.0647110374939,-0.5906218000594287,35.23445499851429
2024-04-30,60652.41000000004,11.012914649773997,-0.5573028635674819,36.06742841081295
2024-05-01,58294.72000000001,10.973266802199497,-1.0056599022487416,24.85850244378146
2024-05-02,59101.39999999999,10.9870098917769,-1.5484674795280342,11.288313011799145
2024-05-03,62944.489999999976,11.050008505855994,-0.9387588594640804,26.53102851339799
2024-05-04,63934.83000000002,11.065619562291237,-0.9209236131780809,26.976909670547975
2024-05-05,64042.65999999995,11.067304702787695,-0.6627655185185743,33.43086203703564
2024-05-06,63181.189999999966,11.053761909253089,-0.45059433967249013,38.735141508187745
2024-05-07,62346.919999999984,11.040469551331498,-0.4263945437339495,39.34013640665126
2024-05-08,61200.11,11.021904265884423,-0.4994658809231501,37.51335297692125
2024-05-09,63105.10999999998,11.052557027817747,-0.6590327496749068,33.52418125812733
2024-05-10,60817.90000000005,11.015639432519496,-0.5821203411247978,35.446991471880054
2024-05-11,60823.199999999946,11.015726574118894,-1.1898227692543966,20.254430768640084
2024-05-12,61483.69999999995,11.026527378014721,-1.1693507408074688,20.76623147981328
2024-05-13,62963.84000000002,11.050315872336867,-0.5410967396966054,36.47258150758487
2024-05-14,61558.30000000003,11.027739972236873,-0.5788412429789357,35.528968925526605
2024-05-15,66277.80999999997,11.10161042935309,-0.5958734378448061,35.10316405387985
2024-05-16,65271.759999999944,11.086314756180684,-0.2732448990311058,43.16887752422235
2024-05-17,67079.85000000002,11.113638979798688,-0.2504415780969169,43.73896054757708
2024-05-18,66943.94999999995,11.111610981091335,0.27385395560529885,56.84634889013247
2024-05-19,66295.52999999998,11.101877753086589,0.19524001065920674,54.88100026648017
2024-05-20,71453.60000000006,11.176803566973273,-0.01383769308778284,49.65405767280543
2024-05-21,70180.17000000004,11.15882107147682,0.31320944958656993,57.830236239664245
2024-05-22,69144.47999999995,11.143953507442394,0.2839669956448518,57.099174891121294
2024-05-23,67974.41999999995,11.126886736915537,0.05913914019896523,51.478478504974134
2024-05-24,68568.4,11.135587066186718,0.0021931841940484955,50.054829604851214
2024-05-25,69310.46,11.146351111738946,0.1404089054689343,53.510222636723356
2024-05-26,68494.25999999998,11.13450522511883,0.26555914849254847,56.638978712313715
2024-05-27,69389.52999999997,11.14749127056038,-0.1512669124185138,46.218327189537156
2024-05-28,68356.14,11.13248666986582,-0.05699322259874221,48.57516943503145
2024-05-29,67603.23000000001,11.121411041954666,-0.17660741543943756,45.584814614014064
2024-05-30,68359.08000000002,11.132529678976297,-0.2750621072066433,43.12344731983392
2024-05-31,67492.64999999995,11.119773982042906,-0.2912372200221818,42.71906949944545
2024-06-01,67739.61000000002,11.123426369047838,-0.5435901813763995,36.410245465590016
2024-06-02,67755.84000000001,11.123665934288997,-0.48615931787326166,37.84601705316846
2024-06-03,68825.40000000001,11.139328141835547,-0.41131166462951474,39.71720838426213
2024-06-04,70577.59000000001,11.16446795099596,-0.26162393879526863,43.459401530118285
2024-06-05,71142.45000000001,11.172439484043535,-0.05264939565516793,48.683765108620804
2024-06-06,70809.03,11.167741813921856,-0.13800500736309873,46.54987481592253
2024-06-07,69428.69999999997,11.148055605677454,-0.009945093109259224,49.751372672268516
2024-06-08,69324.84000000001,11.146558562511608,-0.3496984819227035,41.25753795193241
2024-06-09,69670.79,11.151536427130251,-0.36126301311917774,40.968424672020554
2024-06-10,69518.57999999994,11.149349333953909,-0.0038390223081441652,49.9040244422964
2024-06-11,67336.72000000004,11.117460983480083,-0.16166042056309607,45.9584894859226
2024-06-12,68269.06999999996,11.13121208793782,-0.5188792600119904,37.028018499700245
2024-06-13,66776.53,11.109106950482422,-0.33566952032062797,41.6082619919843
2024-06-14,66024.18999999999,11.097776469009807,-0.4291547087516956,39.27113228120761
2024-06-15,66211.90000000001,11.100615484078668,-1.0941398737255832,22.64650315686042
2024-06-16,66648.70000000003,11.107190820540414,-1.0167006208884397,24.582484477789006
2024-06-17,66515.05000000002,11.105183516827864,-0.40312955987358734,39.92176100316031
2024-06-18,65172.34999999996,11.084790578212893,-0.5671932686238336,35.82016828440416
2024-06-19,64963.26999999997,11.081577312238561,-0.4480050206811441,38.7998744829714
2024-06-20,64860.330000000045,11.079991467729958,-0.5073065399118231,37.31733650220443
2024-06-21,64107.12999999997,11.068310869172189,-0.4816511402274803,37.95872149431299
2024-06-22,64254.280000000006,11.070603615324792,-1.255835555489707,18.604111112757327
2024-06-23,63203.020000000004,11.054107363803418,-1.200965134670076,19.975871633248097
2024-06-24,60293.13000000001,11.006973445876463,-0.9483508224487428,26.29122943878143
2024-06-25,61820.60000000004,11.031991921235903,-0.9054623913186256,27.363440217034363
2024-06-26,60833.3,11.015892615391218,-0.697296995872367,32.567575103190826
2024-06-27,61633.869999999995,11.028966836078608,-0.7724231919819408,30.68942020045148
2024-06-28,60331.43999999997,11.007608639871982,-0.8096414980165466,29.758962549586332
2024-06-29,60878.259999999966,11.01663141131241,-1.6373759978350717,9.065600054123207
2024-06-30,62699.58999999999,11.046110187524672,-1.428499939157326,14.287501521066847
2024-07-01,62861.54999999998,11.048689968017648,-0.4345428556306104,39.13642860923474
2024-07-02,62071.23999999997,11.036038036652972,-0.5663118045948701,35.84220488512825
2024-07-03,60163.05000000001,11.004813655476912,-0.8603352445321365,28.49161888669659
2024-07-04,57070.700000000004,10.95204612909422,-0.8368953225408742,29.077616936478144
2024-07-05,56667.75000000005,10.944960544828609,-1.5959267421118457,10.101831447203857
2024-07-06,58273.87000000002,10.972909072896563,-2.0676682501558634,0.0
2024-07-07,55870.80000000002,10.930797161305396,-1.6114344370127807,9.714139074680483
2024-07-08,56716.31000000004,10.94581710267226,-1.7031559778509313,7.421100553726717
2024-07-09,58065.26999999997,10.969323001630297,-1.193829382664506,20.15426543338735
2024-07-10,57741.45000000002,10.963730565475217,-1.0902546984686545,22.743632538283638
2024-07-11,57357.969999999994,10.957067084131204,-1.2699519699728785,18.251200750678038
2024-07-12,57926.39999999997,10.966928518192796,-1.3304643994687522,16.738390013281197
2024-07-13,59242.35000000002,10.989391936737407,-1.1772007028138147,20.569982429654633
2024-07-14,60826.69999999998,11.01578411629527,-0.826391841996122,29.34020395009695
2024-07-15,64789.54000000006,11.07889944955771,-0.5734546189958041,35.6636345251049
2024-07-16,65108.49999999996,11.083810388029729,-0.13501530159255862,46.62461746018604
2024-07-17,64117.90000000005,11.068478855095458,-0.3494896742748356,41.262758143129105
2024-07-18,64002.05000000001,11.06667039307882,-0.35242929791307315,41.18926755217317
2024-07-19,66740.96000000005,11.10857413637932,-0.06122089999375032,48.469477500156245
2024-07-20,67183.98000000005,11.115190105234005,0.7130674750068153,67.82668687517038
2024-07-21,68215.37000000005,11.130425185009239,0.7603251518613835,69.00812879653458
2024-07-22,67578.49,11.121045016129928,0.1689034764705443,54.22258691176361
2024-07-23,65959.01999999997,11.096788919073774,-0.03465751011768272,49.13356224705793
2024-07-24,65386.00999999999,11.088063600189258,-0.16537090259269085,45.86572743518273
2024-07-25,65815.20000000001,11.094606093675829,-0.2824070097759738,42.939824755600654
2024-07-26,67944.50000000006,11.1264464744343,-0.07002004166138857,48.24949895846529
2024-07-27,67933.35999999996,11.126282503644282,0.5441378806951194,63.60344701737799
2024-07-28,68264.76999999995,11.131149099890294,0.509878969156871,62.74697422892177
2024-07-29,66791.47999999998,11.109330806480013,0.09328438282673875,52.33210957066847
2024-07-30,66189.52999999996,11.100277572317248,-0.13076770762515702,46.73080730937107
2024-07-31,64628.99999999997,11.076418505446536,-0.3816293714820489,40.45926571294878
2024-08-01,65320.82000000003,11.08706610058797,-0.507659008451334,37.308524788716646
2024-08-02,61436.50000000002,11.025759400053088,-0.8994736454489046,27.513158863777388
2024-08-03,60705.26999999995,11.01378579370725,-1.1168441151367035,22.078897121582415
2024-08-04,58160.019999999946,10.970953456086296,-1.2119656520508164,19.70085869872959
2024-08-05,54056.13000000001,10.897778230142542,-2.2802912743712658,0.0
2024-08-06,56076.09999999999,10.934464975780937,-2.1791585072208925,0.0
2024-08-07,55175.67000000002,10.918277374231998,-1.857184062557605,3.570398436059874
2024-08-08,61724.090000000004,11.03042957129385,-1.65358996359814,8.660250910046502
2024-08-09,60880.38999999997,11.016666398559726,-0.7940735435272273,30.14816141181932
2024-08-10,60953.30000000003,11.017863276183704,-0.6159106820020462,34.60223294994884
2024-08-11,58740.09999999996,10.980877907168594,-0.6137223219297363,34.65694195175659
2024-08-12,59376.589999999946,10.99165531992576,-1.0775860169553266,23.060349576116835
2024-08-13,60621.37000000003,11.012402750158468,-1.0541973205719744,23.64506698570064
2024-08-14,58719.99999999995,10.980535663288396,-1.0550196959044758,23.624507602388107
2024-08-15,57572.38,10.960798217791544,-1.119125121958094,22.02187195104765
2024-08-16,58906.66000000005,10.983709436252502,-1.1665116371402864,20.83720907149284
2024-08-17,59515.33999999997,10.993989373431162,-0.8142756305554485,29.643109236113784
2024-08-18,58484.03999999999,10.976509175484841,-0.6577044964155169,33.55738758961208
2024-08-19,59482.400000000016,10.993435749457442,-1.288502242216482,17.78744394458795
2024-08-20,59035.3,10.985890849059475,-1.6292756303155638,9.268109242110906
2024-08-21,61181.600000000006,11.021601769700293,-1.716340817696859,7.0914795575785226
2024-08-22,60401.39999999998,11.008767562462229,-0.9758650562755081,25.6033735931123
2024-08-23,64119.40000000004,11.068502249224936,-1.5919201231602724,10.201996920993189
2024-08-24,64198.87999999995,11.069741044043012,0.48815834474860087,62.20395861871501
2024-08-25,64284.05999999998,11.071066979026748,0.4534418497773561,61.33604624443391
2024-08-26,62997.48000000002,11.050850004573649,-1.2475463910175486,18.811340224561285
2024-08-27,59469.359999999964,10.993216500914128,-1.463018796591907,13.424530085202324
2024-08-28,59063.58999999999,10.986369939092262,-1.1621275271884566,20.946811820288584
2024-08-29,59403.29999999998,10.992105059363139,-1.0296204332208958,24.259489169477604
2024-08-30,59130.49999999996,10.987502144723653,-0.8511687101619291,28.72078224595177
2024-08-31,58986.060000000034,10.985056423784982,-0.7357398279342837,31.606504301642907
2024-09-01,57316.19000000001,10.956338410786683,-0.7572079552820173,31.06980111794957
2024-09-02,59157.57000000005,10.987959840930424,-0.9830207992087383,25.42448001978154
2024-09-03,57497.56999999998,10.95949796502286,-0.7700024842385647,30.749937894035885
2024-09-04,57988.4,10.96799826952589,-0.9731964138608947,25.670089653477635
2024-09-05,56173.66999999996,10.936203420760787,-1.1483874238614782,21.290314403463046
2024-09-06,53976.98999999999,10.896313123624163,-1.3823291507900082,15.441771230249795
2024-09-07,54172.57999999999,10.899930155356062,-1.694823034105168,7.6294241473708
2024-09-08,54897.57000000001,10.913224364222936,-1.55147517823756,11.213120544061
2024-09-09,57082.399999999965,10.95225111695773,-1.0396134588263917,24.00966352934021
2024-09-10,57674.40999999998,10.962568853254043,-0.7634289649465815,30.914275876335463
2024-09-11,57369.99999999999,10.957276797595917,-0.681301634726533,32.96745913183668
2024-09-12,58304.49999999997,10.973434556323802,-0.7332388787850097,31.669028030374758
2024-09-13,60611.29999999996,11.012236623321153,-0.6520577403321806,33.698556491695484
2024-09-14,60018.09999999999,11.002401462378664,0.20155980608683322,55.038995152170834
2024-09-15,59152.79999999999,10.987879205564266,0.021633152149795835,50.540828803744894
2024-09-16,58359.50000000003,10.974377435088027,-0.8131600662380972,29.67099834404757
2024-09-17,60335.29999999998,11.007672617733675,-0.6617361278738897,33.45659680315276
2024-09-18,61883.93,11.033015812689719,-0.5692190927071005,35.76952268232249
2024-09-19,62979.02999999998,11.050557092821577,-0.21607572831213764,44.59810679219656
2024-09-20,63242.300000000054,11.054728660048523,-0.10946811493155105,47.26329712671122
2024-09-21,63394.41999999999,11.057131123933683,0.5875085879697878,64.6877146992447
2024-09-22,63596.700000000004,11.060316861189595,0.5895889441939112,64.73972360484778
2024-09-23,63357.86999999995,11.056554408498986,-0.07852582579404589,48.03685435514885
2024-09-24,64292.21000000001,11.071193752030988,-0.16768131272730227,45.807967181817446
2024-09-25,63149.83,11.053265435771847,-0.07344096499593593,48.1639758751016
2024-09-26,65196.75999999999,11.08516505342846,-0.2053085497533255,44.867286256166864
2024-09-27,65808.74000000003,11.094507935240438,-0.03286399287037511,49.17840017824062
2024-09-28,65878.75000000003,11.095571210219646,0.7486752725771336,68.71688181442835
2024-09-29,65619.68999999999,11.091631082334473,0.7030188736308874,67.57547184077218
2024-09-30,63332.9,11.056160220345843,-0.09483105101661742,47.62922372458456
2024-10-01,60808.239999999976,11.015480585087186,-0.3314736946494115,41.713157633764716
2024-10-02,60649.55999999996,11.012867659605567,-0.4493407142347661,38.76648214413085
2024-10-03,60763.20999999998,11.014739786123954,-0.31384220123508416,42.1539449691229
2024-10-04,62109.30000000002,11.036651015162999,-0.05648044941576228,48.587988764605946
2024-10-05,62069.899999999965,11.03601644832214,-0.23913580376840407,44.02160490578989
2024-10-06,62829.699999999946,11.048183170596479,-0.24323077362343112,43.91923065941422
2024-10-07,62233.12000000004,11.038642612896536,0.15477896707507022,53.86947417687675
2024-10-08,62153.100000000006,11.03735597501914,-0.11724737402354542,47.06881564941136
2024-10-09,60596.50000000004,11.0119924146139,-0.333851944200279,41.65370139499303
2024-10-10,60297.600000000006,11.007047580928171,-0.46082728519261423,38.479317870184644
2024-10-11,62550.01,11.043721675767147,-0.1849852368317716,45.375369079205704
2024-10-12,63206.41999999997,11.054161157254299,-0.2741779922556253,43.14555019360937
2024-10-13,62864.150000000016,11.048731327898729,-0.09849390519668796,47.5376523700828
2024-10-14,66085.46999999999,11.098704183219276,0.30220685886442994,57.55517147161074
2024-10-15,67090.10000000002,11.113791771090925,0.4305716740672063,60.764291851680156
2024-10-16,67628.71999999999,11.121788023877974,0.5428273593401656,63.57068398350414
2024-10-17,67436.02999999996,11.118934723801836,0.6174702319993194,65.43675579998298
2024-10-18,68446.59999999998,11.13380915819002,0.5563625245069889,63.90906311267472
2024-10-19,68384.23999999999,11.132897667705603,0.735113902197231,68.37784755493077
2024-10-20,69035.55999999994,11.142377013144685,0.6451429545485577,66.12857386371395
2024-10-21,67366.40000000001,11.11790165627935,0.6191496441760845,65.47874110440212
2024-10-22,67407.81999999998,11.118516313909037,0.29230468574353236,57.30761714358831
2024-10-23,66634.4,11.106976239696257,0.33877109808974226,58.46927745224355
2024-10-24,68190.92000000003,11.130066697138014,0.3043802968551585,57.60950742137896
2024-10-25,66597.79999999996,11.106426822949844,0.42447729373062176,60.611932343265536
2024-10-26,67032.66000000005,11.112935242288332,-0.05611613015425847,48.597096746143535
2024-10-27,67963.57000000004,11.1267271053067,0.030780153728188965,50.769503843204724
2024-10-28,69959.46000000005,11.155671210406352,0.7036395746615015,67.59098936653754
2024-10-29,72760.71000000006,11.1949313906933,1.0252032918576626,75.63008229644157
2024-10-30,72344.60999999997,11.189196230321071,1.087541675461065,77.18854188652662
2024-10-31,70232.93000000004,11.15957256834546,0.7631706062890519,69.0792651572263
2024-11-01,69488.13000000006,11.148911225599472,0.6997060548139652,67.49265137034914
2024-11-02,69379.70000000003,11.147349596501709,0.20217679406650882,55.054419851662715
2024-11-03,68758.79999999994,11.138360007337516,0.127571962814331,53.189299070358274
2024-11-04,67827.82000000004,11.124727714252193,0.20694736143258743,55.17368403581469
2024-11-05,69415.42000000001,11.147864312016038,0.003872081221679526,50.09680203054199
2024-11-06,75669.24000000005,11.234127016027717,1.1032635363486507,77.58158840871627
2024-11-07,75942.77999999994,11.237735440964043,1.3625731569659865,84.06432892414966
2024-11-08,76589.69999999997,11.246217881935529,1.4149583156989214,85.37395789247304
2024-11-09,76766.65999999996,11.248525710297415,1.3020445703337646,82.55111425834411
2024-11-10,80469.12999999995,11.295628911599193,1.2125114689123404,80.31278672280851
2024-11-11,88815.11999999992,11.394312184756194,2.8816539024627104,100.0
2024-11-12,87958.39999999998,11.384619254416853,2.9537172054430236,100.0
2024-11-13,90520.96999999994,11.413336815553956,2.8015663192527227,100.0
2024-11-14,87366.59999999998,11.377868337575565,2.5076866277826912,100.0
2024-11-15,91103.88999999996,11.419755782665725,2.366343787708495,100.0
2024-11-16,90582.26999999995,11.414013777515995,2.3536683013672617,100.0
2024-11-17,89931.62999999996,11.406804993952797,2.0676932112491833,100.0
2024-11-18,90565.56000000003,11.413829287312085,2.1044239105089626,100.0
2024-11-19,92482.10999999999,11.434770499389874,1.8549104231687832,96.37276057921957
2024-11-20,94411.68000000002,11.455420073293373,1.9518563134828666,98.79640783707167
2024-11-21,98468.59999999995,11.497492994612596,2.3123509810529983,100.0
2024-11-22,99073.53999999994,11.503617681639179,2.3701804246293525,100.0
2024-11-23,97808.10000000002,11.490762674679239,1.9297208936824553,98.24302234206138
2024-11-24,98023.49999999999,11.49296252482463,1.508166309459422,87.70415773648554
2024-11-25,93046.50000000001,11.440854647177044,1.6171791767575325,90.42947941893831
2024-11-26,91976.0,11.429282952433576,1.058190523855985,76.45476309639963
2024-11-27,95999.16999999993,11.472094824579264,1.4123954821335252,85.30988705333813
2024-11-28,95693.99999999993,11.468910879550808,0.6853866209637517,67.13466552409379
2024-11-29,97539.30999999995,11.488010755218108,0.9159150428911396,72.89787607227849
2024-11-30,96494.36000000007,11.477239840023213,0.7904561882186519,69.7614047054663
2024-12-01,97312.00000000009,11.485677590477092,0.5658776756813045,64.14694189203261
2024-12-02,95910.81999999999,11.471174080367442,0.9620286534149924,74.05071633537482
2024-12-03,95946.29999999999,11.47154393894141,0.7878620129547143,69.69655032386785
2024-12-04,98775.85999999996,11.500608521898231,0.8426568012508276,71.0664200312707
2024-12-05,96884.99999999994,11.481279987134682,0.8162065745806296,70.40516436451574
2024-12-06,99923.00000000003,11.512155168367963,0.8159355120145927,70.39838780036482
2024-12-07,99929.89999999994,11.512224219154843,0.43564294554523797,60.89107363863096
2024-12-08,101205.34000000005,11.524906801241803,0.3534186856633302,58.83546714158325
2024-12-09,97438.99999999997,11.486981820165282,0.6624525109349894,66.56131277337474
2024-12-10,96709.09999999998,11.479462782494611,0.4295231539801794,60.73807884950448
2024-12-11,101232.49999999994,11.525175130524143,0.5831580601073129,64.57895150268283
2024-12-12,100060.48000000007,11.513530082152418,0.7753452162901945,69.38363040725486
2024-12-13,101459.19999999998,11.527412026208854,0.7584356174389058,68.96089043597264
2024-12-14,101430.00000000003,11.527124184370042,0.17554499426471964,54.388624856617994
2024-12-15,104499.98,11.556942158999425,0.13827342070049622,53.4568355175124
2024-12-16,106131.59999999998,11.5724351124926,0.9929142534418375,74.82285633604594
2024-12-17,106190.05999999992,11.572985786422686,0.9728070434112345,74.32017608528086
2024-12-18,100200.80999999997,11.514931551432563,0.9439802492421716,73.59950623105429
2024-12-19,97420.89999999992,11.486796045667274,0.5302318133661075,63.25579533415269
2024-12-20,97789.00000000001,11.490567375259557,0.0867962733969851,52.16990683492463
2024-12-21,97259.25000000007,11.485135372638718,-0.8546790111481626,28.633024721295936
2024-12-22,95116.27999999991,11.462855422105372,-0.887237803700473,27.819054907488173
2024-12-23,94811.93999999994,11.459650629679246,-0.06177923900642005,48.4555190248395
2024-12-24,98624.05000000003,11.499070425655649,0.20239133400651918,55.05978335016298
2024-12-25,99395.95000000003,11.506866647347787,-0.6710087793676904,33.22478051580774
2024-12-26,95698.18999999997,11.46895466399155,0.25129561783507737,56.28239044587693
2024-12-27,94218.98000000001,11.453376926468412,-0.048861913051704585,48.778452173707386
2024-12-28,95159.35999999997,11.463308238879355,-1.222476387368617,19.438090315784574
2024-12-29,93610.12999999995,11.446893883105345,-1.0441345606961319,23.896635982596703
2024-12-30,92648.49999999996,11.436568041620223,-0.06726069077309264,48.318482730672685
2024-12-31,93411.37000000002,11.444768351283269,-0.06255619797236857,48.43609505069079
2025-01-01,94784.99999999994,11.459366447875665,-1.172166209711551,20.695844757211223
2025-01-02,97063.99999999999,11.483125833731709,0.404727497105142,60.118187427628555
2025-01-03,98136.50999999992,11.494114747568734,0.4166271643952726,60.415679109881815
2025-01-04,98209.84999999996,11.494861794811278,-0.4247806522772387,39.38048369306904
2025-01-05,98345.32999999997,11.496240339212452,-0.3899100899713313,40.25224775071672
2025-01-06,102279.41000000006,11.5354636609098,0.4329702689856357,60.82425672464089
2025-01-07,96941.98000000005,11.481867934195938,0.38134883480377435,59.53372087009436
2025-01-08,95202.00000000007,11.463756228962145,0.15457986292200046,53.86449657305001
2025-01-09,92547.44000000002,11.435476656895146,-0.04027157582425489,48.993210604393624
2025-01-10,94701.17999999995,11.458481739497806,0.04479423551059731,51.11985588776493
2025-01-11,94565.01999999993,11.45704291921727,-0.8105674747258135,29.73581313185466
2025-01-12,94580.00000000006,11.457201316197867,-0.8006796641662605,29.98300839584349
2025-01-13,94506.45000000007,11.456423365120893,0.1875056534771551,54.68764133692887
2025-01-14,96534.96000000004,11.477660501512345,0.08757611478992898,52.18940286974822
2025-01-15,100510.23000000001,11.518014792345687,0.19272662208884586,54.818165552221146
2025-01-16,99981.78000000007,11.512743248369793,0.33205991990593037,58.301497997648255
2025-01-17,104107.00000000004,11.553174495377892,0.5043507615924671,62.608769039811676
2025-01-18,104435.0,11.556320147289417,0.5607881660138156,64.01970415034539
2025-01-19,101211.13000000002,11.524964010025274,0.5159291216050409,62.89822804012603
2025-01-20,102145.42999999998,11.534152861114787,0.420643430529858,60.51608576324645
2025-01-21,106159.25999999991,11.572695698371394,0.10713009929100176,52.67825248227504
2025-01-22,103667.11000000009,11.54894017901145,0.2324372554772449,55.81093138693112
2025-01-23,103959.99999999997,11.551761488755426,-0.03229923258051637,49.19251918548709
2025-01-24,104850.26999999999,11.560288611434046,-0.11777066321499184,47.055733419625206
2025-01-25,104733.56000000006,11.559174880359814,0.19505693324104736,54.87642333102618
2025-01-26,102562.99999999997,11.538232522896736,0.15512845130025166,53.87821128250629
2025-01-27,102062.42000000001,11.533339865879078,-0.4114270491980299,39.714323770049255
2025-01-28,101299.80000000003,11.525839715901164,-0.2966157116793235,42.58460720801691
2025-01-29,103737.58000000003,11.549619720083657,-0.15905347169370423,46.02366320765739
2025-01-30,104742.64000000001,11.559261572786024,-0.07290070199710373,48.177482450072404
2025-01-31,102411.26000000004,11.536751946479784,-0.015684720029324705,49.60788199926689
2025-02-01,100623.85000000002,11.51914458608413,-0.2716055600183224,43.20986099954194
2025-02-02,97676.52000000006,11.48941648161432,-0.5232394080998518,36.9190147975037
2025-02-03,101420.53999999994,11.527030913728446,-0.18042009966638597,45.48949750834035
2025-02-04,97795.05000000005,11.49062924124507,-0.39385256136748414,40.1536859658129
2025-02-05,96638.33000000007,11.478730732390192,-0.7348950197989167,31.627624505027086
2025-02-06,96575.87999999998,11.478084299582017,-0.784493676161241,30.387658095968973
2025-02-07,96537.08000000006,11.477682462227113,-0.6861886357317601,32.845284106705996
2025-02-08,96496.50000000007,11.477262017239275,-0.9638522746874966,25.903693132812588
2025-02-09,96479.49999999994,11.477085829526356,-0.9163471973324259,27.09132006668935
2025-02-10,97482.48000000007,11.48742794853165,-0.5248110433126337,36.87972391718416
2025-02-11,95774.08000000002,11.469747363675676,-0.6521701540755828,33.69574614811043
2025-02-12,97862.52999999997,11.491319017768683,-0.6632396999056276,33.41900750235931
2025-02-13,96625.29000000004,11.47859578717888,-0.7508814215326565,31.227964461683587
2025-02-14,97509.02999999997,11.487700268082014,-0.913222743776131,27.169431405596722
2025-02-15,97596.94,11.488601419450669,-0.5798876103634211,35.50280974091448
2025-02-16,96257.00000000006,11.474776976778259,-0.5421253070513496,36.44686732371626
2025-02-17,95781.80000000003,11.46982796678746,-1.017385156018272,24.5653710995432
2025-02-18,95607.40000000004,11.468005501901555,-0.8571341553316177,28.57164611670956
2025-02-19,96632.02999999991,11.478665538741229,-0.6924544244832327,32.68863938791918
2025-02-20,98347.19999999994,11.496259353661044,-0.7349446383470061,31.62638404132485
2025-02-21,96157.03000000007,11.473737863268758,-0.6854507172300291,32.863732069249274
2025-02-22,96582.12000000001,11.478148909901053,-0.5796263479704795,35.509341300738015
2025-02-23,96303.39999999994,11.475258903497334,-0.4911021719990917,37.72244570002271
2025-02-24,91510.8200000001,11.424212495638592,-0.7376810119567162,31.55797470108209
2025-02-25,88583.74000000008,11.391703598306357,-1.2757457754895867,18.106355612760332
2025-02-26,84111.78000000001,11.339901907495603,-1.428237692339185,14.294057691520374
2025-02-27,85007.0,11.350488885022813,-1.707178505852142,7.320537353696449
2025-02-28,84297.72999999997,11.342110215988008,-1.1100196901636912,22.24950774590772
2025-03-01,86018.76000000007,11.36232069098156,-1.8706072640351556,3.234818399121109
2025-03-02,94466.00000000007,11.455995260382686,-1.5202481619790005,11.993795950524987
2025-03-03,86161.10000000008,11.363974078693992,-0.6843073971662617,32.89231507084346
2025-03-04,87249.99999999996,11.376532840064673,-1.3413630172595,16.465924568512502
2025-03-05,90603.73,11.414250661161535,-1.9481700175653383,1.2957495608665437
2025-03-06,89921.84999999995,11.406696238759295,-1.8773330945491795,3.0666726362705123
2025-03-07,86756.97999999998,11.370866155667386,-1.948286299002868,1.2928425249283004
2025-03-08,86206.69000000003,11.364503063849085,-1.1268500356776272,21.82874910805932
2025-03-09,80951.99999999996,11.301611665409595,-1.1655951851610946,20.860120370972634
2025-03-10,78558.79999999997,11.2716026679626,-2.166093128185416,0.0
2025-03-11,82914.50999999994,11.32556535596421,-2.35099748062464,0.0
2025-03-12,83659.42999999996,11.334509431681083,-1.9481201525786838,1.296996185532906
2025-03-13,81073.42999999996,11.303110566202326,-1.5899879176130247,10.250302059674382
2025-03-14,84207.00000000007,11.341033332166788,-1.5081753070524864,12.295617323687841
2025-03-15,84351.45999999998,11.342747396656565,-0.9490741271416766,26.27314682145808
2025-03-16,82562.57,11.321311709106865,-0.8074196524034034,29.814508689914916
2025-03-17,84011.39999999997,11.338707782902814,-1.676566450477928,8.085838738051798
2025-03-18,82698.76000000001,11.322959886945322,-1.6278535005579404,9.30366248605149
2025-03-19,86877.96000000004,11.372259654229104,-1.1386667817777416,21.53333045555646
2025-03-20,84183.42000000006,11.340753268726669,-0.7727113903207208,30.68221524198198
2025-03-21,84061.95999999993,11.33930942496584,-0.7994213024069334,30.014467439826664
2025-03-22,83799.99999999994,11.336188286470174,-0.5847932111679318,35.3801697208017
2025-03-23,86092.93999999996,11.363182689376709,-0.5879641479622973,35.30089630094256
2025-03-24,87523.61999999998,11.37966397877483,-0.39122457173633207,40.2193857065917
2025-03-25,87427.88000000008,11.378569503911146,-0.31361621569957987,42.159594607510506
2025-03-26,86898.99999999999,11.37250180370741,-0.24804829210466772,43.798792697383305
2025-03-27,87217.48000000003,11.376160048523504,-0.32255187008341357,41.93620324791466
2025-03-28,84373.89999999997,11.34301339105281,-0.5132852634753916,37.167868413115215
2025-03-29,82613.79999999994,11.321932015772312,-0.4461017096024948,38.84745725993763
2025-03-30,82379.98000000004,11.31909772521267,-0.7194491597310392,32.01377100672402
2025-03-31,82534.32000000007,11.320969485818763,-0.742203956413079,31.444901089673028
2025-04-01,85170.36999999997,11.352408882378361,-0.5750444964127143,35.62388758968215
2025-04-02,82490.07999999999,11.32043332266883,-0.41627167007560373,39.59320824810991
2025-04-03,83132.89999999995,11.328195811036354,-1.642889540709132,8.927761482271702
2025-04-04,83860.16,11.336905928664741,-0.8044683370046629,29.88829157488343
2025-04-05,83498.24999999999,11.33258095253549,-0.27936285727280835,43.01592856817979
2025-04-06,78370.75,11.269206049989634,-0.3034730940804823,42.41317264798794
2025-04-07,79140.00999999997,11.27897384129776,-1.2105913379598905,19.735216551002736
2025-04-08,76251.63999999996,11.24179420243508,-1.2282292744419483,19.294268138951292
2025-04-09,82594.74999999996,11.321701398167056,-1.1218212093020783,21.954469767448042
2025-04-10,79552.33999999995,11.28417044879528,-1.9122655410864728,2.1933614728381787
2025-04-11,83380.47000000007,11.33116938826227,-2.149346725202758,0.0
2025-04-12,85271.00999999992,11.353589816394456,0.031013838706221174,50.775345967655525
2025-04-13,83733.06999999999,11.335389279998667,0.39075128157977645,59.768782039494404
2025-04-14,84590.35999999993,11.345575591111205,-2.0507008458196436,0.0
2025-04-15,83629.77999999994,11.334154955737171,-1.6318516573784767,9.203708565538083
2025-04-16,84028.72000000006,11.338913924151242,-1.92151540721604,1.962114819598998
2025-04-17,84961.97000000007,11.349959023589241,-1.7571402149379642,6.071494626550894
2025-04-18,84472.50000000007,11.344181316589962,-1.650403301719358,8.73991745701605
2025-04-19,85074.98999999999,11.351288381825755,0.2235663003968157,55.5891575099204
2025-04-20,85177.34,11.35249071500181,0.35076362388164745,58.769090597041185
2025-04-21,87522.06999999996,11.379646269112856,-1.9382383702928319,1.5440407426792035
2025-04-22,93472.00000000003,11.445417205187468,-1.3295823419535275,16.76044145116181
2025-04-23,93740.91999999993,11.448290085808736,0.17954170953138546,54.48854273828464
2025-04-24,94021.96000000005,11.451283650989211,0.06913407294035057,51.72835182350877
2025-04-25,94717.09999999998,11.458649833095082,0.15037765866368147,53.75944146659204
2025-04-26,94666.63999999997,11.458116946785053,1.5924479402996854,89.81119850749212
2025-04-27,93816.99999999993,11.449101355246707,1.4533992334388404,86.33498083597101
2025-04-28,95042.57000000005,11.462080175476656,-0.10398327495693323,47.40041812607667
2025-04-29,94271.09000000001,11.4539298468565,0.008854248011230323,50.22135620028075
2025-04-30,94182.53999999995,11.45299009306649,-0.015153119634643608,49.62117200913391
2025-05-01,96524.98000000001,11.477557113932209,0.24912520475432487,56.22813011885812
2025-05-02,96929.81000000006,11.481742387307285,0.318365602325469,57.959140058136725
2025-05-03,95861.33000000003,11.470657947017541,1.2543290770587232,81.35822692646808
2025-05-04,94272.54999999996,11.453945333987225,0.9981847162719267,74.95461790679818
2025-05-05,94733.98999999996,11.458828137691215,-0.06360137680318495,48.409965579920375
2025-05-06,96839.17,11.480806840176768,-0.17476225816236957,45.63094354594076
2025-05-07,97058.31999999999,11.483067313928302,-0.022417143081285257,49.43957142296787
2025-05-08,103228.00000000007,11.544695413059031,0.5424254910489782,63.560637276224455
2025-05-09,102976.90000000005,11.542259970214422,0.8189088304161812,70.47272076040453
2025-05-10,104821.19000000003,11.560011225086983,1.6675885790449625,91.68971447612407
2025-05-11,104137.62000000002,11.553468572605151,1.8156254874848647,95.39063718712161
2025-05-12,102824.99999999996,11.540783793098624,0.9922803501754819,74.80700875438706
2025-05-13,104156.69999999991,11.55365177491286,0.7657041747526465,69.14260436881617
2025-05-14,103545.38,11.547765249700927,0.7044629635980916,67.61157408995228
2025-05-15,103786.42999999995,11.550090508990465,0.5748118547116051,64.37029636779013
2025-05-16,103500.03000000004,11.547327181542592,0.6165649411578804,65.41412352894702
2025-05-17,103161.07000000004,11.544046832178791,0.9101184996661946,72.75296249165486
2025-05-18,106473.45999999998,11.575651031197735,0.7899914647159146,69.74978661789787
2025-05-19,105616.18000000002,11.56756685821433,0.5296077124001645,63.24019281000412
2025-05-20,106883.23999999992,11.579492302682258,0.4234348385867355,60.58587096466839
2025-05-21,109699.54000000002,11.6055004530002,0.36126353177800247,59.03158829445007
2025-05-22,111722.52999999996,11.623773665703164,0.6700709619824671,66.75177404956167
2025-05-23,107329.60999999996,11.583659845815749,0.4158457367309009,60.396143418272516
2025-05-24,107794.00999999995,11.587977370050485,0.7626184452624902,69.06546113156226
2025-05-25,109048.67999999998,11.599549667017312,0.797804864707015,69.94512161767538
2025-05-26,109464.31999999998,11.603353930390899,-0.1610697722951372,45.97325569262157
2025-05-27,109004.90000000008,11.599148114329315,0.3477178052745133,58.69294513186283
2025-05-28,107811.70000000001,11.58814146589043,0.26998709340537785,56.74967733513445
2025-05-29,105570.00000000003,11.56712951898374,-0.0178872026250577,49.55281993437356
2025-05-30,104033.26,11.552465934688238,-0.15672647638450507,46.08183809038737
2025-05-31,104645.87,11.558337262212444,-0.1772617704477963,45.56845573880509
2025-06-01,105697.94000000002,11.568340682548262,-0.06892027042405136,48.27699323939871
2025-06-02,105904.94000000009,11.57029717828245,-0.312074503355123,42.19813741612193
2025-06-03,105447.81999999998,11.56597151238834,-0.11617861623748743,47.09553459406281
2025-06-04,104753.37999999999,11.559364104566908,-0.3071552590833338,42.321118522916656
2025-06-05,101570.2,11.528505464016968,-0.46118932255523076,38.47026693611923
2025-06-06,104397.99000000003,11.555965701371774,-0.38789568805052904,40.30260779873677
2025-06-07,105619.02000000005,11.567593747672149,-0.18044370248973718,45.48890743775657
2025-06-08,105784.3999999999,11.569158339519685,0.010071364290725894,50.25178410726815
2025-06-09,110301.15000000007,11.61096963129785,-0.0823308475513792,47.941728811215526
2025-06-10,110300.23999999993,11.610961381123179,0.2187214102867141,55.468035257167855
2025-06-11,108669.36999999991,11.596065248671913,0.03668265087805265,50.91706627195131
2025-06-12,105699.99999999996,11.568360171858329,-0.297507745416601,42.56230636458497
2025-06-13,106118.70000000003,11.572313557893942,-0.4014555823879476,39.96361044030131
2025-06-14,105465.42000000001,11.56613840565726,-0.1298219511174811,46.75445122206297
2025-06-15,105581.39999999992,11.56723749837683,-0.2092210463077477,44.769473842306304
2025-06-16,106853.38000000002,11.579212893377534,-0.3412133552078174,41.469666119804565
2025-06-17,104622.40000000005,11.558112956825886,-0.17771220340844104,45.55719491478897
2025-06-18,104915.6,11.560911496387755,-0.30289924963294285,42.42751875917643
2025-06-19,104671.9,11.558585974972322,-0.288862255330245,42.77844361674388
2025-06-20,103317.79999999999,11.545564953913003,-0.3475786712421794,41.310533218945515
2025-06-21,102160.03000000004,11.534295784363387,-0.5229099364035528,36.92725158991118
2025-06-22,100996.86999999998,11.522844805244183,-0.756529352547126,31.086766186321846
2025-06-23,105382.00000000001,11.565347122516563,-0.5626417079423321,35.9339573014417
2025-06-24,106141.00000000007,11.572523677856253,-0.3741888457436547,40.64527885640864
2025-06-25,107400.21999999997,11.584317509471935,-0.32250994598481686,41.937251350379576
2025-06-26,107029.63999999998,11.580861084429833,-0.3991805434104682,40.02048641473829
2025-06-27,107113.38000000009,11.58164317860473,-0.35693319162304277,41.07667020942393
2025-06-28,107352.2,11.58387029680909,-0.0029150190363350886,49.92712452409162
2025-06-29,108387.20000000008,11.59346527983474,0.024715986197539983,50.617899654938505
2025-06-30,107173.21000000004,11.582201589670534,-0.4060857864741693,39.84785533814576
2025-07-01,105919.99999999997,11.570439371170835,-0.5562150420781844,36.09462394804539
2025-07-02,108888.31999999992,11.598078048807091,-0.4738066143310067,38.15483464172483
2025-07-03,109630.99999999993,11.604875460217789,-0.1860317069862635,45.34920732534341
2025-07-04,108028.60000000005,11.590151285863918,-0.28172409125698616,42.95689771857535
2025-07-05,108246.65000000002,11.592167698503655,-0.16552981514422727,45.86175462139432
2025-07-06,109217.98000000007,11.60110098075394,-0.14229280652951434,46.44267983676214
2025-07-07,108269.84000000003,11.592381908516838,-0.19020609082535347,45.244847729366164
2025-07-08,108931.89999999995,11.598478195318572,-0.18523417457913538,45.36914563552161
2025-07-09,111282.85000000008,11.61983043734054,-0.055059343672980356,48.62351640817549
2025-07-10,116031.3000000001,11.661615261277793,0.13267840544379947,53.316960136094984
2025-07-11,117582.16000000008,11.67489260225868,0.5378011736307619,63.44502934076905
2025-07-12,117472.65000000004,11.673960819514704,0.5378011736307619,63.44502934076905
2025-07-13,119130.81000000007,11.68797741206518,0.9171885134519793,72.92971283629947
2025-07-14,119849.99999999997,11.69399623986253,0.7243050649267585,68.10762662316895
2025-07-15,117781.64000000006,11.6765876806672,0.6926218265029042,67.3155456625726
2025-07-16,118681.68000000002,11.684200230017408,0.5502876709124952,63.757191772812384
2025-07-17,119273.69000000002,11.689176047301567,0.6006086266973275,65.0152156674332
2025-07-18,118025.00000000004,11.678651745414488,0.4400194715150036,61.00048678787508
2025-07-19,117914.17000000004,11.677712265902445,0.31724020805190833,57.9310052012977
2025-07-20,117312.70000000006,11.672598298175574,0.2580216115839918,56.45054028959979
2025-07-21,117428.78999999992,11.67358738629514,0.07912247258670886,51.97806181466772
2025-07-22,120026.42000000004,11.695467164197726,0.028750310190826245,50.718757754770664
2025-07-23,118810.43999999992,11.685284560837445,0.07587860624274527,51.89696515606863
2025-07-24,118397.03999999989,11.681799001119536,0.07123578239041038,51.78089455976026
2025-07-25,117633.27000000006,11.675327182598961,0.04005754911837794,51.001438727959446
2025-07-26,117937.49999999991,11.677910102110905,-0.06884597486475912,48.27885062838102
2025-07-27,119465.52000000009,11.690783073154455,-0.01892508253204426,49.526872936698894
2025-07-28,117979.70000000003,11.678267854749969,0.35563118633205754,58.89077965830144
2025-07-29,117933.38999999998,11.677875252537053,0.29684149583940406,57.421037395985095
2025-07-30,117830.1500000001,11.67699945972703,0.48144976470463513,62.03624411761588
2025-07-31,115761.1300000001,11.659284122833396,0.46802952514727086,61.70073812868178
2025-08-01,113248.72999999994,11.637341829154366,0.011677896465139595,50.29194741162849
2025-08-02,112525.19999999992,11.630932475542357,-0.7637318026814693,30.90670493296327
2025-08-03,114215.70999999998,11.645844132417013,-0.8198196413084186,29.50450896728953
2025-08-04,115051.8500000001,11.653138175299464,-0.09449187788168782,47.637703052957804
2025-08-05,114180.00000000003,11.64553142951825,-0.09429920923685604,47.6425197690786
2025-08-06,115028.82999999996,11.652938071578657,-0.2563276123565966,43.59180969108508
2025-08-07,117515.48999999995,11.674325433664801,-0.08816619376409436,47.795845155897645
2025-08-08,116683.78999999995,11.667222905456185,-0.0706613122510053,48.23346719372486
2025-08-09,116492.51000000005,11.66558225807559,-0.21091841838857156,44.72703954028571
2025-08-10,119309.37000000002,11.689475146493823,-0.23610692521297738,44.09732686967557
2025-08-11,118701.84000000005,11.684370081741307,0.16675678252611092,54.16891956315277
2025-08-12,120113.17999999996,11.69618974392864,0.03568272786065587,50.89206819651639
2025-08-13,123366.57000000007,11.722915446133824,0.11818879023438554,52.954719755859635
2025-08-14,118378.41999999995,11.681641721306516,0.20616385618747576,55.15409640468689
2025-08-15,117436.96000000005,11.673656957954723,-0.2033012151358383,44.91746962160404
2025-08-16,117455.68000000007,11.673816349922387,-0.32479403382050676,41.880149154487334
2025-08-17,117488.59999999993,11.674096586582886,-0.3473269108269811,41.31682722932547
2025-08-18,116260.0000000001,11.663584341255342,-0.1878416998746045,45.30395750313489
2025-08-19,112856.1899999999,11.633869632314273,-0.3173522922180794,42.066192694548015
2025-08-20,114275.99999999999,11.646371853982046,-0.4460507213808407,38.84873196547898
2025-08-21,112480.3000000001,11.630533374181761,-0.3156406478014908,42.10898380496273
2025-08-22,116908.67999999998,11.66914839620066,-0.454932480338496,38.6266879915376
2025-08-23,115383.87000000004,11.656019848590036,-0.31904338738128285,42.02391531546793
2025-08-24,113477.99999999993,11.639364264516509,-0.5285452223885556,36.78636944028611
2025-08-25,110360.00000000003,11.611503028331223,-0.38990263052500024,40.252434236875
2025-08-26,111788.01000000008,11.62435958887147,-0.5733494291743202,35.666264270641996
2025-08-27,111469.99999999999,11.621510775383669,-0.44132799213428653,38.966800196642836
2025-08-28,112561.49999999997,11.63125501792549,-0.5819313509725796,35.45171622568551
2025-08-29,108378.32000000004,11.593383347985016,-0.6357669417468025,34.105826456329936
2025-08-30,108750.00000000006,11.596806948950931,-1.3544103961325846,16.139740096685383
2025-08-31,108410.0,11.593675614655337,-1.2396120730404119,19.009698173989705
2025-09-01,109240.54999999999,11.60130761036076,-0.7047810572384855,32.38047356903786
2025-09-02,111196.89999999992,11.619057782712186,-0.465476908143924,38.3630772964019
2025-09-03,111756.40999999997,11.624076871009754,-0.3572715971063654,41.06821007234087
2025-09-04,110720.78999999996,11.614766905941648,-0.3505618255086757,41.2359543622831
2025-09-05,110670.01999999992,11.614308259976262,-0.47914275748660656,38.021431062834836
2025-09-06,110212.60000000003,11.610166506732968,-0.7382271099218538,31.544322251953655
2025-09-07,111129.60999999996,11.618452456770132,-0.7754419267219221,30.613951831951947
2025-09-08,112072.56999999993,11.626901886879148,-0.49801451942187597,37.549637014453104
2025-09-09,111549.31999999995,11.622222103920986,-0.39148366126868117,40.21290846828297
2025-09-10,113900.00000000001,11.643076149435274,-0.3133423837922957,42.16644040519261
2025-09-11,115539.99999999997,11.657372069335256,-0.20377573183541073,44.90560670411473
2025-09-12,116088.71999999996,11.662110005343136,-0.04592910468098748,48.85177238297531
2025-09-13,115968.35,11.661072588031994,0.1391578495263062,53.478946238157654
2025-09-14,115314.13000000009,11.655415248618434,0.08331542076691212,52.082885519172805
2025-09-15,115381.08000000005,11.655995668141488,-0.19622240689817563,45.09443982754561
2025-09-16,116764.19999999994,11.667911795544123,-0.3159875811330804,42.10031047167299
2025-09-17,116484.39999999997,11.66551263744234,-0.21283787553755953,44.67905311156101
2025-09-18,117133.8400000001,11.671072491612593,-0.017606359666082223,49.559841008347945
2025-09-19,115690.55000000005,11.658674233095825,0.010325722347044616,50.25814305867612
2025-09-20,115739.09999999998,11.65909379904783,-0.13478560966562003,46.630359758359496
2025-09-21,115282.27000000002,11.655138921666211,-0.12941844184623272,46.76453895384418
2025-09-22,112757.80999999994,11.63299752325867,-0.27608395579482853,43.09790110512929
2025-09-23,112017.21000000008,11.62640779918692,-0.3964753323161975,40.08811669209506
2025-09-24,113348.17000000004,11.638219511120743,-0.17475021153161366,45.631244711709655
2025-09-25,109035.72,11.599430813949278,-0.06805129704425567,48.298717573893605
2025-09-26,109697.28999999994,11.605479942220713,-0.4002106634174763,39.99473341456309
2025-09-27,109681.15999999993,11.605332890402003,-0.923435584251854,26.91411039370365
2025-09-28,112197.66999999993,11.628017505366692,-0.8816325065838304,27.95918733540424
2025-09-29,114365.20000000001,11.64715211584671,-0.06106210653929028,48.473447336517744
2025-09-30,113994.99999999994,11.643909866765647,0.02362606090722909,50.59065152268073
2025-10-01,118659.9700000001,11.68401728698941,0.07581445137783503,51.895361284445876
2025-10-02,120642.5000000001,11.70058690583874,0.44721315750719803,61.18032893767995
2025-10-03,122318.40000000007,11.71438276007266,0.5307378997622704,63.26844749405676
2025-10-04,122458.56000000003,11.715527966021114,0.8377400263056656,70.94350065764164
2025-10-05,123520.79000000002,11.72416476096354,0.7745851730760362,69.36462932690091
2025-10-06,124720.08999999998,11.733827225347818,0.7600056936920913,69.00014234230228
2025-10-07,121393.95000000008,11.706796321110364,0.7548818858387342,68.87204714596835
2025-10-08,123343.25000000003,11.722726398125362,0.6715970026673221,66.78992506668305
2025-10-09,121714.51000000004,11.709433499477447,0.7830729951340829,69.57682487835207
2025-10-10,113080.00000000009,11.635850811807527,0.33408346846252496,58.352086711563125
2025-10-11,110768.88999999998,11.615201237697026,-1.0068347130553759,24.829132173615605
2025-10-12,115067.97999999994,11.653278363131397,-1.2941715290897409,17.645711772756478
2025-10-13,115274.03000000009,11.65506744237891,0.08315754866843907,52.07893871671098
2025-10-14,113259.9999999999,11.637441339667795,-0.08967413626029734,47.75814659349257
2025-10-15,110794.25999999998,11.61543024689924,-0.8252412788358179,29.368968029104554
